ring,year,site,box,age,sex,wing,tarsus,mass,date,time,ringer,season,history,notes,catching
Z632906,2015,ALN,3,6,F,59,,10.63,161,13:45,IBC,spring,0,,
Z632905,2015,ALN,3,6,M,66,,10.61,161,13:45,IBC,spring,0,,
Z632133,2015,ALN,4,6,F,62,,10.19,151,,JDS,spring,0,,
Z632134,2015,ALN,4,6,M,68,,11.88,151,,JDS,spring,0,,
Z632769,2015,ALN,5,5,F,63,,11.43,157,16:00,JDS,spring,0,,
Z632770,2015,ALN,5,5,M,65,,10.53,157,16:00,JDS,spring,0,replacement moulting left wing feathers (in field obs),
Z632133,2016,ALN,2,6,F,63,,10.28,140,15:30,JDS,spring,1,ALN4 6F last year,
Z632838,2016,ALN,5,6,F,64,,10.72,148,16:30,JDS,spring,0,,
Z632855,2016,ALN,6,6,F,60,,10.19,156,14:10,IBC,spring,0,,
Z632856,2016,ALN,6,6,M,65,,10.51,156,14:10,IBC,spring,0,,
S921329,2017,ALN,4,6,F,62,,10.12,155,18:00,TB,spring,0,,
Z632770,2017,ALN,4,6,M,65,,10.44,158,11:00,TB,spring,1,,
S921574,2017,ALN,6,6,F,62,,10.7,159,15:38,KM,spring,0,,
S921575,2017,ALN,6,5,M,65,,10.34,159,15:38,KM,spring,0,,
S228402,2017,ALN,8,5,M,62,,9.46,155,17:35,KK,spring,1,recruit from ALN in 2016  - but marked as dead!,
S921329,2018,ALN,2,6,F,61,,10.43,155,15:39,DAP,spring,1,ALN4 in 2017,
Z632770,2018,ALN,2,6,M,67,,10.68,150,12:10,DAP,spring,1,,
S921652,2018,ALN,4,4,F,59,,9.32,145,17:05,KM,spring,0,,
S921653,2018,ALN,4,5,M,65,,10.52,145,17:45,KM,spring,0,,
AHD7969,2018,ALN,5,6,F,62,,11.29,161,17:43,KM,spring,0,,
AHD7968,2018,ALN,5,5,M,65,,10.54,161,17:43,KM,spring,0,,
AHD7967,2018,ALN,6,5,F,61,,10.64,161,17:35,KM,spring,0,,
AHD7966,2018,ALN,6,6,M,66,,10.59,161,17:35,KM,spring,0,,
AHD7678,2018,ALN,8,5,F,60,,9.84,153,15:35,KM,spring,0,,
S228402,2018,ALN,8,6,M,65,,10.31,153,15:35,KM,spring,1,Still resurrected in ALN8,
S921329,2019,ALN,2,6,F,62,17.61,10.88,143,17:50,KM,spring,1,,
S921653,2019,ALN,2,6,M,66,18.32,10.25,143,17:20,KM,spring,1,,
S921574,2019,ALN,3,6,F,62,17.38,10.71,147,16:30,KK,spring,1,,
ARD7235,2019,ALN,3,6,M,68,17.67,11.38,147,16:30,KK,spring,0,,
ARD7731,2019,ALN,4,5,F,63,17.3,10.29,152,09:35,KM,spring,0,,
ARD7732,2019,ALN,4,5,M,63,18.38,10.17,152,09:35,KM,spring,0,,
AHD7791,2019,ALN,6,5,F,63,18,10.71,147,16:31,JC,spring,1,,
S228402,2019,ALN,6,6,M,65,16.7,10,149,14:30,JMS,spring,1,,
ARD7731,2020,ALN,2,6,F,63,,10.02,153,12:53,ABP,spring,1,,net
S921653,2020,ALN,2,6,M,65,,10.01,153,12:53,ABP,spring,1,,net
S921574,2020,ALN,3,6,F,62,,10.24,153,13:16,ABP,spring,1,,net
AXH8043,2020,ALN,3,6,M,67,,11.29,153,13:16,ABP,spring,0,,net
AXH7116,2020,ALN,4,5,F,63,,10.86,153,12:08,KM,spring,1,,
ARD7732,2020,ALN,4,6,M,64,,10.35,153,12:08,KM,spring,1,,
AXH9322,2020,ALN,5,5,F,63,,9.83,153,12:31,KM,spring,0,,
AXH9331,2020,ALN,6,6,F,62,,10.05,153,13:18,KM,spring,0,,
S228402,2020,ALN,6,6,M,65,,10.35,153,13:18,KM,spring,1,,
AXH9330,2020,ALN,8,6,F,64,,11.26,153,12:58,KM,spring,0,,
AXH7116,2021,ALN,1,6,F,64,,11,154,14:27,ABP,spring,1,,
ARD7732,2021,ALN,1,6,M,65,,10.2,154,14:27,ABP,spring,1,,
ARD7731,2021,ALN,2,6,F,63,,10.42,154,14:15,ABP,spring,1,,net
ARD7974,2021,ALN,2,6,M,65,,10.25,154,14:15,ABP,spring,1,,net
AXH8619,2021,ALN,3,5,F,64,,9.96,164,10:13,EAM,spring,0,,
AXH8618,2021,ALN,3,5,M,66,,11.01,164,10:13,EAM,spring,0,,
AXH9322,2021,ALN,5,6,F,64,,9.27,164,11:10,EAM,spring,1,,
ARD7974,2021,ALN,5,6,M,66,,10.08,164,11:10,KM,spring,1,,net
AXH8569,2021,ALN,7,6,F,66,,9.74,164,10:45,KM,spring,0,,
AXH8568,2021,ALN,7,5,M,63,,9.77,164,10:45,KM,spring,0,,
AXH9331,2021,ALN,8,6,F,62,,9.69,154,14:43,JMS,spring,1,,
Z632861,2016,ART,1,5,F,60,,10.87,157,11:45,IBC,spring,0,,
Z632862,2016,ART,1,6,M,65,,10.74,157,11:45,IBC,spring,0,,
Z632888,2016,ART,2,6,F,64,,10.42,160,16:50,JDS,spring,0,,
Z632889,2016,ART,2,6,M,68,,10.85,160,16:50,JDS,spring,0,,
Z632878,2016,ART,3,5,F,64,,10.79,154,13:30,JDS,spring,0,,
Z632879,2016,ART,3,6,M,65,,9.88,154,13:30,JDS,spring,0,,
Z632880,2016,ART,6,6,F,64,,10.42,154,13:50,JDS,spring,0,,
Z632881,2016,ART,6,6,M,63,,10.12,154,13:50,JDS,spring,0,,
Z632861,2017,ART,1,6,F,62,,11.05,153,14:19,KM,spring,1,,
Z632862,2017,ART,1,6,M,66,,11.51,153,14:19,KM,spring,1,,
S922566,2017,ART,2,5,F,61,,10.82,153,14:37,KM,spring,0,,
S922565,2017,ART,2,5,M,65,,10.45,153,14:37,KM,spring,0,,
S922127,2017,ART,3,6,M,67,,10.57,147,14:00,JDS,spring,0,,
S922509,2017,ART,4,6,F,65,,11.75,149,15:20,JDS,spring,0,,
S922508,2017,ART,4,6,M,66,,11.21,149,15:20,JDS,spring,0,,
S922568,2017,ART,5,5,F,63,,11.17,153,15:04,KM,spring,0,,
S922567,2017,ART,5,5,M,64,,10.39,153,15:04,KM,spring,0,,
Z632880,2017,ART,8,6,F,64,,10.77,149,16:17,KM,spring,1,,
Z632881,2017,ART,8,6,M,63,,10.62,149,16:17,KM,spring,1,,
AHD7094,2018,ART,1,6,F,61,,10.15,155,15:15,DAP,spring,0,,
Z632862,2018,ART,1,6,M,66,,11.41,155,14:15,DAP,spring,1,,
AHD7121,2018,ART,2,5,F,60,,10.91,151,14:50,JMS,spring,0,,
AHD7122,2018,ART,2,6,M,66,,11.18,151,14:53,JMS,spring,0,,
S922509,2018,ART,3,6,F,65,,11.88,149,13:00,DAP,spring,1,,
AHD7003,2018,ART,3,6,M,64,,10.18,149,13:00,DAP,spring,0,,
AHD7001,2018,ART,4,5,F,61,,9.88,149,13:00,DAP,spring,0,,
AHD7002,2018,ART,4,5,M,64,,11.71,149,13:00,DAP,spring,0,,
S922568,2018,ART,5,6,F,62,,11.17,147,13:30,DAP,spring,1,,
S922567,2018,ART,5,6,M,65,,10.36,147,13:30,DAP,spring,1,,
AHD7131,2018,ART,7,6,F,59,,10.43,151,15:11,JMS,spring,0,,
AHD7132,2018,ART,7,6,M,66,,10.26,151,15:14,JMS,spring,0,,
ARD6316,2019,ART,1,5,M,66,19,10.77,139,14:20,KK,spring,0,,
ARD6264,2019,ART,2,5,F,61,17,11.4,139,14:40,KK,spring,0,,
S922127,2019,ART,2,6,M,64,17.9,10.53,139,14:40,KK,spring,1,,
ARD6297,2019,ART,3,5,F,63,17.79,10.54,141,16:30,KM,spring,0,,
ARD6296,2019,ART,3,5,M,65,16.22,9.65,141,16:30,KM,spring,0,,
S922568,2019,ART,4,6,F,63,17.48,11.3,141,16:10,KM,spring,1,,
ARD6295,2019,ART,4,5,M,66,18.3,10.43,141,16:10,KM,spring,0,,
ARD6656,2019,ART,5,6,F,64,16.7,10.22,149,12:16,JMS,spring,0,,
ARD6655,2019,ART,5,5,M,63,16.8,10.4,149,12:13,JMS,spring,0,,
ARD6300,2019,ART,6,5,M,65,18.65,9.74,143,12:30,KM,spring,0,,
ARD7957,2019,ART,8,5,F,64,17.57,10.55,143,12:50,KM,spring,0,,
ARD7956,2019,ART,8,6,M,66,17,9.92,143,12:50,KM,spring,0,,
ARD6297,2020,ART,3,6,F,65,,10.6,153,14:42,ABP,spring,1,,net
AXH8044,2020,ART,4,5,F,62,,10.52,153,15:04,ABP,spring,0,,net
ARD6300,2020,ART,4,6,M,65,,10.56,153,15:04,ABP,spring,1,,net
ARD7957,2020,ART,7,6,F,63,,11.27,153,15:23,ABP,spring,1,"entered as ARD7597, but based on data entry must be ARD7957",
ARD7956,2020,ART,7,6,M,64,,10.8,153,15:23,ABP,spring,1,"entered as ARD7596, but based on data entry must be ARD7956",
AXH7122,2020,ART,8,5,F,63,,10.95,153,15:40,KM,spring,1,,
AXH9547,2021,ART,1,5,F,63,,11.15,149,15:15,EAM,spring,0,,
AXH9548,2021,ART,1,5,M,65,,10.39,149,15:15,EAM,spring,0,,
AXH9558,2021,ART,2,6,F,62,,10.56,151,11:53,EAM,spring,0,,
AXH9557,2021,ART,2,6,M,67,,11.31,151,11:53,EAM,spring,0,,
AXH9810,2021,ART,4,5,F,62,,10.66,155,12:45,SEL,spring,0,,
AXH9809,2021,ART,4,6,M,65,,10.6,155,12:40,SEL,spring,0,,
AXH8530,2021,ART,5,5,F,63,,10.05,159,09:10,KM,spring,0,,
AXH7121,2021,ART,6,6,F,62,,11.52,157,09:20,SEL,spring,1,,
AXH9827,2021,ART,6,5,M,64,,11.59,157,09:20,SEL,spring,0,,
AXH7122,2021,ART,8,6,F,64,,11.06,153,11:35,KM,spring,1,,
ARD7956,2021,ART,8,6,M,66,,10.46,153,11:35,KM,spring,1,,
Z081164,2014,AVI,1,6,F,60,,10.9,149,,ABP,spring,0,,
Z081165,2014,AVI,1,6,M,68,,11.7,149,,ABP,spring,0,,
Z632115,2015,AVI,2,5,F,63,,10.53,151,,JDS,spring,0,,
D408219,2015,AVI,2,5,M,67,,11.12,151,,JDS,spring,1,,
Z081312,2015,AVI,3,5,F,60,,9.68,153,09:55,IBC,spring,1,,
Z632747,2015,AVI,5,5,F,62,,11.19,157,11:00,JDS,spring,0,,
Z632748,2015,AVI,5,5,M,65,,11.08,157,11:00,JDS,spring,0,,
Z632324,2015,AVI,6,5,F,60,,9.95,159,09:50,IBC,spring,0,,
Z081312,2016,AVI,3,6,F,61,,9.98,161,19:20,ABP,spring,1,,
S228854,2016,AVI,6,6,F,64,,10.91,168,12:20,JDS,spring,0,,
S228853,2016,AVI,6,6,M,69,,11.03,168,12:20,JDS,spring,0,,
S921350,2017,AVI,4,5,F,62,,10.51,157,09:10,TB,spring,0,"wings wet, hard to age",
S921351,2017,AVI,4,5,M,66,,10.57,157,09:14,TB,spring,0,"wings wet, hard to age",
Z632747,2017,AVI,6,6,F,64,,11.45,163,11:47,KM,spring,1,,
S228853,2017,AVI,6,6,M,67,,11.22,161,10:50,KM,spring,1,,
S921316,2017,AVI,7,5,F,61,,10.58,155,10:25,KK,spring,0,,
S921315,2017,AVI,7,5,M,61,,10.03,155,10:25,KK,spring,0,,
AHD7085,2018,AVI,2,6,F,63,,10.5,155,10:36,DAP,spring,0,,
AHD7086,2018,AVI,2,6,M,68,,10.85,155,11:36,DAP,spring,0,,
S921731,2018,AVI,3,5,F,63,,11.15,148,13:45,JB,spring,0,,
S921488,2018,AVI,3,5,M,63,,10.08,148,13:50,JB,spring,0,,
S921350,2018,AVI,5,6,F,65,,10.17,155,10:48,JB,spring,1,AVI4 in 2017,
S921350,2018,AVI,5,6,F,62,,10.02,160,10:36,JMS,spring,1,"was entered as SQ21350, but this isn't  BTO ringnumber whereas S921350 bred at AVI last year.",
AHD7320,2018,AVI,6,5,M,64,,11.07,157,09:00,JB,spring,0,"First recorded as F by JB, JMS said M",
AHD7801,2018,AVI,6,5,F,60,,10.72,159,09:51,JMS,spring,0,,
AHD7085,2019,AVI,1,6,F,63,17.98,10.21,155,10:05,KM,spring,1,,
AHD7086,2019,AVI,1,6,M,68,18.69,10.59,155,10:05,KM,spring,1,,
S921731,2019,AVI,4,6,F,64,17.22,10.75,151,09:00,KM,spring,1,,
S921488,2019,AVI,4,6,M,65,17.13,10.04,151,09:00,KM,spring,1,,
Z632324,2019,AVI,5,6,F,63,17.42,9.86,151,09:05,KM,spring,1,,
ARD6689,2019,AVI,5,5,M,65,17.84,9.67,151,09:05,KM,spring,0,changed from history 1 to 0,
AHD7767,2019,AVI,6,6,F,61,16.7,10.09,159,11:09,JMS,spring,1,,
ARD7391,2019,AVI,6,5,M,65,17.1,10.52,159,11:06,JMS,spring,0,,
S921316,2019,AVI,8,6,F,61,16.45,10.63,159,10:45,JMS,spring,1,,
AHD7764,2019,AVI,8,5,M,64,18.05,11.17,153,11:30,KK,spring,1,,
AHD7085,2020,AVI,2,6,F,63,,10.33,159,12:19,KM,spring,1,,
AXH9438,2020,AVI,2,5,M,64,,10.2,159,12:19,KM,spring,0,,
S921350,2020,AVI,4,6,F,64,,10.38,164,11:12,ABP,spring,1,,net
AXH9434,2020,AVI,6,5,F,62,,10.29,159,11:50,KM,spring,0,,
AXH9426,2020,AVI,7,6,F,63,,10.63,159,11:05,KM,spring,0,,
AXH9427,2020,AVI,7,6,M,66,,11.28,159,11:05,KM,spring,0,,
AXH9594,2021,AVI,1,6,F,63,,10.85,153,17:22,EAM,spring,0,,
AXH9438,2021,AVI,1,6,M,66,,10.57,153,17:22,EAM,spring,1,,
S921731,2021,AVI,3,6,F,64,,10.93,161,09:38,EAM,spring,1,,
AXH8987,2021,AVI,3,6,M,67,,10.63,161,09:38,EAM,spring,0,,
AXH9595,2021,AVI,5,5,F,62,,9.64,153,18:02,EAM,spring,0,,
ARD6696,2021,AVI,5,6,M,66,,9.88,154,11:05,KM,spring,1,,
AXH9434,2021,AVI,6,6,F,63,,10.98,147,09:46,SEL,spring,1,,
ARD7391,2021,AVI,6,6,M,66,,10.6,147,09:30,SEL,spring,1,,
Z632767,2015,AVN,1,6,F,61,,10.33,157,13:30,JDS,spring,0,,
Z632713,2015,AVN,2,6,F,61,,11.34,155,,JDS,spring,0,,
Z632714,2015,AVN,2,5,M,65,,11.28,155,,JDS,spring,0,,
Z632326,2015,AVN,3,6,F,61,,10.98,159,11:00,IBC,spring,0,,
Z632400,2015,AVN,3,6,M,63,,10.85,159,11:00,IBC,spring,0,,
Z632903,2015,AVN,4,5,F,59,,10.37,161,10:35,IBC,spring,0,,
Z632766,2015,AVN,4,5,M,64,,10.44,157,13:00,JDS,spring,0,,
Z632902,2015,AVN,5,5,F,62,,11.1,161,10:00,IBC,spring,0,,
Z632901,2015,AVN,5,5,M,62,,11.29,161,10:00,IBC,spring,0,,
Z632981,2016,AVN,1,6,F,61,,11.36,161,20:00,ABP,spring,0,,
Z632896,2016,AVN,1,6,M,66,,10.58,162,11:10,JDS,spring,0,,
Z632898,2016,AVN,3,5,M,66,,10.61,163,14:00,JDS,spring,0,,
Z632903,2016,AVN,4,6,F,61,,9.94,162,11:00,JDS,spring,1,,
Z632895,2016,AVN,4,5,M,64,,10.66,162,11:00,JDS,spring,0,,
Z632902,2016,AVN,5,6,F,66,,11.57,161,16:20,JDS,spring,1,,
Z632892,2016,AVN,5,5,M,65,,10.88,161,16:20,JDS,spring,0,,
Z632893,2016,AVN,6,6,F,62,,10.13,162,10:30,JDS,spring,0,,
Z632894,2016,AVN,6,5,M,65,,10.47,162,10:30,JDS,spring,0,,
S922687,2017,AVN,2,6,F,63,,9.84,152,15:40,KM,spring,0,,
S921352,2017,AVN,2,5,M,65,,10.46,157,10:25,TB,spring,0,,
S922775,2017,AVN,3,6,F,65,,11.24,152,19:45,ABP,spring,0,,
Z632898,2017,AVN,3,6,M,66,,11.37,152,19:45,ABP,spring,1,ringed at same in 2016,
S922099,2017,AVN,4,5,F,61,,9.89,148,15:00,KK,spring,0,,
Z632895,2017,AVN,4,6,M,64,,11.14,152,20:15,ABP,spring,1,ringed at same in 2016,
Z632902,2017,AVN,5,6,F,66,,11.28,152,20:30,ABP,spring,1,,
S921537,2017,AVN,5,5,M,66,,10.84,157,10:20,KK,spring,0,,
S922633,2017,AVN,6,6,F,62,,10.18,151,10:03,KM,spring,0,,
Z632894,2017,AVN,6,6,M,65,,9.99,151,10:03,KM,spring,1,,
S921531,2017,AVN,7,5,F,62,,10.83,156,13:00,KK,spring,0,,
S921530,2017,AVN,7,5,M,66,,10.48,156,13:00,KK,spring,0,,
AHD7972,2018,AVN,1,5,F,61,,11.11,162,14:15,KM,spring,0,,
S921352,2018,AVN,1,6,M,66,,10.76,162,14:15,KM,spring,1,AVN2 in 2017,
AHD7974,2018,AVN,2,5,F,64,,11.62,162,14:25,KM,spring,0,,
AHD7973,2018,AVN,2,5,M,65,,11.27,162,14:25,KM,spring,0,,
AHD7120,2018,AVN,4,5,F,61,,9.87,151,12:15,JMS,spring,0,,
Z632895,2018,AVN,4,6,M,65,,10.86,151,12:10,JMS,spring,1,,
Z632902,2018,AVN,5,6,F,67,,11.36,156,15:00,JB,spring,1,,
S921537,2018,AVN,5,6,M,66,,10.47,150,14:39,DAP,spring,1,AVN5 in 2017,
AHD7364,2018,AVN,6,5,F,64,,10.77,158,14:00,JB,spring,0,,
Z632892,2018,AVN,6,6,M,65,,11.01,158,14:00,JB,spring,1,,
AHD7351,2018,AVN,7,5,F,62,,10.28,158,13:40,JB,spring,0,,
AHD7350,2018,AVN,7,5,M,65,,10.31,158,13:40,JB,spring,0,,
ARD7736,2019,AVN,1,5,F,61,16.63,9.82,152,13:50,KM,spring,0,,
S921352,2019,AVN,1,6,M,66,18.44,11.32,152,13:50,KM,spring,1,,
AHD7974,2019,AVN,2,6,F,65,17.85,11.74,166,14:10,KM,spring,1,,
S922956,2019,AVN,2,5,M,64,18.41,11.62,166,14:10,KM,spring,1,,
ARD7784,2019,AVN,3,4,F,62,17.06,11.63,154,14:10,KK,spring,0,,
ARD7783,2019,AVN,3,5,M,64,17.23,10.56,154,14:10,KK,spring,0,,
ARD7392,2019,AVN,4,5,F,62,16.6,11.05,161,10:53,JMS,spring,0,,
Z632902,2019,AVN,5,6,F,66,15.71,11.12,147,09:33,JC,spring,1,,
ARD7310,2019,AVN,5,6,M,66,16.78,10.8,147,09:33,JC,spring,0,,
ARD7737,2019,AVN,6,5,F,62,16.22,9.81,152,14:25,KM,spring,0,,
Z632894,2019,AVN,6,6,M,67,17.93,10.48,152,14:25,KM,spring,1,,
ARD7087,2020,AVN,3,5,F,62,,11.1,159,12:21,ABP,spring,1,,net
S921530,2020,AVN,3,6,M,65,,10.78,159,12:21,ABP,spring,1,,net
AXH8165,2020,AVN,4,5,F,62,,10.56,159,12:44,ABP,spring,0,,net
AHD7350,2020,AVN,4,6,M,68,,10.27,159,12:44,ABP,spring,1,,net
AXH9419,2020,AVN,5,5,F,62,,10.08,159,10:38,KM,spring,0,,
ARD7310,2020,AVN,5,6,M,66,,10.78,159,10:38,KM,spring,1,,
AXH8166,2020,AVN,6,6,F,64,,10.72,159,13:02,ABP,spring,0,,net
Z632894,2020,AVN,6,6,M,66,,10.72,159,13:02,ABP,spring,1,,net
AHD7974,2020,AVN,7,6,F,64,,12.11,159,09:23,KM,spring,1,,
AXH9396,2020,AVN,7,5,M,65,,10.43,159,09:23,KM,spring,0,,
AXH9405,2020,AVN,8,6,F,64,,10.53,159,09:54,KM,spring,0,,
AHD7404,2020,AVN,8,6,M,64,,10.72,159,09:54,KM,spring,1,,
AXH9807,2021,AVN,2,5,F,62,,10.7,155,09:25,SEL,spring,0,,
AXH9806,2021,AVN,2,6,M,66,,10.19,155,09:18,SEL,spring,0,,
ARD7087,2021,AVN,3,6,F,64,,11.05,155,09:25,KM,spring,1,,
AXH9692,2021,AVN,3,6,M,66,,10.23,155,09:25,KM,spring,0,,
AXH8535,2021,AVN,4,6,F,63,,11.43,159,16:15,KM,spring,0,,
AXH8536,2021,AVN,4,6,M,66,,11.09,159,16:15,KM,spring,0,,
AXH9829,2021,AVN,6,5,F,64,,10.71,157,15:30,SEL,spring,0,,
AXH8673,2021,AVN,8,6,F,65,,10.72,171,16:01,EAM,spring,0,,
AHD7404,2021,AVN,8,6,M,65,,11.35,171,16:01,EAM,spring,1,,
Z081143,2014,BAD,1,5,M,66,,10.9,146,,ABP,spring,0,,
Z081146,2014,BAD,3,6,F,62,,,148,,ABP,spring,0,,
Z081147,2014,BAD,3,5,M,63,,10.8,148,,ABP,spring,0,,
Z081069,2014,BAD,5,5,F,,,,142,,ABP,spring,0,,
Z081068,2014,BAD,5,6,M,,,,142,,ABP,spring,0,,
Z632546,2015,BAD,1,6,F,62,,11.49,154,,ABP,spring,0,,
Z081002,2015,BAD,1,5,M,65,,10.44,154,,ABP,spring,1,,
Z632558,2015,BAD,2,5,F,62,,10.35,156,,ABP,spring,0,,
Z632559,2015,BAD,2,5,M,65,,11.19,156,,ABP,spring,0,,
Z632638,2015,BAD,3,5,F,63,,11.05,158,09:30,ABP,spring,0,,
Z632637,2015,BAD,3,5,M,65,,10.16,158,09:30,ABP,spring,0,,
Z632550,2015,BAD,4,5,F,62,,11.38,156,,ABP,spring,0,,
Z081147,2015,BAD,4,6,M,64,,10.94,156,,ABP,spring,1,,
Z632551,2015,BAD,5,5,F,63,,12.46,156,,ABP,spring,0,,
Z081068,2015,BAD,5,6,M,67,,10.5,158,10:00,ABP,spring,1,,
Z632546,2016,BAD,1,6,F,62,,10.85,154,15:30,ABP,spring,1,,
Z632637,2016,BAD,1,6,M,66,,10.47,154,15:30,ABP,spring,1,,
Z632638,2016,BAD,3,6,F,,,,151,11:50,ABP,spring,1,same box as 2015,
Z632991,2016,BAD,3,6,M,65,,10.95,162,16:30,ABP,spring,0,,
Z632550,2016,BAD,4,6,F,,,10.84,162,16:45,ABP,spring,1,,
Z081130,2016,BAD,4,6,M,66,,11.17,161,09:00,ABP,spring,1,,
Z632399,2016,BAD,6,5,F,62,,,154,15:53,ABP,spring,0,,
S922883,2017,BAD,1,5,F,63,,11.74,148,12:41,ABP,spring,0,,
S922884,2017,BAD,1,5,M,66,,10.85,148,12:41,ABP,spring,0,,
Z632638,2017,BAD,3,6,F,64,,10.51,151,07:50,ABP,spring,1,"Incorrectly entered as BAD2.was entered as Z632368, but this was a bird from STY. 638 was a bird that bred at BAD3 last year.",
Z081130,2017,BAD,3,6,M,66,,11.28,151,07:50,ABP,spring,1,Incorretly entered as BAD2,
S922712,2017,BAD,5,6,F,63,,10.51,151,08:20,ABP,spring,1,,
Z081147,2017,BAD,5,6,M,64,,10.68,151,08:20,ABP,spring,1,,
S922713,2017,BAD,6,5,F,65,,11.08,151,08:40,ABP,spring,0,,
S922714,2017,BAD,6,6,M,66,,11.06,151,08:40,ABP,spring,0,,
S922883,2018,BAD,1,6,F,65,,10.47,159,09:11,ABP,spring,1,Same nestbox and pair last year,
S922884,2018,BAD,1,6,M,68,,11.03,159,09:11,ABP,spring,1,Same nestbox and pair last year,
AHD7577,2018,BAD,3,5,F,61,,11.26,154,08:04,ABP,spring,0,,
AHD7577,2018,BAD,3,5,F,60,,11.95,155,19:15,JMS,spring,1,,
S922848,2018,BAD,3,5,M,66,,11.09,154,08:04,ABP,spring,1,polygamous male - also at BAD4,
Z632638,2018,BAD,4,6,F,65,,10.89,153,08:40,ABP,spring,1,,
S922848,2018,BAD,4,5,M,66,,11.6,151,20:14,DAP,spring,1,nestling at BAD6 in 2017,
S922712,2018,BAD,5,6,F,62,,10.81,159,09:50,ABP,spring,1,Same nestbox last year,
Z081130,2018,BAD,5,6,M,67,,11.86,161,09:47,ABP,spring,1,polygynous. Also at BAD6. Measurements copied from above.,
S922713,2018,BAD,6,6,F,65,,10.9,159,11:00,ABP,spring,1,Same nestbox last year,
Z081130,2018,BAD,6,6,M,67,,11.86,161,09:00,ABP,spring,1,a recruit. Was a chick in 2014,
AHD7999,2019,BAD,1,6,F,62,17.56,10.61,157,17:55,KM,spring,1,,
S922884,2019,BAD,1,6,M,68,18.53,11.06,157,17:55,KM,spring,1,,
AHD7577,2019,BAD,4,6,F,63,16.87,11.4,145,09:00,ABP,spring,1,,
S922848,2019,BAD,4,6,M,69,17.66,10.96,147,08:43,ABP,spring,1,,
ARD6785,2019,BAD,5,6,F,62,16.47,10.35,149,09:18,ABP,spring,0,,
Z081130,2019,BAD,5,6,M,66,18.33,11.24,145,10:55,ABP,spring,1,,
AXH7420,2020,BAD,1,5,F,63,,11.27,150,11:20,ABP,spring,0,,
S922884,2020,BAD,1,6,M,67,,10.7,150,11:20,ABP,spring,1,,
AXH8062,2020,BAD,2,6,F,65,,10.69,156,08:04,ABP,spring,0,,
AXH7209,2020,BAD,2,5,M,64,,10.58,156,08:04,ABP,spring,1,,
AHD7577,2020,BAD,4,6,F,62,,11.68,154,15:54,ABP,spring,1,,
S922848,2020,BAD,4,6,M,68,,11.39,154,15:54,ABP,spring,1,,
AXH9489,2020,BAD,5,5,F,64,,10.47,160,09:05,KM,spring,0,,
Z081130,2020,BAD,5,6,M,67,,11.03,160,09:05,KM,spring,1,,
AXH7911,2021,BAD,1,6,F,61,,11.28,155,09:53,ABP,spring,0,,
S922884,2021,BAD,1,6,M,67,,10.72,155,09:53,ABP,spring,1,,
AXH8062,2021,BAD,3,6,F,65,,10.95,159,09:32,JMS,spring,1,,
AXH7208,2021,BAD,3,6,M,65,,10.51,157,10:29,JMS,spring,1,,
AXH7800,2021,BAD,4,6,F,63,,11.45,159,09:43,JMS,spring,0,,
AXH7799,2021,BAD,4,6,M,66,,10.24,159,09:41,JMS,spring,0,,
_APR7301,2021,BAD,5,5,F,62,,11.33,159,09:50,JMS,spring,0,,
AXH7983,2021,BAD,5,6,M,66,,10.39,167,09:26,ABP,spring,0,,net
AXH9489,2021,BAD,6,6,F,65,,10.7,161,11:06,ABP,spring,1,,
AXH7973,2021,BAD,6,5,M,64,,10.12,161,11:06,ABP,spring,0,,
Z081654,2014,BIR,2,6,F,62,,11.4,151,,ABP,spring,0,,
Z081651,2014,BIR,2,6,M,64,,10.8,151,,ABP,spring,0,,
Z081652,2014,BIR,4,5,F,60,,10.1,151,,ABP,spring,0,,
Z081653,2014,BIR,4,5,M,66,,10.4,151,,ABP,spring,0,,
Z081586,2014,BIR,6,5,M,66,,11.25,155,,JDS,spring,0,,
Z632571,2015,BIR,2,5,F,60,,10.36,156,,ABP,spring,0,,
Z632570,2015,BIR,2,5,M,63,,10.88,156,,ABP,spring,0,,
Z632653,2015,BIR,3,5,F,60,,11.26,160,12:50,ABP,spring,0,,
Z081653,2015,BIR,3,6,M,68,,10.57,161,11:00,ABP,spring,1,,
Z081652,2015,BIR,4,6,F,62,,10,163,15:00,ABP,spring,1,,
Z632372,2015,BIR,4,5,M,67,,10.4,163,15:00,ABP,spring,0,,
Z632359,2015,BIR,5,5,F,62,,10.72,161,11:00,ABP,spring,0,,
Z632361,2015,BIR,6,5,F,62,,11.78,161,11:30,ABP,spring,0,,
Z632360,2015,BIR,6,5,M,65,,10.32,161,11:30,ABP,spring,0,,
Z632571,2016,BIR,1,6,F,60,,9.95,155,12:20,IBC,spring,1,,
Z632653,2016,BIR,3,6,F,60,,10.95,157,11:40,ABP,spring,1,,
Z632963,2016,BIR,3,6,M,65,,11.03,157,11:40,ABP,spring,0,,
Z632852,2016,BIR,4,6,F,59,,10.88,155,11:55,IBC,spring,0,,
Z632851,2016,BIR,4,5,M,61,,9.95,155,11:55,IBC,spring,0,,
Z632653,2017,BIR,1,6,F,61,,10.72,149,08:30,ABP,spring,1,,
S921212,2017,BIR,2,5,F,61,,10.36,154,14:40,KK,spring,0,,
S921213,2017,BIR,2,5,M,61,,10.65,154,14:40,TB,spring,0,,
S921227,2017,BIR,6,5,F,60,,9.94,158,13:27,KM,spring,0,,
S922908,2017,BIR,6,6,M,65,,10.46,156,12:40,ABP,spring,0,,
AHD7922,2018,BIR,2,5,F,62,,10.91,158,11:28,JMS,spring,0,,
AHD7921,2018,BIR,2,5,M,64,,9.9,158,11:25,JMS,spring,0,,
AHD7960,2018,BIR,4,6,F,62,,9.79,160,15:00,KM,spring,0,,
S921212,2018,BIR,5,6,F,63,,11.64,154,15:07,JMS,spring,1,BIR5 in 2017,
AHD7251,2018,BIR,5,5,M,64,,9.91,154,15:10,JMS,spring,0,,
S921227,2018,BIR,7,6,F,63,,10.29,156,12:00,KM,spring,1,BIR6 in 2017,
S922908,2018,BIR,7,6,M,65,,10.79,156,12:00,KM,spring,1,,
S921212,2019,BIR,1,6,F,64,17.24,11.26,154,15:20,JC,spring,1,,
AHD7921,2019,BIR,1,6,M,65,17.13,10.57,154,15:20,JC,spring,1,,
ARD6951,2019,BIR,2,5,F,62,16.9,11.25,142,15:00,JMS,spring,0,,
ARD6952,2019,BIR,2,5,M,65,17.2,9.84,142,15:05,JMS,spring,0,,
ARD6628,2019,BIR,7,5,F,60,16.4,10.85,148,12:42,JMS,spring,0,,
S922908,2019,BIR,7,6,M,69,17.2,10.33,148,12:45,JMS,spring,1,,
AXH9393,2020,BIR,1,5,F,64,,9.42,158,08:55,KM,spring,0,,
AHD7921,2020,BIR,2,6,M,66,,10.06,156,13:00,KM,spring,1,,
AXH8055,2020,BIR,3,6,F,61,,10.12,154,08:34,ABP,spring,0,,net
ARD6952,2020,BIR,3,6,M,66,,9.79,154,08:34,ABP,spring,1,,net
ARD6628,2020,BIR,7,6,F,62,,10.69,154,09:06,ABP,spring,1,entered as ARD6828 but that would be a KCK nestling,
S922908,2020,BIR,7,6,M,65,,10.49,154,09:06,ABP,spring,1,,
AXH7952,2021,BIR,1,5,F,63,,10.31,157,07:25,ABP,spring,0,,
AXH7951,2021,BIR,1,5,M,63,,11.03,157,07:25,ABP,spring,0,,
AXH7960,2021,BIR,2,5,F,63,,10.41,159,07:51,ABP,spring,0,,
AXH7951,2021,BIR,2,5,M,63,,10.69,163,07:05,ABP,spring,1,,net
AXH7950,2021,BIR,3,6,F,63,,10.09,157,07:11,ABP,spring,0,,
AXH7765,2021,BIR,3,6,M,64,,10,155,09:54,JMS,spring,0,,
AXH7963,2021,BIR,8,5,F,61,,10.91,159,08:35,ABP,spring,0,,
AXH7962,2021,BIR,8,5,M,63,,10.22,159,08:35,ABP,spring,0,,
Z081720,2014,BLA,3,5,F,60,,9.74,158,,ABP,spring,0,,
Z081656,2014,BLA,4,5,F,60,,10.7,151,,ABP,spring,0,,
Z081655,2014,BLA,4,6,M,65,,11.2,151,,ABP,spring,0,,
Z081718,2014,BLA,6,5,F,60,,10.27,158,,ABP,spring,0,,
Z081719,2014,BLA,6,6,M,66,,,158,,ABP,spring,0,,
Z632684,2015,BLA,1,5,M,65,,10.19,160,16:00,ABP,spring,0,,
Z632801,2015,BLA,2,5,F,62,,11.02,162,14:30,JDS,spring,0,,
Z632802,2015,BLA,2,5,M,65,,10.49,162,14:30,JDS,spring,0,,
Z632682,2015,BLA,4,5,F,60,,10.08,160,15:00,ABP,spring,0,,
Z632683,2015,BLA,4,5,M,65,,10.75,160,15:00,ABP,spring,0,,
Z632578,2015,BLA,5,5,F,61,,9.71,156,,ABP,spring,0,,
Z632577,2015,BLA,5,5,M,66,,10.22,156,,ABP,spring,0,,
Z632464,2015,BLA,6,5,M,65,,11.31,150,,ABP,spring,0,,
Z632801,2016,BLA,2,6,F,62,,10.76,163,10:20,IBC,spring,1,,
Z632683,2016,BLA,2,6,M,66,,10.32,163,10:20,IBC,spring,1,,
Z632973,2016,BLA,5,6,F,63,,10.62,161,14:10,ABP,spring,0,,
Z632974,2016,BLA,5,6,M,65,,10.72,161,14:10,ABP,spring,0,,
Z632975,2016,BLA,6,5,F,62,,10.58,161,14:40,ABP,spring,0,,
Z632577,2016,BLA,6,6,M,66,,10.39,161,14:40,ABP,spring,1,,
Z081720,2017,BLA,1,6,F,62,,10.41,156,14:25,ABP,spring,1,adult (5) at BLA3 in 2014,
Z632802,2017,BLA,1,6,M,66,,10.57,156,14:10,ABP,spring,1,,
S921215,2017,BLA,2,5,F,60,,10.66,154,17:30,KK,spring,0,,
S921216,2017,BLA,2,5,M,63,,9.98,154,17:30,KK,spring,0,,
S921215,2018,BLA,2,6,F,62,,10.7,158,17:01,JMS,spring,1,"BLA2 in 2017, same pair",
S921216,2018,BLA,2,6,M,64,,9.97,158,16:58,JMS,spring,1,"BLA2 in 2017, same pair",
Z632683,2018,BLA,4,6,M,65,,10.49,160,17:10,KM,spring,1,,
AHD7657,2018,BLA,6,4,F,63,,9.88,152,15:50,KM,spring,0,,
Z632577,2018,BLA,6,6,M,66,,10.72,154,18:17,JMS,spring,1,,
S921847,2018,BLA,8,5,F,62,,10.5,152,15:20,JB,spring,0,,
Z632802,2018,BLA,8,6,M,66,,11.94,150,18:30,KM,spring,1,,
S921215,2019,BLA,2,6,F,62,16.9,10.4,151,06:35,JMS,spring,1,,
S921216,2019,BLA,2,6,M,65,17.1,10.58,151,06:32,JMS,spring,1,,
Z632801,2019,BLA,4,6,F,62,17.4,11.5,166,16:16,MS,spring,1,,
AHD7657,2019,BLA,5,6,F,62,16.4,9.96,148,15:01,JMS,spring,1,changed from AHD7567 which is a LVN bird,
ARD7688,2019,BLA,6,5,F,61,16.4,10.61,164,14:11,KK,spring,0,,
AXH8224,2020,BLA,2,5,F,62,,11.01,162,12:00,ABP,spring,0,,net
AXH8208,2020,BLA,2,5,M,63,,10.4,160,10:40,ABP,spring,0,,
AXH7136,2020,BLA,5,5,F,64,,10.8,156,13:17,ABP,spring,1,,
S921216,2020,BLA,5,6,M,63,,11.1,156,13:17,ABP,spring,1,,
AXH9506,2020,BLA,6,6,F,63,,10.37,166,11:41,KM,spring,0,,
AHD7657,2020,BLA,7,6,F,61,,10.5,158,08:45,ABP,spring,1,,net
ARD7099,2020,BLA,7,5,M,65,,12.22,154,09:45,KM,spring,1,,
AXH8207,2020,BLA,8,6,F,63,,10.08,160,10:00,ABP,spring,0,,
AXH8206,2020,BLA,8,5,M,64,,10.58,160,10:00,ABP,spring,0,,
AXH8224,2021,BLA,2,6,F,,,,163,09:06,ABP,spring,1,"net, scales broken",net
AXH9869,2021,BLA,2,5,M,61,,10.4,161,14:00,SEL,spring,0,,
AXH8973,2021,BLA,3,5,F,62,,10.02,159,15:50,EAM,spring,0,,
AXH7974,2021,BLA,3,5,M,64,,10.36,163,09:22,ABP,spring,0,,net
S921216,2021,BLA,5,6,M,64,,10.5,163,09:46,ABP,spring,1,,net
S921216,2021,BLA,5,6,M,65,,10.36,159,15:30,EAM,spring,1,,
Z081801,2014,BLG,1,6,M,65,,11.45,155,,JDS,spring,0,,
Z081534,2014,BLG,2,6,F,63,,,151,,JDS,spring,0,,
Z081839,2014,BLG,3,6,F,61,,10.37,159,,JDS,spring,0,looks god awful,
Z081710,2014,BLG,5,6,F,63,,10.6,154,,ABP,spring,0,,
Z081711,2014,BLG,5,6,M,64.5,,10.7,154,,ABP,spring,0,,
Z081858,2014,BLG,6,5,F,59,,10.51,161,,JDS,spring,0,,
Z632925,2015,BLG,1,5,F,61,,10.58,164,13:30,IBC,spring,0,,
Z632188,2015,BLG,2,6,M,65,,11.17,154,,JDS,spring,0,,
Z632463,2015,BLG,3,5,F,62,,11.03,150,,ABP,spring,0,,
Z632462,2015,BLG,3,5,M,67,,11.66,150,,ABP,spring,0,,
Z081960,2015,BLG,4,5,M,64,,10.96,146,,IBC,spring,0,,
Z081858,2015,BLG,6,6,F,61,,10.75,148,,ABP,spring,1,,
Z632432,2015,BLG,6,6,M,65,,11.03,149,,ABP,spring,0,,
Z632925,2016,BLG,1,6,F,63,,10.14,161,12:20,ABP,spring,1,,
Z632972,2016,BLG,1,6,M,65,,9.77,161,12:20,ABP,spring,0,,
Z632463,2016,BLG,3,6,F,62,,10.72,156,07:30,ABP,spring,1,,
Z081954,2016,BLG,3,5,M,64,,11.01,155,14:00,IBC,spring,1,,
Z632992,2016,BLG,4,5,F,62,,10.79,165,10:46,ABP,spring,0,,
Z081711,2016,BLG,4,6,M,65,,11.74,165,10:46,ABP,spring,1,,
Z632950,2016,BLG,5,6,F,65,,11.11,156,07:35,ABP,spring,0,,
Z081960,2016,BLG,5,6,M,66,,,156,07:35,ABP,spring,1,,
Z632951,2016,BLG,6,5,F,61,,11.22,156,08:00,ABP,spring,0,,
Z632432,2016,BLG,6,6,M,64,,10.69,156,08:00,ABP,spring,1,,
S922823,2017,BLG,1,6,F,63,,10.46,146,14:00,ABP,spring,0,,
Z632972,2017,BLG,1,6,M,66,,10.46,146,14:00,ABP,spring,1,,
Z081955,2017,BLG,2,6,F,63,,11.45,138,14:30,ABP,spring,1,,
S229169,2017,BLG,2,5,M,66,,10.92,138,14:30,ABP,spring,0,,
Z632463,2017,BLG,3,6,F,63,,11.12,146,15:00,ABP,spring,1,AP entered as 465 but must be 463,
S922824,2017,BLG,5,6,F,64,,11.19,146,14:35,ABP,spring,0,,
S922825,2017,BLG,5,5,M,64,,10.72,146,14:35,ABP,spring,0,,
Z632951,2017,BLG,6,6,F,64,,NA,147,10:40,ABP,spring,1,,
Z632432,2017,BLG,6,6,M,65,,10.91,147,10:40,ABP,spring,1,,
S922228,2017,BLG,7,5,F,61,,10.91,146,14:35,KK,spring,0,,
S922390,2017,BLG,8,6,M,65,,10.43,144,16:21,TB,spring,0,,
S922823,2018,BLG,1,6,F,64,,10.8,150,16:00,KM,spring,1,Same nestbox last year,
S229169,2018,BLG,1,6,M,67,,11.65,150,16:50,KM,spring,1,BLG2 in 2017,
AHD7299,2018,BLG,3,5,F,62,,10.97,156,13:20,KM,spring,0,,
AHD7298,2018,BLG,3,5,M,65,,10.7,156,13:20,KM,spring,0,,
AHD7620,2018,BLG,4,5,F,63,,NA,150,16:30,KM,spring,0,ESCAPED BEFORE MASS RECORDED,
AHD7619,2018,BLG,4,5,M,64,,10.37,150,16:30,KM,spring,0,,
S922824,2018,BLG,5,6,F,62,,10.52,154,15:59,JMS,spring,1,Same nestbox and pair last year,
S922825,2018,BLG,5,6,M,65,,10.98,154,15:56,JMS,spring,1,Same nestbox and pair last year,
Z632951,2018,BLG,6,6,F,61,,11.77,154,16:30,JMS,spring,1,,
Z632432,2018,BLG,6,6,M,65,,10.45,152,14:15,KM,spring,1,,
S922228,2018,BLG,7,6,F,63,,11.25,150,17:15,JMS,spring,1,"BLG7 in 2017, originally entered as age = 4",
S921828,2018,BLG,7,6,M,63,,11.37,150,17:15,JMS,spring,0,,
S921827,2018,BLG,8,5,F,62,,10.7,150,16:45,JMS,spring,0,,
AHD7621,2018,BLG,8,5,M,66,,11.51,150,17:15,KM,spring,0,,
ARD6607,2019,BLG,1,5,F,61,16.6,10.87,144,12:54,JMS,spring,0,,
S921423,2019,BLG,1,5,M,65,16.8,10.77,144,12:50,JMS,spring,1,,
AHD7884,2019,BLG,2,5,F,63,17.2,11.33,138,15:30,ABP,spring,1,,
ARD6006,2019,BLG,3,5,F,62,17.5,10.97,138,15:08,ABP,spring,0,,
AHD7619,2019,BLG,3,6,M,66,16.5,10.62,138,15:08,ABP,spring,1,,
AHD7620,2019,BLG,4,6,F,62,17.15,10.32,143,15:30,ABP,spring,1,,
ARD6007,2019,BLG,4,5,M,63,17.8,11.01,138,16:00,ABP,spring,0,,
S922824,2019,BLG,5,6,F,64,17,11.11,138,14:52,ABP,spring,1,,
ARD6005,2019,BLG,5,6,M,66,18.2,11.24,138,14:52,ABP,spring,0,,
ARD7053,2019,BLG,6,5,F,61,16.82,10.77,156,12:00,KK,spring,0,,
AHD7299,2019,BLG,7,6,F,63,17.1,11.16,146,14:47,JMS,spring,1,,
S921846,2019,BLG,7,5,M,66,17.3,10.54,144,14:05,JMS,spring,1,,
ARD6608,2019,BLG,8,5,F,62,16.5,10.08,144,13:34,JMS,spring,0,,
S922379,2019,BLG,8,6,M,64,17,11.13,144,13:30,JMS,spring,1,,
AHD7299,2020,BLG,1,6,F,63,,11.39,148,13:50,KM,spring,1,,
S921846,2020,BLG,1,6,M,67,,11.11,148,13:50,KM,spring,1,,
AXH7454,2020,BLG,2,5,F,62,,9.78,152,11:55,ABP,spring,0,,net
ARD6133,2020,BLG,2,5,M,64,,10.42,148,14:50,KM,spring,1,,
Z632951,2020,BLG,4,6,F,62,,10.97,159,14:30,JMS,spring,1,,
ARD6007,2020,BLG,4,6,M,65,,10.95,162,12:51,ABP,spring,1,,net
AXH9108,2020,BLG,5,6,F,62,,10.87,145,13:30,KM,spring,0,,
AXH9107,2020,BLG,5,5,M,64,,10.97,145,13:30,KM,spring,0,,
AXH9106,2020,BLG,6,5,F,63,,11.51,145,13:10,KM,spring,0,,
AXH7143,2020,BLG,6,5,M,67,,11.52,145,13:10,KM,spring,1,,
AXH7325,2020,BLG,7,5,F,62,,10.85,146,12:09,ABP,spring,0,3 PARENTS,
AHD7884,2020,BLG,7,6,F,63,,11.24,146,12:09,ABP,spring,1,3 PARENTS,
AXH9062,2020,BLG,7,5,M,64,,11.2,142,12:00,KM,spring,0,3 PARENTS,
AXH9063,2020,BLG,8,6,F,63,,11.81,142,12:12,KM,spring,0,,
AXH9064,2020,BLG,8,5,M,66,,10.78,142,12:12,KM,spring,0,,
S921846,2021,BLG,1,6,M,66,,10.77,153,08:09,ABP,spring,1,,
AXH9913,2021,BLG,3,6,F,59,,9.77,167,13:40,SEL,spring,0,,
AXH9596,2021,BLG,4,5,F,62,,11.35,155,09:20,EAM,spring,0,,
AXH9597,2021,BLG,4,5,M,63,,10.99,155,09:20,EAM,spring,0,,
AXH9605,2021,BLG,5,5,F,61,,10,145,09:02,KM,spring,0,,
AXH9013,2021,BLG,5,5,M,67,,10.5,145,09:02,KM,spring,1,,
AXH9108,2021,BLG,6,6,F,63,,10.91,151,09:30,KM,spring,1,,
AXH7143,2021,BLG,6,6,M,66,,11.11,151,09:10,KM,spring,1,,
AHD7884,2021,BLG,7,6,F,63,,10.89,153,08:22,ABP,spring,1,,net
AXH9064,2021,BLG,7,6,M,67,,10.75,153,08:22,ABP,spring,1,,net
AXH9063,2021,BLG,8,6,F,63,,11.8,151,08:53,KM,spring,1,,
AXH9632,2021,BLG,8,5,M,64,,10.37,151,08:53,KM,spring,0,,
Z081862,2014,CAL,3,5,M,65,,10.58,162,,JDS,spring,0,,
Z632465,2015,CAL,1,6,F,65,,10.67,150,,ABP,spring,0,,
Z081862,2015,CAL,1,6,M,67,,10.89,150,,ABP,spring,1,,
Z632285,2015,CAL,4,5,F,60,,10.18,155,07:25,IBC,spring,0,,
Z632286,2015,CAL,4,5,M,61,,10.99,155,07:25,IBC,spring,0,,
Z632465,2016,CAL,4,6,F,63,,9.98,166,08:50,ABP,spring,1,,
Z632982,2016,CAL,5,5,F,61,,10.37,162,09:00,ABP,spring,0,,
Z632976,2016,CAL,5,5,M,62,,10.69,161,15:10,ABP,spring,0,,
Z632465,2017,CAL,2,6,F,63,,10.8,157,08:30,ABP,spring,1,,
S921224,2017,CAL,2,6,M,64,,11.07,157,08:30,ABP,spring,0,,
S921222,2017,CAL,7,5,F,63,,11.03,157,08:10,ABP,spring,0,,
S921223,2017,CAL,7,6,M,64,,10.81,157,08:10,ABP,spring,0,,
Z632465,2018,CAL,2,6,F,63,,10.57,155,09:40,JMS,spring,1,,
AHD7253,2018,CAL,2,6,M,65,,11.3,155,09:40,JMS,spring,0,,
S921489,2018,CAL,7,5,F,61,,9.77,149,07:40,JB,spring,0,,
S921194,2018,CAL,7,5,M,63,,10.35,148,14:30,ABP,spring,0,"entered as S29, 19/09/2019 checked nestlings, changed from S921994 to S921194",
ARD7899,2019,CAL,6,5,F,60,16.46,9.78,155,08:38,KK,spring,0,entered as cal1,
ARD7676,2019,CAL,1,5,F,62,15.5,9.73,160,16:54,ABP,spring,0,,
ARD7898,2019,CAL,6,5,M,61,17.9,9.27,155,08:38,KK,spring,0,entered as cal1,
ARD7823,2019,CAL,4,6,F,61,16.2,10.3,149,09:04,JC,spring,0,,
AHD7253,2019,CAL,4,6,M,66,18.2,11.15,149,09:04,JC,spring,1,,
S921489,2019,CAL,5,6,F,62,16.5,9.82,145,08:54,KK,spring,1,,
S921194,2019,CAL,5,6,M,67,16.9,10.49,145,08:54,KK,spring,1,,
ARD7823,2020,CAL,3,6,F,61,16.3,10.22,150,12:00,JMS,spring,1,,
AHD7253,2020,CAL,3,6,M,67,,11.32,154,10:04,ABP,spring,1,,net
AXH7471,2020,CAL,6,5,F,61,,9.83,152,14:59,ABP,spring,0,,
ARD7898,2020,CAL,6,6,M,65,,9.92,154,10:37,ABP,spring,1,,net
S921489,2020,CAL,7,6,F,62,16.1,9.41,150,12:05,JMS,spring,1,,
ARD6906,2020,CAL,7,5,M,64,,11.34,154,10:16,ABP,spring,1,,net
AXH7471,2021,CAL,1,6,F,64,,10.01,157,15:10,KM,spring,1,,
AHD7253,2021,CAL,1,6,M,67,,11.3,157,15:10,KM,spring,1,,
AXH8548,2021,CAL,5,6,M,66,,10.46,163,10:05,KM,spring,0,,
AXH8209,2021,CAL,6,6,M,65,,,173,11:20,SEL,spring,1,,
Z081837,2014,CAR,5,5,M,65,,10.08,158,,JDS,spring,0,,
Z081994,2015,CAR,1,5,F,61,,10.25,148,12:50,IBC,spring,0,,
Z081993,2015,CAR,1,5,M,65,,10.85,148,12:50,IBC,spring,0,,
Z632041,2015,CAR,2,6,F,63,,11.48,146,,JDS,spring,0,,
Z632221,2015,CAR,2,6,M,64,,10.89,150,12:20,IBC,spring,0,,
Z632793,2015,CAR,4,5,F,63,,11.33,158,15:30,JDS,spring,0,,
Z632792,2015,CAR,4,5,M,64,,11.22,158,15:30,JDS,spring,0,,
Z632282,2015,CAR,6,6,F,65,,9.91,154,12:00,IBC,spring,0,,
Z632281,2015,CAR,6,6,M,63,,10.33,154,12:00,IBC,spring,0,,
Z632897,2016,CAR,1,5,F,61,,10.42,163,12:20,JDS,spring,0,,
Z632866,2016,CAR,1,5,M,62,,11.15,159,10:20,IBC,spring,0,,
Z632866,2016,CAR,1,5,M,66,,,163,12:20,JDS,spring,1,"already caught this year, just showing the difference in wing measuring",
Z632041,2017,CAR,3,6,F,62,,11.35,154,14:10,KM,spring,1,,
Z081993,2017,CAR,3,6,M,67,,10.61,154,14:10,KM,spring,1,,
S921576,2017,CAR,6,5,F,61,,11.42,160,13:30,TB,spring,0,,
Z632866,2017,CAR,6,6,M,64,,11.49,160,13:30,TB,spring,1,,
AHD7099,2018,CAR,1,6,F,64,,11.21,156,15:41,DAP,spring,0,,
AHD7098,2018,CAR,1,5,M,63,,10.95,156,14:41,DAP,spring,0,,
ARD7735,2019,CAR,1,5,F,63,17.87,10.48,152,12:50,KM,spring,0,,
ARD7734,2019,CAR,1,5,M,66,18.53,10.62,152,12:50,KM,spring,0,,
ARD7781,2019,CAR,4,5,F,59,17.72,11.11,154,12:56,KK,spring,0,,
ARD7782,2019,CAR,4,5,M,65,11.35,10.29,154,12:56,KK,spring,0,,
AHD7771,2019,CAR,5,5,F,60,16.6,10.82,150,13:12,JMS,spring,1,,
ARD6666,2019,CAR,5,5,M,66,17.2,10.78,150,13:12,JMS,spring,0,,
AHD7099,2020,CAR,1,6,F,64,,10.61,170,14:43,ABP,spring,1,,
AXH8152,2020,CAR,3,6,F,65,,10.07,159,11:21,ABP,spring,0,,
AXH8153,2020,CAR,3,5,M,65,,9.95,159,11:21,ABP,spring,0,,
ARD7146,2020,CAR,4,5,F,63,,9.87,164,10:16,ABP,spring,1,"net. inter site natal dispersal, from AVN",net
AHD7771,2020,CAR,6,6,F,62,,10.72,159,11:41,ABP,spring,1,,
ARD6666,2020,CAR,6,6,M,68,,10.53,159,11:41,ABP,spring,1,,
AXH9891,2021,CAR,1,5,F,62,,10.12,163,13:52,SEL,spring,0,,
AXH9890,2021,CAR,1,5,M,65,,10.41,163,13:45,SEL,spring,0,,
ARD7146,2021,CAR,2,6,F,64,,10.39,153,15:10,KM,spring,1,,
ARD7367,2021,CAR,2,6,M,67,,11.01,153,15:10,KM,spring,1,,
AXH9617,2021,CAR,3,6,F,64,,10.65,149,11:35,KM,spring,0,,
AXH9808,2021,CAR,3,5,M,63,,10.35,155,10:36,SEL,spring,0,,
AHD7771,2021,CAR,5,6,F,62,,10.65,161,12:16,EAM,spring,1,,
ARD7367,2021,CAR,5,6,M,67,,10.79,157,14:24,EAM,spring,1,,
Z081856,2014,CRU,1,6,F,61,,10.11,160,,JDS,spring,0,,
Z081855,2014,CRU,1,6,M,67,,10.74,160,,JDS,spring,0,,
Z081861,2014,CRU,4,6,M,63,,10.19,162,,JDS,spring,0,,
Z632947,2015,CRU,2,5,F,59,,10.49,174,15:00,IBC,spring,0,,
Z632948,2015,CRU,2,5,M,61,,10.49,174,15:00,IBC,spring,0,,
Z632375,2015,CRU,3,5,F,62,,10.93,171,07:30,ABP,spring,0,,
Z632374,2015,CRU,3,5,M,66,,9.9,171,07:30,ABP,spring,0,,
Z081855,2015,CRU,6,6,M,66,,10.9,172,15:00,ABP,spring,1,,
Z632873,2016,CRU,1,5,F,59,,9.25,168,09:00,IBC,spring,0,,
Z632948,2016,CRU,1,6,M,64,,10.03,168,09:00,IBC,spring,1,,
Z632374,2016,CRU,5,6,M,66,,9.72,166,07:42,ABP,spring,1,,
S921314,2017,CRU,1,5,F,61,,9.77,155,08:29,TB,spring,0,,
Z632948,2017,CRU,1,6,M,64,,10.38,153,09:40,KM,spring,1,,
S921314,2018,CRU,2,6,F,60,,9.94,151,09:13,JMS,spring,1,CRU1 in 2017,
Z632948,2018,CRU,2,6,M,63,,10.24,151,09:11,JMS,spring,1,,
AHD7708,2018,CRU,3,5,F,62,,9.65,157,08:58,DAP,spring,0,,
AHD7483,2018,CRU,4,6,F,64,,10.42,157,08:40,KM,spring,0,,
ARD7390,2019,CRU,1,6,F,62,17.4,11.62,159,09:33,JMS,spring,0,,
AHD7897,2019,CRU,1,5,M,62,17.2,10.51,159,09:36,JMS,spring,1,,
AHD7896,2019,CRU,6,5,F,63,18.05,10.39,163,09:50,KM,spring,1,,
AXH8204,2020,CRU,4,6,F,62,,10.43,159,17:02,ABP,spring,0,,net
AXH9919,2021,CRU,3,6,F,62,,9.42,173,08:30,SEL,spring,0,,
S921851,2021,CRU,3,6,M,65,,9.6,175,08:35,KM,spring,1,,
AXH8304,2021,CRU,5,5,F,62,,10.55,171,08:15,KM,spring,0,,
AXH8303,2021,CRU,5,5,M,65,,10.34,171,08:15,KM,spring,0,,
Z081169,2014,DAV,1,6,F,63,,10.9,149,,ABP,spring,0,,
Z081168,2014,DAV,1,6,M,64,,10.9,149,,ABP,spring,0,,
Z081166,2014,DAV,4,6,F,62,,11.2,149,,ABP,spring,0,,
Z081167,2014,DAV,4,6,M,67,,11.2,149,,ABP,spring,0,,
Z081860,2014,DAV,5,5,M,63,,9.57,162,,JDS,spring,0,,
Z081097,2014,DAV,6,6,F,62,,,143,,ABP,spring,0,,
Z081169,2015,DAV,1,6,F,65,,11.51,148,,IBC,spring,1,,
Z632209,2015,DAV,1,5,M,64,,10.8,149,11:25,IBC,spring,0,,
Z081860,2015,DAV,3,6,M,63,,9.72,150,11:00,IBC,spring,1,,
Z081097,2015,DAV,5,6,F,64,,10.83,146,,JDS,spring,1,,
Z632032,2015,DAV,5,6,M,67,,10.67,146,,JDS,spring,0,,
Z081169,2016,DAV,1,6,F,63,,11.15,158,10:40,IBC,spring,1,,
Z081860,2016,DAV,1,6,M,65,,9.96,158,10:40,IBC,spring,1,,
Z632864,2016,DAV,4,6,F,60,,10.54,157,12:15,IBC,spring,0,,
Z632863,2016,DAV,4,5,M,64,,9.85,157,12:15,IBC,spring,0,,
Z632887,2016,DAV,5,6,F,63,,10.34,160,15:40,JDS,spring,0,,
Z632032,2016,DAV,5,6,M,67,,10.46,160,15:40,JDS,spring,1,same box as 2015,
S921319,2017,DAV,1,6,M,67,,11.98,155,13:15,TB,spring,0,,
S921624,2017,DAV,2,5,F,62,,10.18,165,13:35,KK,spring,0,,
S921617,2017,DAV,3,5,F,62,,10.75,163,14:20,KM,spring,0,,
Z632864,2017,DAV,4,6,F,61,,10.34,159,12:35,TB,spring,1,,
S921381,2017,DAV,4,6,M,69,,10.02,159,12:30,TB,spring,0,,
Z632887,2017,DAV,5,6,F,64,,10.51,157,12:14,TB,spring,1,,
Z632032,2017,DAV,5,6,M,67,,10.32,157,12:10,TB,spring,1,,
S921318,2017,DAV,8,5,F,61,,10.61,155,12:45,TB,spring,0,,
S921317,2017,DAV,8,5,M,62,,10.22,155,12:50,TB,spring,0,,
S921318,2018,DAV,1,6,F,61,,10.92,151,13:45,JMS,spring,1,DAV8 in 2017,
AHD7821,2018,DAV,3,6,M,65,,10.46,159,14:40,JMS,spring,0,,
Z632864,2018,DAV,4,6,F,,,,154,14:10,JB,spring,1,,
S921381,2018,DAV,4,6,M,67,,9.98,151,14:15,JMS,spring,1,DAV4 in 2017,
AHD7322,2018,DAV,8,5,F,61,,11.05,157,11:57,JB,spring,0,,
AHD7776,2019,DAV,2,5,F,61,17.58,11.48,155,15:00,KM,spring,1,,
ARD7232,2019,DAV,6,5,F,63,16.56,10.76,147,12:16,JC,spring,0,,
AHD7775,2019,DAV,6,5,M,62,16.9,9.99,147,12:16,JC,spring,1,,
AHD7821,2019,DAV,7,6,M,68,16.66,10.68,145,12:05,JC,spring,1,,
ARD7733,2019,DAV,8,5,F,60,17.44,9.39,152,11:55,KM,spring,0,,
AHD7821,2019,DAV,8,6,M,66,17.1,11.34,159,14:44,JMS,spring,1,,
ARD7733,2020,DAV,1,6,F,60,,9.56,159,08:36,ABP,spring,1,,net
AXH8122,2020,DAV,1,6,M,66,,10.52,159,08:36,ABP,spring,0,,net
AXH7566,2020,DAV,2,5,F,62,,11.2,159,09:32,JMS,spring,0,,
AXH7100,2020,DAV,2,6,M,64,,10,159,09:30,JMS,spring,0,,
AXH8134,2020,DAV,5,5,F,58,,10.2,159,10:02,ABP,spring,0,,
AXH8119,2020,DAV,8,5,F,61,,9.47,159,08:22,ABP,spring,0,,net
AXH8120,2020,DAV,8,6,M,66,,11.36,159,08:22,ABP,spring,0,,net
ARD7733,2021,DAV,1,6,F,61,,10.13,153,09:20,KM,spring,1,,
AXH8122,2021,DAV,1,6,M,66,,10.43,153,09:20,KM,spring,1,,
AXH7566,2021,DAV,3,6,F,63,,11.38,153,08:45,KM,spring,1,,
AXH7100,2021,DAV,3,6,M,64,,9.93,153,08:45,KM,spring,1,,
AXH7124,2021,DAV,5,6,F,62,,9.78,157,08:30,SEL,spring,1,,
AXH7125,2021,DAV,5,6,M,63,,10.03,157,08:30,SEL,spring,1,,
Z081194,2014,DEL,2,6,F,60,,10.9,149,,ABP,spring,0,,
Z081195,2014,DEL,2,6,M,68,,11.7,149,,ABP,spring,0,,
Z081103,2014,DEL,3,5,F,61,,,143,,ABP,spring,0,,
Z081102,2014,DEL,3,6,M,66,,,143,,ABP,spring,0,,
Z081198,2014,DEL,4,6,M,66,,10.9,149,,ABP,spring,0,,
Z081197,2014,DEL,5,5,F,61,,,149,,ABP,spring,0,,
Z081196,2014,DEL,5,5,M,65,,11,149,,ABP,spring,0,,
Z081282,2015,DEL,1,5,F,60,,10.61,153,15:40,IBC,spring,1,,
Z632270,2015,DEL,1,6,M,64,,11.35,153,15:40,IBC,spring,0,,
Z632213,2015,DEL,3,5,F,59,,10.84,149,16:20,IBC,spring,0,,
Z081102,2015,DEL,3,6,M,62,,10.25,149,16:20,IBC,spring,1,,
Z632342,2015,DEL,4,6,F,60,,9.81,160,09:25,IBC,spring,0,,
Z081198,2015,DEL,4,6,M,64,,10.46,160,09:25,IBC,spring,1,,
Z632271,2015,DEL,5,5,F,60,,10.83,153,15:50,IBC,spring,0,,
Z081196,2015,DEL,5,6,M,66,,10.69,152,,JDS,spring,1,,
Z632335,2015,DEL,6,6,F,63,,12.04,159,16:30,IBC,spring,0,,
Z632334,2015,DEL,6,6,M,64,,11.11,159,16:30,IBC,spring,0,,
Z081282,2016,DEL,1,6,F,61,,10.87,147,09:30,IBC,spring,1,"DEL 4 nestling 2014, DEL1 2015",
Z632270,2016,DEL,1,6,M,65,,10.78,147,09:30,IBC,spring,1,DEL1 6M 2015,
Z632891,2016,DEL,2,6,F,62,,10.66,161,11:50,JDS,spring,0,,
Z081195,2016,DEL,2,6,M,68,,11.73,161,11:50,JDS,spring,1,,
Z632890,2016,DEL,3,5,F,62,,10.67,161,11:50,JDS,spring,0,,
Z081102,2016,DEL,3,6,M,65,,9.72,155,11:30,JDS,spring,1,same box as 2014,
Z632885,2016,DEL,4,6,F,64,,10.33,155,11:00,JDS,spring,0,,
Z632886,2016,DEL,4,6,M,67,,11.04,155,11:00,JDS,spring,0,,
Z632271,2016,DEL,5,6,F,63,,10.56,153,11:40,JDS,spring,1,,
Z632334,2016,DEL,6,6,M,63,,10,158,14:00,IBC,spring,1,,
S922537,2017,DEL,1,6,F,63,,11.01,150,10:00,JDS,spring,0,,
Z632270,2017,DEL,1,6,M,66,,11,146,09:50,GD,spring,1,,
S922054,2017,DEL,2,6,F,63,,11.23,144,09:15,GD,spring,0,wrongly recorded as S229054,
Z081195,2017,DEL,2,6,M,68,,11.42,144,09:15,JDS,spring,1,at DEL2 since 2014,
S922586,2017,DEL,3,5,F,62,,10.43,154,09:50,KM,spring,0,,
Z081102,2017,DEL,3,6,M,66,,9.67,154,09:50,KM,spring,1,,
S922587,2017,DEL,5,5,F,61,,10.34,154,10:34,KM,spring,0,,
Z081196,2017,DEL,5,6,M,66,,10.39,152,09:50,KM,spring,1,,
S922604,2017,DEL,8,6,F,65,,10.74,150,09:50,KM,spring,0,,
S922603,2017,DEL,8,5,M,65,,11.02,150,09:50,KM,spring,0,,
Z081282,2018,DEL,1,6,F,62,,11.91,150,10:30,DAP,spring,1,,
Z632270,2018,DEL,1,6,M,66,,11.07,150,10:30,DAP,spring,1,,
S922054,2018,DEL,3,6,F,62,,10.94,148,10:15,DAP,spring,1,Think this was a misentered bird last year and was age 6 at DEL2,
Z081102,2018,DEL,3,6,M,66,,10.33,148,10:15,DAP,spring,1,This bird was an age 6 at this nest in 2014 and has bred there every year. Probably our oldest bird.,
AHD7029,2018,DEL,4,6,F,62,,10.91,150,10:15,DAP,spring,0,,
AHD7030,2018,DEL,4,5,M,65,,10.19,150,10:15,DAP,spring,0,,
AHD7028,2018,DEL,5,6,F,64,,10.26,150,09:55,DAP,spring,0,,
Z081196,2018,DEL,5,6,M,66,,10.88,150,09:55,DAP,spring,1,,
S922587,2018,DEL,6,6,F,62,,10.78,156,12:20,JB,spring,1,,
S228021,2018,DEL,6,6,M,65,,11.04,156,11:45,JB,spring,1,,
AHD7181,2018,DEL,7,6,F,62,,10.73,152,13:11,JMS,spring,0,,
AHD7180,2018,DEL,7,5,M,66,,10.01,152,13:06,JMS,spring,0,,
Z081282,2019,DEL,1,6,F,63,17.19,10.92,142,13:00,KM,spring,1,,
Z632270,2019,DEL,1,6,M,67,18.83,11.71,143,18:30,KM,spring,1,,
S922054,2019,DEL,2,6,F,64,20,11.01,138,10:50,KK,spring,1,,
S921667,2019,DEL,2,5,M,66,21.2,10.73,138,10:40,KK,spring,1,,
ARD7116,2019,DEL,4,6,F,64,17.03,9.73,144,13:10,KM,spring,0,,
AHD7030,2019,DEL,4,6,M,67,17.41,10.54,145,17:25,KM,spring,1,,
ARD7115,2019,DEL,5,5,F,64,18.12,11,144,12:05,KM,spring,0,,
ARD7114,2019,DEL,5,5,M,65,17.7,10.64,144,12:05,KM,spring,0,,
ARD7324,2019,DEL,6,5,F,61,19,10.36,148,10:25,JC,spring,0,,
ARD7323,2019,DEL,6,6,M,62,17.1,10.3,148,10:25,JC,spring,0,,
S922587,2019,DEL,7,6,F,63,16.75,10.76,144,13:00,KM,spring,1,,
S228021,2019,DEL,7,6,M,65,18.02,11.03,144,13:00,KM,spring,1,,
AXH9278,2020,DEL,3,5,F,61,,10.43,153,08:19,KM,spring,0,,
AXH9277,2020,DEL,3,5,M,66,,10.68,153,08:19,KM,spring,0,,
AXH7480,2020,DEL,4,6,F,62,,9.73,153,08:16,ABP,spring,0,,net
AHD7030,2020,DEL,4,6,M,66,,10.65,153,08:16,ABP,spring,1,,net
AXH7487,2020,DEL,5,5,F,62,,9.85,153,08:45,ABP,spring,0,,
ARD7085,2020,DEL,5,5,M,63,,10.97,153,08:45,ABP,spring,1,,
S922587,2020,DEL,7,6,F,64,,10.52,153,09:04,ABP,spring,1,,
ARD7114,2020,DEL,7,6,M,65,,11.2,153,09:04,ABP,spring,1,,
S921293,2020,DEL,8,6,F,63,,10.62,153,09:06,KM,spring,1,,
AXH9289,2020,DEL,8,6,M,64,,10.35,153,09:06,KM,spring,0,,
AXH9278,2021,DEL,1,6,F,60,,10.12,154,10:47,JMS,spring,1,,
ARD7323,2021,DEL,1,6,M,63,,10.01,154,10:45,JMS,spring,1,,
AXH7480,2021,DEL,2,6,F,63,,10.04,154,11:46,ABP,spring,1,,net
_APR7259,2021,DEL,3,6,F,64,,10.12,154,10:45,ABP,spring,0,,
_APR7260,2021,DEL,3,5,M,63,,11,154,10:45,ABP,spring,0,,
_APR7268,2021,DEL,4,5,F,63,,,154,11:05,ABP,spring,0,,
_APR7276,2021,DEL,4,5,M,63,,10.25,154,11:32,ABP,spring,0,,net
AXH7747,2021,DEL,5,5,F,60,,10.24,154,11:29,JMS,spring,0,,
AXH7748,2021,DEL,5,5,M,64,,10.44,154,11:31,JMS,spring,0,,
Z081857,2014,DLW,4,5,F,58,,9.92,160,,JDS,spring,0,,
Z081857,2015,DLW,1,6,F,63,,10.3,160,18:00,ABP,spring,1,,
Z632431,2015,DLW,1,6,M,65,,11.06,160,18:00,ABP,spring,1,bigamist!,
Z632430,2015,DLW,6,5,F,62,,11.04,148,,ABP,spring,0,,
Z632431,2015,DLW,6,6,M,65,,10.65,148,,ABP,spring,0,,
Z081857,2016,DLW,1,6,F,64,,10.1,168,09:40,IBC,spring,1,,
Z632875,2016,DLW,1,5,M,65,,11,169,15:00,IBC,spring,0,,
S921628,2017,DLW,1,6,F,61,,9.8,167,09:10,KK,spring,0,,
Z081857,2017,DLW,3,6,F,63,,10.18,163,09:20,KM,spring,1,,
Z632875,2017,DLW,3,6,M,67,,10.78,163,09:20,KM,spring,1,,
AHD7964,2018,DLW,4,5,F,64,,9.99,161,09:55,KM,spring,0,,
AHD7965,2018,DLW,4,5,M,63,,10.13,161,09:55,KM,spring,0,,
S921628,2018,DLW,5,6,F,62,,9.1,159,08:45,JB,spring,1,DLW1 in 2017,
S921628,2019,DLW,4,6,F,63,16.39,9.33,151,07:00,KM,spring,1,,
AHD7895,2019,DLW,4,5,M,64,18.11,10.7,151,07:00,KM,spring,1,,
AXH8205,2020,DLW,4,5,F,62,,10.38,159,17:23,ABP,spring,0,,net
Z081833,2014,DNC,1,6,M,63,,9.89,157,,JDS,spring,0,,
Z632939,2015,DNC,1,6,M,66,,10.76,168,14:00,IBC,spring,0,,
Z632804,2015,DNC,5,5,F,62,,11.21,162,16:30,JDS,spring,0,,
Z632805,2015,DNC,5,6,M,64,,11.24,162,16:30,JDS,spring,0,,
S921249,2017,DNC,2,5,F,63,,11.39,163,08:50,ABP,spring,0,,
S921250,2017,DNC,2,5,M,63,,11.26,163,08:50,ABP,spring,0,,
S921248,2017,DNC,7,5,F,63,,10.39,163,08:30,ABP,spring,0,,
AHD7743,2018,DNC,9,5,F,62,,11.38,162,18:25,DAP,spring,0,Incorrectly entered as DNC5,
AHD7742,2018,DNC,9,5,M,63,,10.54,162,18:25,DAP,spring,0,Incorrectly entered as DNC5,
ARD7082,2019,DNC,2,5,F,61,16.4,10.76,158,18:38,JMS,spring,0,,
ARD7081,2019,DNC,2,5,M,64,17.2,11.14,158,18:35,JMS,spring,0,,
ARD7056,2019,DNC,9,5,F,63,16.69,11.57,156,16:34,KK,spring,0,,
ARD7055,2019,DNC,9,5,M,63,17.39,10.9,156,16:34,KK,spring,0,,
AXH8640,2021,DNC,2,5,F,63,,10.25,165,16:29,EAM,spring,0,,
AXH8935,2021,DNC,6,5,F,60,,10.85,155,16:30,EAM,spring,0,,
AXH8936,2021,DNC,6,5,M,64,,10.52,155,16:30,EAM,spring,0,,
Z632686,2015,DNM,4,5,F,63,,10.64,160,16:30,ABP,spring,0,,
Z632685,2015,DNM,4,5,M,63,,10.9,160,16:30,ABP,spring,0,,
Z632995,2016,DNM,2,6,F,63,,10.65,165,13:10,ABP,spring,0,,
Z632994,2016,DNM,2,5,M,64,,11.17,165,13:10,ABP,spring,0,,
Z632874,2016,DNM,6,5,F,59,,9.89,169,13:45,IBC,spring,0,,
S921221,2017,DNM,3,5,F,66,,10.69,157,07:30,ABP,spring,0,,
Z632994,2017,DNM,3,6,M,65,,10.82,156,15:37,ABP,spring,1,at DNM2 in 2016,
S921229,2017,DNM,7,6,F,65,,10.59,158,16:16,KM,spring,0,,
S921228,2017,DNM,7,5,M,62,,10.75,158,16:16,KM,spring,0,,
S921829,2018,DNM,1,5,F,63,,10.8,150,19:45,JMS,spring,0,,
AHD7252,2018,DNM,1,6,M,65,,10.8,154,19:15,JMS,spring,0,,
AHD7961,2018,DNM,4,6,F,63,,11.33,160,18:15,KM,spring,0,,
AHD7962,2018,DNM,4,5,M,66,,11.56,160,18:15,KM,spring,0,,
S921229,2018,DNM,8,6,F,65,,10.63,162,17:00,DAP,spring,1,"DNM7 in 2017, same pair",
S921228,2018,DNM,8,6,M,65,,,162,18:00,DAP,spring,1,"DNM7 in 2017, same pair",
AHD7874,2019,DNM,2,5,F,62,17.06,11.18,152,18:22,JC,spring,1,,
AHD7962,2019,DNM,2,6,M,66,18.18,11.51,152,18:22,JC,spring,1,,
S921829,2019,DNM,5,6,F,64,16.65,10.27,161,08:10,ABP,spring,1,,
S921228,2019,DNM,5,6,M,64,17.68,11.29,156,15:20,KK,spring,1,,
ARD7054,2019,DNM,6,6,F,62,16.81,11.28,156,15:45,KK,spring,0,,
AHD7876,2019,DNM,6,6,M,65,17.82,11.48,156,15:45,KK,spring,1,,
AXH8210,2020,DNM,2,5,F,59,,9.93,160,11:36,ABP,spring,0,,
AXH8209,2020,DNM,2,5,M,65,,10.73,160,11:36,ABP,spring,0,,
S921829,2020,DNM,4,6,F,64,,10.53,164,15:20,KM,spring,1,,
S921228,2020,DNM,4,6,M,64,,10.76,164,15:20,KM,spring,1,,
ARD7096,2020,DNM,5,5,F,62,,11.18,158,11:08,ABP,spring,1,,
AXH8247,2020,DNM,7,5,F,61,,9.77,168,10:32,ABP,spring,0,,
AXH8244,2020,DNM,8,5,F,61,,9.83,166,11:44,ABP,spring,0,,net
ARD7095,2020,DNM,8,5,M,65,,,162,10:00,KM,spring,1,,
S921228,2021,DNM,2,6,M,64,,11.02,159,18:15,EAM,spring,1,,
AXH9912,2021,DNM,3,5,F,62,,9.83,167,08:41,SEL,spring,0,,
S921228,2021,DNM,3,6,M,63,,11.55,169,16:38,EAM,spring,1,,
AXH8307,2021,DNM,5,5,F,62,,10.16,171,10:35,KM,spring,0,,
AXH8306,2021,DNM,5,6,M,66,,10.52,171,10:35,KM,spring,0,,
AXH8547,2021,DNM,6,5,F,62,,9.85,163,08:32,KM,spring,0,,
AXH9870,2021,DNM,6,6,M,65,,10.7,161,18:00,SEL,spring,0,,
Z632916,2015,DNS,1,6,F,60,,11.16,162,15:30,IBC,spring,0,,
Z632917,2015,DNS,1,6,M,62,,10.96,162,15:30,IBC,spring,0,,
S228842,2017,DNS,3,5,F,63,,11.32,162,17:00,ABP,spring,1,recruit from DLW1 in 2016,
S228717,2017,DNS,3,5,M,65,,11.27,162,17:00,ABP,spring,1,recruit from DNC6 in 2016,
ARD7082,2020,DNS,4,6,F,63,,10.86,158,10:00,ABP,spring,1,inter site breeding dispersal,
AXH8092,2020,DNS,4,5,M,65,,10.78,158,10:00,ABP,spring,0,,
AXH8659,2021,DNS,1,6,F,64,,9.95,169,08:19,EAM,spring,0,,
AXH8658,2021,DNS,1,6,M,67,,10.49,169,08:19,EAM,spring,0,,
ARD7082,2021,DNS,4,6,F,63,,10.9,171,09:55,KM,spring,1,,
AXH8305,2021,DNS,4,5,M,64,,11.04,171,09:55,KM,spring,0,,
Z081852,2014,DOR,3,5,F,63,,11.43,160,,JDS,spring,0,awful brood,
Z081859,2014,DOR,3,6,M,67,,11.44,162,,JDS,spring,0,,
Z081834,2014,DOR,5,5,F,61,,10.1,158,,JDS,spring,0,,
Z081836,2014,DOR,6,6,F,63,,10.2,158,,JDS,spring,0,,
Z081835,2014,DOR,6,6,M,66,,10.59,158,,JDS,spring,0,,
Z632807,2015,DOR,1,6,F,64,,9.89,164,12:00,JDS,spring,0,,
Z081497,2015,DOR,1,5,M,66,,10.03,164,12:00,JDS,spring,1,LOOKED ENTIRELY LIKE A 6. IF WASN'T LEFT LEG RINGED I WOULD HAVE MISSED IT WAS A 5.,
Z081834,2015,DOR,4,6,F,62,,10.69,164,11:30,JDS,spring,1,,
Z081835,2015,DOR,4,6,M,66,,10.72,164,11:30,JDS,spring,1,,
Z632884,2016,DOR,2,6,M,66,,10.63,155,09:20,JDS,spring,0,,
Z081834,2016,DOR,5,6,F,61,,10.49,159,06:30,IBC,spring,1,,
Z632884,2017,DOR,2,6,M,65,,10.78,161,18:50,KM,spring,1,,
S921544,2017,DOR,3,5,F,62,,10.09,158,10:30,KK,spring,0,,
S921543,2017,DOR,3,5,M,64,,10.76,158,10:30,TB,spring,0,,
Z081834,2017,DOR,6,6,F,65,,10.74,150,09:10,JDS,spring,1,,
S922536,2017,DOR,6,5,M,65,,10.69,150,09:10,JDS,spring,0,,
AHD7311,2018,DOR,1,6,F,63,,10.82,156,18:15,JB,spring,0,"Was ADH3711, changed to ADH7311",
Z632884,2018,DOR,1,6,M,65,,10.62,156,08:10,JB,spring,1,,
Z081834,2018,DOR,4,6,F,64,,10.4,172,08:25,DAP,spring,1,,
AHD7852,2018,DOR,4,6,M,63,,10.27,172,08:25,DAP,spring,0,,
AHD7342,2018,DOR,6,5,F,63,,10.6,158,08:00,JB,spring,0,,
S922536,2018,DOR,6,6,M,65,,10.46,158,08:00,JB,spring,1,,
AHD7311,2019,DOR,1,6,F,64,16.7,11.11,150,06:18,JMS,spring,1,,
ARD6659,2019,DOR,1,5,M,64,16.6,10.54,150,06:17,JMS,spring,0,,
AHD7342,2019,DOR,2,6,F,64,17,10.65,150,06:27,JMS,spring,1,,
ARD6660,2019,DOR,2,5,M,65,16.6,10.28,150,06:25,JMS,spring,0,,
ARD7321,2019,DOR,6,5,F,60,17.3,11.01,148,06:55,JC,spring,0,,
AHD7311,2020,DOR,1,6,F,64,,10.79,153,10:25,ABP,spring,1,,
AXH8009,2020,DOR,2,5,F,61,,9.6,153,10:36,ABP,spring,0,,
ARD6660,2020,DOR,2,6,M,65,,9.94,153,10:36,ABP,spring,1,,
AXH8025,2020,DOR,3,6,F,62,,11.09,153,11:05,ABP,spring,0,,
AXH7111,2020,DOR,3,6,M,66,,10.19,153,11:05,ABP,spring,1,,
AXH9310,2020,DOR,5,5,F,63,,10.77,153,11:08,KM,spring,0,,
AXH9302,2020,DOR,6,5,F,63,,10.59,153,10:20,KM,spring,0,,
AXH7112,2020,DOR,6,6,M,65,,10.73,153,10:20,KM,spring,1,,
AXH8575,2021,DOR,1,6,F,63,,10,164,13:38,KM,spring,0,,
AXH8576,2021,DOR,1,5,M,65,,10.42,164,13:38,KM,spring,0,,
AHD7311,2021,DOR,2,6,F,65,,11.23,164,14:08,EAM,spring,1,,
AXH8009,2021,DOR,3,6,F,63,,9.68,154,13:23,JMS,spring,1,,
AXH9302,2021,DOR,6,6,F,63,,10.34,164,13:50,EAM,spring,1,,
S922422,2017,DOW,4,5,F,63,,10.79,155,10:45,ABP,spring,0,,
S922413,2017,DOW,4,5,M,65,,11.04,153,16:10,ABP,spring,0,caught by Jess Clark,
S922417,2017,DOW,5,5,F,61,,10.13,155,10:20,ABP,spring,0,,
S922416,2017,DOW,5,5,M,65,,10.48,155,10:20,ABP,spring,0,,
S922418,2017,DOW,6,5,F,63,,10.17,155,10:30,ABP,spring,0,,
S922419,2017,DOW,6,6,M,64,,10.16,155,10:30,ABP,spring,0,,
S922421,2017,DOW,7,5,F,62,,10.1,155,10:40,ABP,spring,0,,
S922420,2017,DOW,7,5,M,64,,10.22,155,10:40,ABP,spring,0,,
S922411,2017,DOW,8,6,F,62,,11.14,153,16:00,ABP,spring,0,,
S922412,2017,DOW,8,5,M,65,,10.57,153,16:00,ABP,spring,0,,
AHD7575,2018,DOW,1,5,F,61,,11.16,153,09:30,ABP,spring,0,,
S922416,2018,DOW,1,6,M,65,,11.02,153,09:30,ABP,spring,1,,
AHD7996,2018,DOW,2,5,F,62,,9.86,177,16:06,ABP,spring,0,,
AHD7997,2018,DOW,2,6,M,66,,11.16,177,16:06,ABP,spring,0,,
AHD7576,2018,DOW,3,5,F,62,,9.8,153,10:10,ABP,spring,0,,
S922413,2018,DOW,3,6,M,69,,10.77,153,10:10,ABP,spring,1,,
S921492,2018,DOW,5,6,F,65,,12.01,149,14:50,JB,spring,0,,
S921492,2018,DOW,5,6,F,64,,11.81,153,16:28,JMS,spring,1,DOW5 in 2017,
S922411,2018,DOW,6,6,F,62,,10.96,153,16:20,JMS,spring,1,,
S922412,2018,DOW,6,6,M,63,,10.5,152,13:10,ABP,spring,1,box 8 in 2017,
S922422,2018,DOW,7,6,F,65,,10.78,151,19:34,DAP,spring,1,,
S922419,2018,DOW,7,6,M,64,,10.73,153,16:30,JMS,spring,1,,
AHD7069,2018,DOW,8,5,F,62,,10.55,151,18:43,DAP,spring,0,,
AHD7068,2018,DOW,8,5,M,65,,10.93,151,18:43,DAP,spring,0,,
S922411,2019,DOW,3,6,F,61,17.2,12,145,17:50,KK,spring,1,,
S922416,2019,DOW,3,6,M,64,17.1,11.13,145,17:50,KK,spring,1,,
AHD7576,2019,DOW,4,6,F,63,16.2,,156,11:40,ABP,spring,1,,
S922413,2019,DOW,4,6,M,63,17.66,10.68,149,10:00,ABP,spring,1,,
ARD7668,2019,DOW,5,5,F,62,,10.11,156,08:57,ABP,spring,0,,
AHD7857,2019,DOW,5,6,M,66,,10.42,156,08:57,ABP,spring,1,,
ARD7699,2019,DOW,6,5,F,61,16.2,10.95,161,15:55,ABP,spring,0,,
S921820,2019,DOW,6,5,M,65,16.9,10.69,161,15:55,ABP,spring,1,,
S922422,2019,DOW,7,6,F,65,16.82,11.5,147,11:12,ABP,spring,1,,
S922419,2019,DOW,7,6,M,64,17.67,9.95,147,10:26,ABP,spring,1,,
AHD7069,2019,DOW,8,6,F,63,16.38,10.1,147,10:32,ABP,spring,1,,
AHD7068,2019,DOW,8,6,M,67,17.23,10.35,147,10:32,ABP,spring,1,,
AXH9164,2020,DOW,1,5,F,63,,11.27,146,18:20,KM,spring,0,,
AXH7212,2020,DOW,1,5,M,66,,10.92,146,18:20,KM,spring,1,,
AXH8069,2020,DOW,2,5,F,62,,9.9,156,09:00,ABP,spring,0,,
AXH7210,2020,DOW,2,5,M,63,,11.1,156,09:00,ABP,spring,1,,
AHD7069,2020,DOW,3,6,F,63,,10.68,150,17:14,ABP,spring,1,,net
S922413,2020,DOW,3,6,M,67,,11.11,150,17:14,ABP,spring,1,,net
AXH9491,2020,DOW,5,5,F,61,,8.75,160,11:32,KM,spring,0,,
AXH9492,2020,DOW,5,5,M,62,,10.19,160,11:32,KM,spring,0,,
AXH8071,2020,DOW,6,5,F,65,,11.03,156,10:20,ABP,spring,0,,net
AHD7856,2020,DOW,6,6,M,66,,10.81,154,14:59,ABP,spring,1,,
S922422,2020,DOW,7,6,F,66,,10.81,156,10:32,ABP,spring,1,,net
S922419,2020,DOW,7,6,M,64,,10.23,156,10:32,ABP,spring,1,,net
AXH8070,2020,DOW,8,5,F,63,,11.71,156,09:30,ABP,spring,0,,
AHD7068,2020,DOW,8,6,M,66,,10.78,156,09:30,ABP,spring,1,,
_APR7305,2021,DOW,1,6,F,60,,10.39,159,10:32,JMS,spring,0,,
_APR7306,2021,DOW,1,5,M,64,,10.01,159,10:34,JMS,spring,0,,
_APR7316,2021,DOW,3,5,F,61,,11.03,161,12:13,JMS,spring,0,,
_APR7317,2021,DOW,3,6,M,65,,10.91,161,12:15,JMS,spring,0,,
AHD7069,2021,DOW,4,6,F,64,,10.45,165,09:55,ABP,spring,1,,net
S922413,2021,DOW,4,6,M,67,,11.14,165,09:55,ABP,spring,1,,net
AXH8069,2021,DOW,5,6,F,62,,9.94,159,10:43,JMS,spring,1,,
AXH9492,2021,DOW,5,6,M,65,,10.31,159,10:41,JMS,spring,1,,
AXH8071,2021,DOW,6,6,F,65,,11.28,151,10:02,ABP,spring,1,,net
AHD7856,2021,DOW,6,6,M,66,,10.85,151,10:02,ABP,spring,1,,net
S922422,2021,DOW,7,6,F,65,,10.61,169,08:07,ABP,spring,1,,
ARD6744,2021,DOW,7,6,M,67,,9.85,169,08:07,ABP,spring,1,,
AXH7708,2021,DOW,8,5,F,60,,10.25,153,10:36,JMS,spring,0,,
AHD7068,2021,DOW,8,6,M,66,,10.21,153,10:38,JMS,spring,1,,
Z632794,2015,DUN,4,5,F,62,,10.56,159,15:00,JDS,spring,0,,
Z632795,2015,DUN,4,6,M,67,,10.66,159,15:00,JDS,spring,0,,
Z632287,2015,DUN,6,5,F,61,,10.04,155,09:10,IBC,spring,0,,
Z632986,2016,DUN,4,5,F,62,,11.08,162,12:20,ABP,spring,0,,
Z632987,2016,DUN,4,5,M,62,,10.66,162,12:20,ABP,spring,0,,
Z632794,2016,DUN,6,6,F,62,,11.41,162,12:55,ABP,spring,1,,
Z632988,2016,DUN,6,6,M,66,,11.18,162,12:55,ABP,spring,0,,
S922800,2017,DUN,3,5,F,63,,11.75,153,11:30,ABP,spring,0,,
S921218,2017,DUN,3,6,M,64,,11.09,155,14:35,KM,spring,0,,
Z632794,2017,DUN,6,6,F,62,,10.75,155,14:55,KM,spring,1,,
S922401,2017,DUN,6,5,M,63,,10.02,153,11:45,ABP,spring,0,,
S921097,2017,DUN,7,5,F,61,,11.06,151,12:30,KK,spring,0,,
S921096,2017,DUN,7,5,M,62,,9.81,151,12:30,KK,spring,0,,
AHD7923,2018,DUN,1,5,F,62,,10.9,158,12:33,JMS,spring,0,,
S921096,2018,DUN,1,6,M,63,,10.16,158,12:30,JMS,spring,1,"DUN7 in 2017, divorce",
S921097,2018,DUN,4,6,F,60,,9.9,161,15:50,JMS,spring,1,"DUN7 in 2017, divorce",
AHD7918,2018,DUN,6,5,F,62,,10.98,157,13:50,KM,spring,0,,
S922401,2018,DUN,6,6,M,66,,10.76,157,13:50,KM,spring,1,,
ARD7649,2019,DUN,2,5,F,62,17.16,10.67,151,09:40,ABP,spring,0,,
AHD7887,2019,DUN,2,5,M,66,17.7,10.96,151,09:40,ABP,spring,1,,
ARD7649,2020,DUN,4,6,F,62,,10.55,152,11:45,KM,spring,1,,
AHD7887,2020,DUN,4,6,M,67,,11.08,152,11:45,KM,spring,1,,
AXH7144,2020,DUN,5,6,F,62,,11.37,150,13:35,KM,spring,1,,
AXH9202,2020,DUN,5,5,M,65,,11.19,150,13:35,KM,spring,0,,
AXH7145,2020,DUN,6,5,F,62,,,150,13:10,KM,spring,1,DEAD,
AXH9391,2020,DUN,8,5,F,64,,10.83,156,14:12,KM,spring,0,,
AXH9392,2020,DUN,8,5,M,66,,11.4,156,14:12,KM,spring,0,,
AXH8972,2021,DUN,1,6,F,63,,9.63,159,14:00,EAM,spring,0,,
AXH8632,2021,DUN,5,6,F,64,,10.27,165,10:32,EAM,spring,0,,
Z632446,2015,EDI,2,5,F,62,,11.6,149,,ABP,spring,0,,
Z632447,2015,EDI,2,5,M,63,,10.51,149,,ABP,spring,0,,
Z632448,2015,EDI,3,5,F,59,,10.04,149,,ABP,spring,0,,
Z632475,2015,EDI,4,6,F,63,,10.56,151,,ABP,spring,0,,
Z632474,2015,EDI,4,6,M,66,,10.18,151,,ABP,spring,0,,
Z632626,2015,EDI,5,5,F,61,,10.5,157,14:30,ABP,spring,0,,
Z632627,2015,EDI,5,5,M,64,,10.22,157,14:30,ABP,spring,0,,
Z632827,2015,EDI,6,5,F,61,,11.03,165,17:30,JDS,spring,0,,
Z632828,2015,EDI,6,5,M,64,,10.54,165,17:30,JDS,spring,0,,
Z632446,2016,EDI,2,6,F,63,,10.92,151,10:00,ABP,spring,1,same box as 2015,
Z632447,2016,EDI,2,6,M,65,,10.48,148,15:50,IBC,spring,1,,
Z632876,2016,EDI,3,6,F,62,,10.32,150,17:00,JDS,spring,0,,
Z632447,2016,EDI,3,6,M,64,,10.53,151,10:20,ABP,spring,1,polygamous,
D517348,2016,EDI,4,6,F,62,,10.48,158,15:50,KK,spring,1,2014 bird from Jarrod's Craigie Hill,
Z632474,2016,EDI,4,6,M,65,,9.67,158,15:50,KK,spring,1,,
Z632949,2016,EDI,5,5,F,60,,10.75,154,16:45,ABP,spring,0,,
Z632627,2016,EDI,5,6,M,64,,10.55,154,16:45,ABP,spring,1,,
Z632827,2016,EDI,6,6,F,60,,11,158,15:45,ABP,spring,1,,
Z632968,2016,EDI,6,6,M,63,,11.38,158,15:45,ABP,spring,0,,
S922415,2017,EDI,1,5,F,62,,10.76,153,18:10,ABP,spring,0,,
S922414,2017,EDI,1,6,M,65,,10.65,153,18:10,ABP,spring,0,,
Z632446,2017,EDI,2,6,F,63,,11.5,143,16:20,ABP,spring,1,,
Z632447,2017,EDI,2,6,M,65,,10.41,143,15:30,ABP,spring,1,,
S922356,2017,EDI,3,5,F,62,,10.86,143,15:50,ABP,spring,0,,
S922355,2017,EDI,3,6,M,62,,10.3,143,15:50,ABP,spring,0,,
Z632827,2017,EDI,5,6,F,60,,,147,16:20,KM,spring,1,,
Z632627,2017,EDI,5,6,M,65,,10.58,147,16:20,KM,spring,1,,
S229242,2017,EDI,6,5,F,60,,10.82,141,14:03,TB,spring,0,,
S229241,2017,EDI,6,5,M,64,,10.33,141,14:03,TB,spring,0,,
S922813,2017,EDI,8,5,F,60,,10.41,145,16:45,TB,spring,0,,
S922814,2017,EDI,8,5,M,63,,10.17,145,16:45,TB,spring,0,,
S921907,2018,EDI,1,5,F,62,,11.2,147,15:30,KM,spring,0,,
S922414,2018,EDI,1,6,M,65,,10.51,147,15:30,KM,spring,1,EDI1 last year,
Z632446,2018,EDI,2,6,F,62,,11.25,150,14:00,ABP,spring,1,,
Z632447,2018,EDI,2,6,M,65,,10.06,150,14:00,ABP,spring,1,,
S922356,2018,EDI,3,6,F,62,,10.18,153,07:30,ABP,spring,1,,
S922355,2018,EDI,3,6,M,64,,10.5,149,16:30,JB,spring,1,,
S229242,2018,EDI,4,6,F,60,,11.45,149,16:20,JB,spring,1,EDI4 in 2017,
S229241,2018,EDI,4,6,M,64,,10.66,149,16:20,JB,spring,1,EDI6 in 2017,
Z632827,2018,EDI,5,6,F,62,,11.81,151,21:05,KM,spring,1,,
Z632627,2018,EDI,5,6,M,64,,10.85,149,16:30,ABP,spring,1,,
S921154,2018,EDI,6,5,F,61,,10.5,147,15:30,ABP,spring,0,,
AHD7542,2018,EDI,6,5,M,63,,11.3,150,14:10,ABP,spring,0,,
S922813,2018,EDI,8,6,F,63,,10.54,156,16:30,ABP,spring,1,Same nestbox last year,
S921936,2018,EDI,8,6,M,64,,11.13,156,16:30,ABP,spring,0,,
S921907,2019,EDI,1,6,F,62,16.7,11.45,161,17:05,ABP,spring,1,,
ARD7683,2019,EDI,1,5,M,63,16.5,10.87,161,17:05,ABP,spring,0,,
Z632446,2019,EDI,2,6,F,62,16.86,11.77,146,16:00,ABP,spring,1,,
Z632447,2019,EDI,2,6,M,65,17.09,10.13,146,16:00,ABP,spring,1,,
S922356,2019,EDI,3,6,F,63,16.69,10.36,149,07:35,ABP,spring,1,,
S922355,2019,EDI,3,6,M,64,17.29,10.21,149,07:35,ABP,spring,1,,
S229242,2019,EDI,4,6,F,61,17.23,11.46,146,16:20,ABP,spring,1,,
S229241,2019,EDI,4,6,M,63,17.37,10.26,146,16:20,ABP,spring,1,,
AHD7989,2019,EDI,5,6,F,65,17.66,10.56,143,07:20,ABP,spring,1,,
Z632627,2019,EDI,5,6,M,64,18.08,10.26,143,07:20,ABP,spring,1,,
ARD6771,2019,EDI,6,5,F,62,16.83,10.78,146,16:35,ABP,spring,0,,
S922814,2019,EDI,6,6,M,63,16.82,10.24,146,16:35,ABP,spring,1,,
ARD6725,2019,EDI,7,6,F,62,17.17,10.19,145,09:13,ABP,spring,0,,
ARD6724,2019,EDI,7,5,M,62,17.65,10.23,145,08:40,ABP,spring,0,,
S922813,2019,EDI,8,6,F,62,16.78,10.68,145,07:45,ABP,spring,1,,
AHD7988,2019,EDI,8,6,M,63,17.93,9.9,143,08:20,ABP,spring,1,,
S921907,2020,EDI,1,6,F,62,16.8,11.5,145,07:30,JMS,spring,1,,
ARD7683,2020,EDI,1,6,M,65,16.7,10.15,145,07:33,JMS,spring,1,,
AXH7017,2020,EDI,2,6,F,62,16.9,10.4,148,07:35,JMS,spring,0,,
S922356,2020,EDI,3,6,F,62,,10.55,152,08:25,JMS,spring,1,,
S922355,2020,EDI,3,6,M,65,,10.65,150,07:46,ABP,spring,1,,
AXH7018,2020,EDI,4,5,F,61,16.4,10.42,148,07:58,JMS,spring,0,,
S229241,2020,EDI,4,6,M,65,17.2,10.95,148,07:55,JMS,spring,1,,
AXH7405,2020,EDI,5,6,F,65,,11.32,150,06:30,ABP,spring,0,,
AXH7406,2020,EDI,5,6,M,66,,10.09,150,06:30,ABP,spring,0,,
ARD6771,2020,EDI,6,6,F,63,,11.14,150,06:46,ABP,spring,1,,
AXH7407,2020,EDI,6,5,M,63,,11.23,150,06:46,ABP,spring,0,,
AXH8060,2020,EDI,7,5,F,63,,10.45,156,07:12,ABP,spring,0,,
AXH8061,2020,EDI,7,5,M,67,,11.41,156,07:12,ABP,spring,0,,
AXH7286,2020,EDI,8,5,F,63,,11.1,142,07:27,ABP,spring,0,,
AXH7287,2020,EDI,8,5,M,65,,10.86,142,07:27,ABP,spring,0,,
S921907,2021,EDI,1,6,F,62,,11.45,147,06:44,JMS,spring,1,,
ARD7683,2021,EDI,1,6,M,65,,10.31,147,06:43,JMS,spring,1,,
AXH7842,2021,EDI,2,6,F,62,,10.72,149,08:05,JMS,spring,0,,
AXH7841,2021,EDI,2,6,M,64,,11.39,149,08:03,JMS,spring,0,,
AXH7805,2021,EDI,3,6,F,63,,11.1,147,06:54,JMS,spring,0,,
S922355,2021,EDI,3,6,M,64,,10.62,147,06:52,JMS,spring,1,,
AXH7843,2021,EDI,5,5,F,61,,10.28,149,08:23,JMS,spring,0,,
AXH7406,2021,EDI,5,6,M,66,,10.85,149,08:21,JMS,spring,1,,
AXH7798,2021,EDI,6,5,F,60,,10.01,159,07:54,JMS,spring,0,,
AXH7807,2021,EDI,7,6,F,63,,11.13,147,07:12,JMS,spring,0,,
AXH7806,2021,EDI,7,6,M,63,,9.82,147,07:08,JMS,spring,0,,
AXH7808,2021,EDI,8,5,F,63,,10.7,147,07:19,JMS,spring,0,,
AXH7809,2021,EDI,8,6,M,64,,10.12,147,07:21,JMS,spring,0,,
Z081142,2014,FOF,1,6,F,62,,,146,,ABP,spring,0,,
Z081712,2014,FOF,2,5,F,60,,10.4,156,,ABP,spring,0,,
Z081713,2014,FOF,2,6,M,64,,10.36,156,,ABP,spring,0,,
Z081138,2014,FOF,3,5,F,64,,11.2,144,,ABP,spring,0,,
Z081139,2014,FOF,3,6,M,67,,11.5,144,,ABP,spring,0,,
Z081714,2014,FOF,4,5,F,64,,11.48,156,,ABP,spring,0,,
Z081141,2014,FOF,5,6,F,63,,11.7,146,,ABP,spring,0,,
Z081140,2014,FOF,5,6,M,66,,10.5,146,,ABP,spring,0,,
Z081040,2014,FOF,6,5,F,,,,140,,ABP,spring,0,,
Z081039,2014,FOF,6,5,M,,,,140,,ABP,spring,0,,
Z632409,2015,FOF,1,5,F,62,,11.08,148,,ABP,spring,0,,
Z632410,2015,FOF,1,5,M,66,,10.64,148,,ABP,spring,0,,
Z632451,2015,FOF,3,5,F,61,,11.23,150,,ABP,spring,0,,
Z081139,2015,FOF,3,6,M,67,,11.4,150,,ABP,spring,1,,
Z632628,2015,FOF,4,5,F,64,,11.59,158,09:00,ABP,spring,0,,
Z632452,2015,FOF,5,5,F,62,,10.95,150,,ABP,spring,0,,
Z081140,2015,FOF,5,6,M,66,,10.36,150,,ABP,spring,1,,
Z632481,2015,FOF,6,5,F,61,,,151,,ABP,spring,0,,
Z632482,2015,FOF,6,5,M,63,,11.44,151,,ABP,spring,0,,
Z632850,2016,FOF,1,5,F,62,,11.52,155,08:20,IBC,spring,0,,
Z081936,2016,FOF,1,5,M,64,,10.91,155,08:20,IBC,spring,1,,
Z632962,2016,FOF,2,5,F,61,,10.55,157,09:05,ABP,spring,0,,
Z081713,2016,FOF,2,6,M,65,,10.82,157,09:05,ABP,spring,1,,
Z632957,2016,FOF,3,6,F,64,,11.03,156,11:00,ABP,spring,0,,
Z081139,2016,FOF,3,6,M,66,,11.34,155,09:20,IBC,spring,1,,
Z632956,2016,FOF,4,5,F,62,,10.44,156,10:50,ABP,spring,0,,
Z632386,2016,FOF,4,6,M,65,,11.2,153,07:25,ABP,spring,0,,
Z632383,2016,FOF,5,6,F,62,,11.17,151,11:20,ABP,spring,0,,
Z632955,2016,FOF,6,6,F,63,,10.58,156,10:40,ABP,spring,0,,
Z632410,2016,FOF,6,6,M,67,,10.97,156,10:40,ABP,spring,1,,
S229257,2017,FOF,1,5,F,64,,10.95,142,07:53,ABP,spring,0,,
Z081936,2017,FOF,1,6,M,65,,11.22,142,07:53,ABP,spring,1,recruit from FOF3 2015,
Z632957,2017,FOF,2,6,F,65,,10.82,142,08:15,ABP,spring,1,,
S921098,2017,FOF,3,5,F,62,,10.23,154,09:55,TB,spring,0,,
S228037,2017,FOF,3,5,M,65,,10.99,154,09:50,TB,spring,1,recruit from FOF5 last year,
S229085,2017,FOF,5,6,F,63,,11.24,134,09:10,ABP,spring,0,,
Z632386,2017,FOF,5,6,M,65,,11.26,134,09:10,ABP,spring,1,,
S229258,2017,FOF,6,5,F,63,,10.91,142,08:38,ABP,spring,0,,
S229259,2017,FOF,6,5,M,65,,10.87,142,08:38,ABP,spring,0,,
Z632956,2017,FOF,7,6,F,62,,10.54,138,09:10,ABP,spring,1,bred at FOF4 in 2015,
S229136,2017,FOF,7,5,M,64,,11.28,138,09:10,ABP,spring,0,,
S229076,2017,FOF,8,6,F,63,,10.63,132,10:57,TB,spring,0,,
S229075,2017,FOF,8,6,M,67,,11.81,132,10:57,TB,spring,0,,
S921927,2018,FOF,1,5,F,61,,10.47,156,09:20,ABP,spring,0,,
S229053,2018,FOF,1,5,M,63,,11.47,156,09:20,ABP,spring,1,,
Z632957,2018,FOF,2,6,F,64,,11.33,164,11:15,JB,spring,1,,
S229090,2018,FOF,2,5,M,64,,10.53,164,11:15,JB,spring,1,,
AHD7524,2018,FOF,3,5,F,61,,10.19,150,08:46,ABP,spring,0,,
AHD7523,2018,FOF,3,5,M,65,,10.18,150,08:46,ABP,spring,0,,
AHD7525,2018,FOF,4,5,F,62,,10.63,150,09:00,ABP,spring,0,,
AHD7526,2018,FOF,4,6,M,66,,11.4,150,09:00,ABP,spring,0,,
AHD7573,2018,FOF,5,5,F,63,,9.91,152,15:00,ABP,spring,0,,
Z632386,2018,FOF,5,6,M,65,,11.6,156,10:00,ABP,spring,1,,
AHD7574,2018,FOF,6,5,F,62,,11.6,152,15:10,ABP,spring,0,"polyandrous female, with 2 males at the same box.",
AHD7527,2018,FOF,6,5,M,66,,,150,09:30,ABP,spring,0,,
S229086,2018,FOF,6,5,M,65,,,150,09:30,ABP,spring,1,2 males at this nest.,
AHD7853,2019,FOF,1,5,F,63,17,10.84,144,08:40,JMS,spring,1,,
S229053,2019,FOF,1,6,M,64,17.6,10.85,144,08:40,JMS,spring,1,,
ARD6603,2019,FOF,2,5,F,62,16.5,10.4,144,08:10,JMS,spring,0,,
ARD6602,2019,FOF,2,5,M,65,17.6,10.94,144,08:10,JMS,spring,0,,
ARD6604,2019,FOF,3,5,F,64,16.4,10.64,144,08:20,JMS,spring,0,,
ARD6605,2019,FOF,3,5,M,64,17.2,10.54,144,08:20,JMS,spring,0,,
ARD6606,2019,FOF,4,5,F,61,10.6,11.54,144,09:00,JMS,spring,0,"recorded as recatch, but no earlier record.",
Z632386,2019,FOF,4,6,M,65,17.2,11.3,144,09:00,JMS,spring,1,,
ARD6611,2019,FOF,5,5,F,63,17.2,11.58,146,09:50,JMS,spring,0,,
ARD6612,2019,FOF,5,5,M,64,17.3,10.68,146,09:53,JMS,spring,0,,
ARD6402,2019,FOF,6,5,F,63,17.93,11.23,142,08:35,ABP,spring,0,,
AHD7527,2019,FOF,6,6,M,65,17.99,10.64,142,08:35,ABP,spring,1,,
ARD6401,2019,FOF,7,6,F,63,17,10.98,142,08:15,ABP,spring,0,,
S229136,2019,FOF,7,6,M,66,16.96,11.16,142,08:15,ABP,spring,1,,
ARD6609,2019,FOF,8,5,F,61,16.4,10.87,146,09:37,JMS,spring,0,,
ARD6610,2019,FOF,8,5,M,65,17.8,10.55,146,09:40,JMS,spring,0,,
ARD7523,2020,FOF,1,6,F,63,,10.24,145,07:08,ABP,spring,0,,
ARD6602,2020,FOF,1,6,M,66,,11.33,145,07:08,ABP,spring,1,,
AXH8117,2020,FOF,2,6,F,63,,10.85,158,15:10,ABP,spring,0,,
AXH9376,2020,FOF,2,5,M,65,,10.18,156,07:42,KM,spring,0,,
ARD7524,2020,FOF,3,5,F,61,,10.41,145,07:26,ABP,spring,0,,
AXH7207,2020,FOF,3,5,M,62,,10.48,145,07:26,ABP,spring,1,,
ARD6606,2020,FOF,4,6,F,64,,11.42,146,07:30,KM,spring,1,,
ARD6605,2020,FOF,4,6,M,66,,10.34,146,07:30,KM,spring,1,,
AXH9218,2020,FOF,5,5,F,61,,10.81,152,08:11,KM,spring,0,,
ARD6612,2020,FOF,5,6,M,66,,10.44,152,08:11,KM,spring,1,,
ARD7500,2020,FOF,6,4,F,62,16.9,11.2,150,07:13,JMS,spring,0,,
ARD6074,2020,FOF,6,5,M,66,17.4,11.05,150,07:10,JMS,spring,1,,
AXH9186,2020,FOF,7,5,F,62,,10.56,148,17:40,KM,spring,0,,
S229136,2020,FOF,7,6,M,64,,10.51,148,07:28,ABP,spring,1,,
AXH9377,2020,FOF,8,5,F,62,,10.68,156,08:03,KM,spring,0,,
AXH9378,2020,FOF,8,5,M,63,,10.39,156,08:03,KM,spring,0,,
AXH7899,2021,FOF,1,6,F,62,,10.71,153,08:28,JMS,spring,0,,
AXH7893,2021,FOF,1,6,M,65,,9.8,153,08:26,JMS,spring,0,,
ARD7524,2021,FOF,3,6,F,61,,10.38,163,13:47,ABP,spring,1,,net
AXH7207,2021,FOF,3,6,M,63,,11.12,161,10:25,ABP,spring,1,,
ARD6606,2021,FOF,4,6,F,64,,11.86,147,09:55,JMS,spring,1,,
ARD6605,2021,FOF,4,6,M,65,,11.34,147,09:54,JMS,spring,1,,
AXH7900,2021,FOF,6,5,F,63,,10.57,153,08:36,JMS,spring,0,,
ARD6074,2021,FOF,6,6,M,68,,11.12,153,08:38,JMS,spring,1,,
AXH9186,2021,FOF,7,6,F,62,,10.8,149,11:16,JMS,spring,1,,
S229136,2021,FOF,7,6,M,64,,11.3,149,11:14,JMS,spring,1,,
AXH7823,2021,FOF,8,5,F,61,,11.35,147,10:04,JMS,spring,0,,
AXH9378,2021,FOF,8,6,M,63,,10.34,147,10:03,JMS,spring,1,,
Z081099,2014,FOU,1,5,F,63,,,143,,JDS,spring,0,,
Z081098,2014,FOU,1,6,M,65,,,143,,JDS,spring,0,,
Z081101,2014,FOU,2,6,F,62,,,143,,ABP,spring,0,,
Z081100,2014,FOU,2,6,M,68,,,143,,ABP,spring,0,,
Z081183,2014,FOU,5,6,F,60,,11.5,149,,ABP,spring,0,,
Z081184,2014,FOU,5,6,M,64,,10.5,149,,ABP,spring,0,,
Z081257,2015,FOU,3,5,M,64,,11.1,147,13:45,IBC,spring,1,,
Z632210,2015,FOU,4,6,M,65,,10.45,149,14:10,IBC,spring,0,,
Z632212,2015,FOU,6,6,F,62,,9.61,149,14:25,IBC,spring,0,,
Z632211,2015,FOU,6,5,M,66,,10.94,149,14:25,IBC,spring,0,,
Z081098,2016,FOU,1,6,M,65,,10.83,147,10:30,IBC,spring,1,FOU1 6M from 2014,
Z081257,2016,FOU,2,6,M,65,,10.96,156,13:30,IBC,spring,1,,
Z632865,2016,FOU,3,6,F,59,,11.34,158,11:45,IBC,spring,0,,
Z632854,2016,FOU,3,5,M,63,,10.2,156,12:45,IBC,spring,0,,
Z632882,2016,FOU,5,5,F,61,,11.03,154,15:20,JDS,spring,0,,
S922017,2017,FOU,1,6,F,62,,10.39,141,13:30,GD,spring,0,,
Z081098,2017,FOU,1,6,M,65,,10.95,141,13:30,GD,spring,1,was age 6 at FOU1 in 2014!,
Z081252,2017,FOU,3,6,M,63,,11.16,145,15:10,GD,spring,1,"was scored as F by Gergana, but in 2018 identified as a male.",
S922516,2017,FOU,4,5,F,63,,11.23,149,18:00,JDS,spring,0,,
Z081257,2017,FOU,4,6,M,67,,11.46,149,18:00,JDS,spring,1,recruit from FOU1 in 2014,
S922098,2017,FOU,5,6,M,67,,10.7,147,15:42,JDS,spring,0,,
S922097,2017,FOU,6,6,F,64,,10.14,147,15:12,JDS,spring,0,,
S921859,2018,FOU,1,6,F,63,,11.09,153,15:00,JB,spring,0,,
Z081252,2018,FOU,1,6,M,64,,11.42,153,14:50,JB,spring,1,,
AXB5093,2018,FOU,2,5,F,62,,,155,14:55,JB,spring,1,exciting a control from elsewhere,
AHD7310,2018,FOU,2,5,M,65,,10.8,155,14:45,JB,spring,0,,
S922918,2018,FOU,4,5,F,61,,10.42,145,16:20,DAP,spring,0,,
S922917,2018,FOU,4,6,M,65,,11.32,145,16:20,DAP,spring,0,,
S921799,2018,FOU,7,6,M,65,,11.09,147,15:00,JB,spring,0,,
ARD7166,2019,FOU,2,5,F,61,17.96,11.07,145,16:05,KM,spring,0,,
AHD7793,2019,FOU,2,5,M,67,18.63,11.53,145,16:05,KM,spring,1,,
ARD6250,2019,FOU,3,4,F,61,,11.01,137,16:00,JC,spring,0,,
ARD6251,2019,FOU,3,4,M,65,,10.83,137,16:10,JC,spring,0,,
ARD6657,2019,FOU,5,5,F,62,17.4,11.3,149,13:26,JMS,spring,0,,
ARD6658,2019,FOU,5,5,M,62,16.8,9.9,149,13:29,JMS,spring,0,,
ARD7234,2019,FOU,8,5,F,59,19.94,10.66,147,14:20,KK,spring,0,,
ARD7233,2019,FOU,8,5,M,65,18.84,10.78,147,14:20,KK,spring,0,,
ARD6250,2020,FOU,3,6,F,64,,10.15,153,07:00,ABP,spring,1,,net
AXH7472,2020,FOU,3,5,M,65,,9.95,153,07:00,ABP,spring,0,,net
ARD6658,2020,FOU,5,6,M,65,,9.9,153,07:23,ABP,spring,1,,net
AXH9256,2020,FOU,6,5,F,63,,9.84,153,06:40,KM,spring,0,,
ARD6657,2020,FOU,8,6,F,63,,10.68,153,07:44,KM,spring,1,,
ARD6250,2021,FOU,4,6,F,63,,10.21,154,09:38,ABP,spring,1,,net
_APR7242,2021,FOU,4,5,M,66,,10.72,154,09:38,ABP,spring,0,,net
AXH7763,2021,FOU,5,6,M,64,,10.62,154,15:09,JMS,spring,0,,
AXH8617,2021,FOU,6,6,F,63,,10.27,164,06:28,EAM,spring,0,,
AXH8560,2021,FOU,8,6,F,62,,10.22,164,08:55,KM,spring,0,,
Z081816,2014,FSH,3,5,F,61,,10.01,156,,JDS,spring,0,,
Z081616,2014,FSH,5,6,F,62,,10.3,150,,ABP,spring,0,,
Z081615,2014,FSH,5,6,M,66,,11.1,150,,ABP,spring,0,,
Z632353,2015,FSH,2,5,F,60,,10.7,160,14:25,IBC,spring,0,,
Z632352,2015,FSH,2,5,M,65,,10.76,160,14:25,IBC,spring,0,,
Z632914,2015,FSH,3,5,F,61,,10.56,162,13:00,IBC,spring,0,,
Z632915,2015,FSH,3,5,M,62,,11.02,162,13:00,IBC,spring,0,,
Z632283,2015,FSH,4,5,F,61,,10.69,154,13:50,IBC,spring,0,,
Z081616,2015,FSH,5,6,F,60,,10.83,160,14:55,IBC,spring,1,,
Z081615,2015,FSH,6,6,M,66,,11.61,154,14:25,IBC,spring,1,,
Z632900,2016,FSH,3,6,M,66,,10.98,163,16:20,JDS,spring,0,,
Z632977,2016,FSH,5,5,F,62,,10.46,161,18:05,ABP,spring,0,,
Z632978,2016,FSH,5,5,M,62,,9.77,161,18:05,ABP,spring,0,,
S921621,2017,FSH,2,5,F,62,,10.45,164,15:38,KM,spring,0,,
Z632900,2017,FSH,2,6,M,66,,10.51,164,15:38,KM,spring,1,,
S921348,2017,FSH,3,5,F,61,,10.52,156,15:18,TB,spring,0,,
S921347,2017,FSH,3,5,M,64,,11.01,156,15:13,TB,spring,0,,
Z632977,2017,FSH,4,6,F,64,,10.45,166,15:00,TB,spring,1,,
S921627,2017,FSH,4,6,M,64,,10.71,166,15:00,TB,spring,0,,
S921557,2017,FSH,5,5,F,63,,10.95,158,16:30,TB,spring,0,,
Z632978,2017,FSH,5,6,M,62,,9.32,158,16:30,TB,spring,1,,
S921578,2017,FSH,6,6,F,62,,11.41,160,16:00,TB,spring,0,,
S921577,2017,FSH,6,5,M,64,,10.67,160,16:00,TB,spring,0,,
S922957,2018,FSH,2,5,F,63,,11.44,146,13:26,DAP,spring,0,,
Z632900,2018,FSH,2,6,M,67,,11.43,146,15:56,DAP,spring,1,bred at FSH3 in 2016 and FSH2 in 2017,
AHD7975,2018,FSH,3,5,F,64,,11.52,162,15:45,KM,spring,0,,
AHD7976,2018,FSH,3,5,M,64,,10.55,162,15:45,KM,spring,0,,
AHD7166,2018,FSH,5,6,F,62,,10.37,152,07:00,JMS,spring,0,,
AHD7165,2018,FSH,5,6,M,66,,10.01,152,06:57,JMS,spring,0,,
Z632977,2018,FSH,8,6,F,64,,10.14,150,16:11,DAP,spring,1,,
AHD7038,2018,FSH,8,6,M,68,,11.15,150,16:11,DAP,spring,0,,
ARD7756,2019,FSH,1,6,F,64,17.55,11.5,152,16:50,KM,spring,0,,
ARD7755,2019,FSH,1,6,M,68,18.41,10.56,152,16:50,KM,spring,0,,
ARD7794,2019,FSH,2,5,F,62,16.7,11.32,154,16:25,KK,spring,0,,
ARD7793,2019,FSH,2,5,M,64,17.9,10.06,154,16:25,KK,spring,0,,
S922957,2019,FSH,3,6,F,64,16.44,11.35,146,18:50,JC,spring,1,,
Z632900,2019,FSH,3,6,M,66,16.46,11.49,146,18:50,JC,spring,1,,
ARD7382,2019,FSH,4,5,F,61,14.82,,158,17:30,KK,spring,0,,
AHD7759,2019,FSH,4,4,M,63,15.76,10.3,158,17:30,KK,spring,1,,
ARD7256,2019,FSH,5,5,F,62,14.71,10.12,148,16:15,KK,spring,0,,
S921578,2019,FSH,6,6,F,61,17.9,11.65,158,17:53,JC,spring,1,,
S921577,2019,FSH,6,6,M,64,17.5,10.65,158,17:53,JC,spring,1,"changed ring ID from S921579 to S921577, as this seems more likely (FSH male rather than INS female).",
ARD7756,2020,FSH,1,6,F,63,,11.14,170,14:01,ABP,spring,1,,net
S922957,2020,FSH,3,6,F,65,,11.66,159,15:25,KM,spring,1,,
Z632900,2020,FSH,3,6,M,67,,11.06,159,15:25,KM,spring,1,,
AXH9451,2020,FSH,5,5,F,64,,11.14,159,14:35,KM,spring,0,,
AXH9452,2020,FSH,5,5,M,62,,10.44,159,14:35,KM,spring,0,,
S921684,2020,FSH,6,6,F,63,,10.41,159,14:04,KM,spring,1,,
AXH9445,2020,FSH,6,6,M,67,,11.12,159,14:04,KM,spring,0,,
AXH8598,2021,FSH,1,5,F,63,,10.45,169,09:10,KM,spring,0,,
ARD7491,2021,FSH,1,5,M,63,,9.39,169,09:10,KM,spring,1,,
AXH8588,2021,FSH,2,5,F,63,,10.69,167,08:35,KM,spring,0,,
AXH8589,2021,FSH,2,6,M,66,,10.13,167,08:35,KM,spring,0,,
S922957,2021,FSH,3,6,F,65,,11.66,160,12:10,KM,spring,1,,
Z632900,2021,FSH,3,6,M,67,,11.3,160,12:10,KM,spring,1,,
AXH9882,2021,FSH,4,6,F,61,,10.1,163,09:45,SEL,spring,0,,
AXH9451,2021,FSH,5,6,F,65,,10.89,160,13:00,KM,spring,1,,
AXH8546,2021,FSH,5,6,M,67,,10.1,160,13:00,KM,spring,0,,
AXH8591,2021,FSH,8,6,F,63,,10.61,167,09:50,KM,spring,0,,
AXH8590,2021,FSH,8,6,M,67,,9.65,167,09:50,KM,spring,0,,
Z081116,2014,GLF,1,5,F,62,,,144,,ABP,spring,0,,
Z081117,2014,GLF,1,6,M,66,,,144,,ABP,spring,0,,
Z081689,2014,GLF,2,5,F,60,,10.7,154,,ABP,spring,0,,
Z081690,2014,GLF,2,5,M,66.5,,10.9,154,,ABP,spring,0,,
Z081717,2014,GLF,5,6,M,66,,10.87,158,,ABP,spring,0,,
Z081144,2014,GLF,6,5,M,62,,11,146,,ABP,spring,0,,
Z081690,2015,GLF,1,6,M,69,,11.14,157,13:00,ABP,spring,1,,
Z632476,2015,GLF,2,5,F,61,,10.05,151,,ABP,spring,0,,
Z632623,2015,GLF,3,6,M,65,,10.38,157,13:30,ABP,spring,0,,
Z632624,2015,GLF,3,5,F,62,,,157,13:30,ABP,spring,0,"recorded as M but changed to F based on wing, age and lack of comments on F",
Z632526,2015,GLF,4,5,F,64,,11.2,153,11:00,ABP,spring,0,,
Z632527,2015,GLF,4,6,M,65,,10.3,153,11:00,ABP,spring,0,,
Z632625,2015,GLF,5,6,M,67,,10.71,157,14:00,ABP,spring,0,,
Z632478,2015,GLF,6,5,F,61,,10.84,151,,ABP,spring,0,,
Z632477,2015,GLF,6,5,M,65,,11.88,151,,ABP,spring,0,,
Z632990,2016,GLF,1,6,F,62,,10.89,162,15:25,ABP,spring,0,,
Z632989,2016,GLF,1,5,M,65,,10.42,162,15:25,ABP,spring,0,,
Z632965,2016,GLF,2,6,F,62,,11.21,158,14:10,KK,spring,0,,
Z632966,2016,GLF,2,6,M,65,,11.64,158,14:10,KK,spring,0,,
Z632868,2016,GLF,3,5,F,62,,10.34,160,13:25,IBC,spring,0,,
Z632867,2016,GLF,3,5,M,63,,10.05,160,13:25,IBC,spring,0,,
Z632869,2016,GLF,4,6,M,66,,9.84,160,13:50,IBC,spring,0,,
Z632967,2016,GLF,5,6,F,62,,10.8,158,14:35,KK,spring,0,,
Z632625,2016,GLF,5,6,M,67,,11.15,158,14:35,KK,spring,1,,
Z632478,2016,GLF,6,6,F,62,,10.04,158,14:30,ABP,spring,1,,
Z632477,2016,GLF,6,6,M,67,,11.61,150,15:00,JDS,spring,1,same box as 2015,
S922836,2017,GLF,1,6,F,63,,11.11,147,13:30,ABP,spring,0,,
Z632966,2017,GLF,1,6,M,65,,11.9,147,13:30,ABP,spring,1,,
Z632868,2017,GLF,3,6,F,64,,10.68,153,14:25,ABP,spring,1,,
Z632869,2017,GLF,3,6,M,65,,10.6,153,14:25,ABP,spring,1,,
Z632967,2017,GLF,4,6,F,64,,11,158,11:25,KM,spring,1,,
Z632869,2017,GLF,4,6,M,65,,10.4,158,11:25,KM,spring,1,,
S921211,2017,GLF,5,5,F,61,,10.13,154,12:05,KK,spring,0,,
S921210,2017,GLF,5,6,M,61,,10.31,154,12:05,KK,spring,0,,
Z632478,2017,GLF,6,6,F,61,,9.96,151,12:50,ABP,spring,1,,
S922717,2017,GLF,8,6,F,65,,10.32,151,11:50,ABP,spring,0,,
S922718,2017,GLF,8,6,M,63,,10.94,151,11:50,ABP,spring,0,,
S921949,2018,GLF,1,5,F,60,,10.6,159,13:00,ABP,spring,0,,
S921948,2018,GLF,1,6,M,64,,10.16,159,13:00,ABP,spring,0,,
S921491,2018,GLF,2,6,F,65,,11.96,149,13:40,JB,spring,0,,
Z632966,2018,GLF,2,6,M,66,,11.87,149,13:50,JB,spring,1,,
Z632868,2018,GLF,3,6,F,63,,10.48,159,15:24,ABP,spring,1,,
Z632867,2018,GLF,3,6,M,66,,10.86,159,15:24,ABP,spring,1,,
S922717,2018,GLF,4,6,F,64,,9.87,151,16:37,DAP,spring,1,"GLF8 last year, divorce",
Z632869,2018,GLF,4,6,M,66,,10.24,151,06:37,DAP,spring,1,,
Z632478,2018,GLF,5,6,F,62,,10.38,156,14:10,ABP,spring,1,,
Z632477,2018,GLF,5,6,M,65,,11.3,149,13:50,ABP,spring,1,,
S921950,2018,GLF,6,6,F,62,,10.49,159,14:20,ABP,spring,0,based on state of chicks think this is solo parent,
AHD7578,2018,GLF,7,6,F,63,,11.2,154,09:48,ABP,spring,0,,
S921947,2018,GLF,7,6,M,65,,11.22,158,15:21,ABP,spring,0,,
S921935,2018,GLF,8,5,F,61,,10.84,156,13:40,ABP,spring,0,,
S922718,2018,GLF,8,6,M,64,,11.3,151,17:30,KM,spring,1,Same nestbox last year,
S921491,2019,GLF,1,6,F,63,16.9,11.4,145,10:20,ABP,spring,1,,
Z632966,2019,GLF,1,6,M,66,18.35,11.73,145,10:20,ABP,spring,1,,
Z632868,2019,GLF,3,6,F,64,16.7,10.85,156,09:50,ABP,spring,1,,
Z632867,2019,GLF,3,6,M,65,17.1,10.5,156,09:50,ABP,spring,1,,
AHD7578,2019,GLF,4,6,F,63,17.2,10.91,151,12:01,JMS,spring,1,,
ARD6162,2019,GLF,5,5,F,63,16.4,11.63,135,12:10,JMS,spring,0,,
ARD7651,2019,GLF,7,5,F,64,16.55,10.49,151,11:55,ABP,spring,0,,
ARD7650,2019,GLF,7,6,M,66,18.4,11.34,151,11:55,ABP,spring,0,,
ARD6433,2019,GLF,8,5,F,61,16.62,11.07,142,12:50,ABP,spring,0,,
ARD6432,2019,GLF,8,6,M,66,17.95,10.57,142,12:50,ABP,spring,0,,
S921491,2020,GLF,2,6,F,65,,11.15,150,16:46,ABP,spring,1,,net
S228366,2020,GLF,2,6,M,65,,10.39,148,10:01,ABP,spring,1,,
ARD7517,2020,GLF,3,5,F,62,,11.12,150,14:15,KM,spring,1,recorded as ARD75710 - too many digits. Deduced that as retrap must have been ARD7517. Needs checking,
AHD7885,2020,GLF,3,6,M,67,,11.39,150,14:15,KM,spring,1,,
AXH9505,2020,GLF,4,5,F,61,,10.74,166,09:40,KM,spring,0,,
ARD6432,2020,GLF,4,6,M,67,,10.94,166,09:40,KM,spring,1,,
ARD6433,2020,GLF,5,6,F,61,,11.23,146,08:19,ABP,spring,1,,
AXH7217,2020,GLF,5,6,M,68,,10.17,146,08:19,ABP,spring,1,,
AXH9192,2020,GLF,7,5,F,62,,10.44,150,09:10,KM,spring,0,,
AXH9193,2020,GLF,7,5,M,65,,9.93,150,09:10,KM,spring,0,,
AHD7859,2020,GLF,8,6,F,65,,10.8,156,11:37,KM,spring,1,,
ARD6572,2020,GLF,8,5,M,64,,10.57,154,13:00,ABP,spring,1,,
S921491,2021,GLF,2,6,F,65,,11.43,151,11:34,ABP,spring,1,,
S228366,2021,GLF,2,6,M,65,,10.69,151,11:34,ABP,spring,1,,
_APR7314,2021,GLF,3,6,F,64,,10.86,161,11:05,JMS,spring,0,,
_APR7315,2021,GLF,3,5,M,65,,10.49,161,11:07,JMS,spring,0,,
ARD6433,2021,GLF,4,6,F,61,,11,159,11:10,ABP,spring,1,,
ARD6432,2021,GLF,4,6,M,66,,10.44,159,11:10,ABP,spring,1,,
AXH9505,2021,GLF,5,6,F,61,,10.76,157,12:47,ABP,spring,1,,net
AXH7217,2021,GLF,5,6,M,68,,10.15,155,12:59,ABP,spring,1,,
_APR7230,2021,GLF,6,5,F,61,,11.58,153,13:55,ABP,spring,0,,
AXH7797,2021,GLF,6,6,M,65,,10.85,157,13:11,JMS,spring,0,,
AXH9192,2021,GLF,7,6,F,62,,10.32,157,12:40,JMS,spring,1,,
ARD7537,2021,GLF,7,5,M,64,,10.58,157,12:42,JMS,spring,1,GLF2 pullus 2020,
AHD7859,2021,GLF,8,6,F,65,,11.05,157,13:00,JMS,spring,1,,
AXH7217,2021,GLF,8,6,M,67,,10.46,167,11:40,ABP,spring,1,,net
S922548,2017,HWP,6,6,F,61,,10.32,153,10:41,KM,spring,0,,
S922549,2017,HWP,6,6,M,65,,10.39,153,10:41,KM,spring,0,,
S922999,2018,HWP,1,6,F,64,,10.73,149,08:54,DAP,spring,0,,
S923000,2018,HWP,1,5,M,65,,10.9,149,08:54,DAP,spring,0,,
S922548,2018,HWP,6,6,F,62,,NA,151,10:10,JMS,spring,1,escaped before age and mass could be recorded,
AHD7103,2018,HWP,6,4,M,62,,11.06,151,10:13,JMS,spring,0,,
AHD7084,2018,HWP,8,5,F,61,,10.42,155,09:47,DAP,spring,0,POSSIBLY LONE FEMALE,
ARD7148,2019,HWP,1,6,F,64,17.96,11.08,144,19:20,KM,spring,0,,
ARD7147,2019,HWP,1,5,M,65,18.26,11.37,144,19:20,KM,spring,0,,
AXH8243,2020,HWP,1,5,F,60,,9.78,164,13:46,ABP,spring,0,,net
AXH8176,2020,HWP,1,5,M,65,,10.85,159,13:52,ABP,spring,0,,
AXH8185,2020,HWP,4,5,F,61,,10.73,159,14:13,ABP,spring,0,,
AXH8186,2020,HWP,4,5,M,66,,11.59,159,14:13,ABP,spring,0,,
AXH8248,2020,HWP,5,5,F,63,,10,170,13:08,ABP,spring,0,,
AXH8194,2020,HWP,6,6,F,62,,10.77,159,14:51,ABP,spring,0,,
ARD7147,2020,HWP,6,6,M,65,,11.19,159,14:51,ABP,spring,1,,
AXH9493,2020,HWP,7,6,F,63,,10.34,164,10:34,KM,spring,0,,
AXH9686,2021,HWP,1,5,F,63,,11.17,154,09:25,KM,spring,0,,
AXH9687,2021,HWP,1,5,M,62,,10.06,154,09:25,KM,spring,0,,
AXH8528,2021,HWP,4,5,F,61,,10.33,157,19:10,KM,spring,0,,
AXH8194,2021,HWP,5,6,F,63,,10.43,154,10:15,KM,spring,1,,
Z081854,2014,INS,6,5,F,60,,9.74,160,,JDS,spring,0,,
Z081853,2014,INS,6,5,M,63,,10.21,160,,JDS,spring,0,,
Z081853,2016,INS,5,6,M,65,,10.16,161,18:40,JDS,spring,1,,
S921558,2017,INS,3,5,F,62,,10.2,158,17:30,TB,spring,0,,
S921349,2017,INS,3,6,M,63,,9.47,156,16:30,KK,spring,0,,
S921312,2017,INS,4,5,F,64,,11.19,154,19:30,KM,spring,0,"changed from FSH to INS, as there is another pair recorded at FSH4",
S921313,2017,INS,4,5,M,64,,10.58,154,19:30,KM,spring,0,chnaged from FSH to INS,
S921579,2017,INS,7,6,F,62,,9.98,160,17:33,TB,spring,0,,
S921373,2017,INS,7,5,M,65,,10.77,158,17:25,KK,spring,0,,
AHD7380,2018,INS,2,6,F,62,,10.2,158,16:30,JB,spring,0,,
AHD7381,2018,INS,2,6,M,65,,10.85,158,16:30,JB,spring,0,,
S921579,2018,INS,4,6,F,64,,10.31,156,19:56,DAP,spring,1,INS7 in 2017,
AHD7707,2018,INS,4,5,M,67,,10.96,156,19:56,DAP,spring,0,,
S921312,2018,INS,6,6,F,66,,10.87,166,16:00,DAP,spring,1,FSH4 in 2017!,
AHD7826,2018,INS,6,5,M,65,,10.38,160,18:45,JMS,spring,0,,
AHD7825,2018,INS,7,5,F,62,,9.87,160,18:42,JMS,spring,0,,
AHD7824,2018,INS,7,5,M,65,,9.68,160,18:40,JMS,spring,0,,
ARD7356,2019,INS,1,5,F,61,17.1,10.45,148,17:09,JC,spring,0,,
ARD7355,2019,INS,1,5,M,64,18,10.39,148,17:09,JC,spring,0,,
ARD7765,2019,INS,4,5,F,61,17.42,10.36,152,18:20,KM,spring,0,,
ARD7764,2019,INS,4,5,M,67,17.34,10.57,152,18:20,KM,spring,0,,
ARD7795,2019,INS,7,6,F,63,16.22,11.29,154,17:40,KK,spring,0,,
AHD7826,2019,INS,7,6,M,66,17.39,10.53,154,17:40,KK,spring,1,,
AXH9501,2020,INS,3,5,F,61,,10.78,164,12:20,KM,spring,0,,
AXH9500,2020,INS,3,6,M,67,,10.29,164,12:20,KM,spring,0,,
AXH8241,2020,INS,4,6,F,62,,10.47,164,13:19,ABP,spring,0,,net
AXH8242,2020,INS,4,5,M,66,,10.02,164,13:19,ABP,spring,0,,
AXH8240,2020,INS,5,5,F,61,,10.26,164,12:41,ABP,spring,0,,net
ARD6805,2020,INS,5,5,M,66,,10.34,159,15:55,JMS,spring,1,,
ARD7795,2020,INS,7,6,F,63,,,164,12:52,ABP,spring,1,,net
AHD7826,2020,INS,7,6,M,67,,10.65,164,12:52,ABP,spring,1,,net
AXH9858,2021,INS,4,5,F,61,,10.2,159,19:30,SEL,spring,0,,
AXH9500,2021,INS,4,6,M,67,,10.6,159,19:55,SEL,spring,1,,
AXH9914,2021,INS,5,5,F,59,,10.18,169,08:00,SEL,spring,0,,
ARD7795,2021,INS,7,6,F,64,,10.62,160,11:10,KM,spring,1,,
AXH8545,2021,INS,7,5,M,63,,10.16,160,11:10,KM,spring,0,,
Z081709,2014,KCK,1,5,F,61.5,,11.6,154,,ABP,spring,0,,
Z081700,2014,KCK,1,6,M,65,,11.6,154,,ABP,spring,0,,
Z081699,2014,KCK,2,6,M,64,,10.2,154,,ABP,spring,0,,
Z081838,2014,KCK,3,5,F,64,,10.86,158,,JDS,spring,0,,
Z081863,2014,KCK,6,6,M,66,,10.8,162,,JDS,spring,0,looks god awful,
Z632700,2015,KCK,4,6,F,62,,11.35,161,10:30,ABP,spring,0,,
Z632690,2015,KCK,4,5,M,64,,10.37,161,09:30,ABP,spring,0,,
Z632812,2015,KCK,5,5,F,61,,11.44,165,12:30,JDS,spring,0,,
Z632997,2016,KCK,1,5,F,58,,9.36,166,09:36,ABP,spring,0,,
Z632998,2016,KCK,3,6,F,62,,10.02,166,10:10,ABP,spring,0,,
Z632999,2016,KCK,3,5,M,65,,10.24,166,10:10,ABP,spring,0,,
Z632997,2017,KCK,1,6,F,61,,10.12,152,14:30,ABP,spring,1,,
S922760,2017,KCK,1,5,M,63,,10.23,152,14:30,ABP,spring,0,,
Z632998,2017,KCK,2,6,F,63,,10.24,155,10:03,KM,spring,1,,
S921217,2017,KCK,2,5,M,67,,11.31,155,10:03,KM,spring,0,,
S922795,2017,KCK,8,5,F,63,,10.08,153,08:40,ABP,spring,0,,
S922794,2017,KCK,8,5,M,63,,10.23,153,08:40,ABP,spring,0,,
AHD7829,2018,KCK,1,5,F,60,,9.62,161,11:57,JMS,spring,0,,
AHD7830,2018,KCK,1,5,M,63,,11.35,161,12:00,JMS,spring,0,,
Z632998,2018,KCK,3,6,F,62,,9.74,161,10:22,JMS,spring,1,,
AHD7926,2018,KCK,5,6,F,63,,11.2,158,15:18,JMS,spring,0,,
Z632993,2018,KCK,5,6,M,64,,10.45,158,15:15,JMS,spring,1,,
AHD7927,2018,KCK,6,5,F,62,,9.95,158,15:40,JMS,spring,0,,
AHD7928,2018,KCK,6,5,M,63,,11.11,158,15:43,JMS,spring,0,,
ARD7293,2019,KCK,1,6,F,63,15.5,,151,07:11,JMS,spring,0,,
AHD7830,2019,KCK,1,6,M,65,17.7,11.29,151,07:08,JMS,spring,1,,
S922795,2019,KCK,4,6,F,64,16.61,9.99,149,10:00,KK,spring,1,originally entered as a 4 but has history,
ARD7040,2019,KCK,6,5,F,62,16.01,10.56,155,12:25,KK,spring,0,,
ARD7041,2019,KCK,6,5,M,65,18.3,11.38,155,12:25,KK,spring,0,,
ARD7678,2019,KCK,7,5,F,62,16.9,9.84,161,10:32,ABP,spring,0,,
ARD6617,2019,KCK,8,6,F,62,17.8,10.81,147,09:14,JMS,spring,0,,
ARD6616,2019,KCK,8,5,M,65,17.5,10.43,147,09:11,JMS,spring,0,,
AXH9504,2020,KCK,1,6,F,63,,10.37,164,16:48,KM,spring,0,,
AXH8246,2020,KCK,1,5,M,64,,11.03,166,13:53,ABP,spring,0,,net
ARD7047,2020,KCK,3,6,F,63,,10.22,162,10:08,ABP,spring,1,net. Think this bird was never entered - check Kat's book from 2019. Tried to enter by hand in 2020but system didn't recognise ring number ,net
AXH8218,2020,KCK,4,5,F,61,,10.63,162,09:32,ABP,spring,0,,
AXH8219,2020,KCK,4,5,M,66,,11.42,162,09:32,ABP,spring,0,,
ARD7040,2020,KCK,6,6,F,62,,10.25,160,14:37,KM,spring,1,,
ARD7041,2020,KCK,6,6,M,66,,12.27,166,12:30,ABP,spring,1,,
AXH9790,2021,KCK,1,6,F,62,,9.74,153,11:55,SEL,spring,0,,
AXH9791,2021,KCK,1,5,M,65,,9,153,11:58,SEL,spring,0,,
AXH7975,2021,KCK,2,5,F,63,,10,163,10:31,ABP,spring,0,,
AXH8513,2021,KCK,2,6,M,65,,11.23,163,10:31,ABP,spring,1,,
AXH8912,2021,KCK,5,5,F,62,,10.09,155,12:13,EAM,spring,0,,
AXH8513,2021,KCK,5,6,M,66,,10.76,157,12:30,KM,spring,0,,
AXH8512,2021,KCK,8,5,F,64,,10.11,157,12:15,KM,spring,0,,
AXH9868,2021,KCK,8,5,M,63,,9.88,161,11:15,SEL,spring,0,,
Z632940,2015,KCZ,3,5,F,61,,,169,11:00,IBC,spring,0,,
Z632937,2015,KCZ,3,6,M,65,,10.83,167,12:00,IBC,spring,0,,
Z632610,2015,KCZ,4,6,F,63,,11.43,157,09:00,ABP,spring,0,,
Z632611,2015,KCZ,4,6,M,63,,10.62,157,09:00,ABP,spring,0,,
Z632691,2015,KCZ,5,5,F,62,,10.35,161,10:00,ABP,spring,0,,
Z632692,2015,KCZ,5,5,M,64,,10.11,161,10:00,ABP,spring,0,,
Z632938,2015,KCZ,6,6,F,59,,10.91,167,12:05,IBC,spring,0,,
Z632813,2015,KCZ,6,6,M,68,,10.87,165,13:00,JDS,spring,0,,
S228846,2016,KCZ,1,6,F,63,,10.72,164,13:20,JDS,spring,0,,
S228845,2016,KCZ,1,5,M,66,,10.67,164,13:20,JDS,spring,0,,
Z632983,2016,KCZ,3,6,F,65,,10.82,162,10:30,ABP,spring,0,,
Z632937,2016,KCZ,3,6,M,66,,11.44,162,10:30,ABP,spring,1,,
Z632610,2016,KCZ,4,6,F,63,,11.65,162,10:40,ABP,spring,1,,
Z632692,2016,KCZ,4,6,M,64,,10.38,162,10:40,ABP,spring,1,,
Z632985,2016,KCZ,5,5,F,62,,10.59,162,10:55,ABP,spring,0,,
Z632984,2016,KCZ,5,5,M,63,,10.69,162,10:55,ABP,spring,0,,
Z632993,2016,KCZ,6,5,M,63,,9.75,165,11:30,ABP,spring,0,,
S922796,2017,KCZ,4,5,F,62,,10.45,153,09:00,ABP,spring,0,,
Z632984,2017,KCZ,4,6,M,63,,10.59,153,09:00,ABP,spring,1,,
S922333,2017,KCZ,8,5,F,,,11.19,143,08:00,ABP,spring,0,has been sitting on no eggs for several days - has a brood patch,
AHD7386,2018,KCZ,5,5,F,63,,10.71,159,10:45,JB,spring,0,,
AHD7385,2018,KCZ,5,6,M,67,,10.25,159,10:45,JB,spring,0,,
AHD7828,2018,KCZ,6,6,F,63,,10.54,161,11:30,JMS,spring,0,,
AHD7827,2018,KCZ,6,5,M,65,,10.7,161,11:31,JMS,spring,0,,
AHD7384,2018,KCZ,8,5,F,61,,10.22,159,10:00,JB,spring,0,,
AHD7383,2018,KCZ,8,5,M,66,,10.55,159,10:00,JB,spring,0,,
ARD7900,2019,KCZ,3,5,F,63,16.7,10,155,10:55,KK,spring,0,,
AHD7422,2019,KCZ,4,5,F,63,17.26,,155,11:15,KK,spring,1,,
AHD7422,2019,KCZ,4,5,F,64,17.1,10.5,158,16:00,JMS,spring,1,,
ARD7039,2019,KCZ,5,5,F,60,16.38,10.04,155,11:05,KK,spring,0,,
AHD7828,2019,KCZ,6,6,F,62,16.4,10.84,158,15:32,JMS,spring,1,,
AHD7827,2019,KCZ,6,6,M,65,17.74,10.88,154,17:40,KM,spring,1,,
AHD7384,2019,KCZ,7,6,F,63,16.8,11.19,154,17:10,JC,spring,1,,
ARD7028,2019,KCZ,7,5,M,63,17.27,11.69,154,17:10,JC,spring,0,,
ARD7084,2019,KCZ,8,5,F,64,17.8,10.61,162,17:20,KM,spring,0,,
ARD7502,2020,KCZ,1,5,F,62,,10.71,162,09:04,ABP,spring,1,,
AXH8216,2020,KCZ,4,5,F,64,,11.08,160,14:14,ABP,spring,0,,
AXH8106,2020,KCZ,4,5,M,64,,10.85,158,12:51,ABP,spring,0,,
ARD7678,2020,KCZ,5,6,F,62,,10.45,158,13:20,ABP,spring,1,,
AXH8107,2020,KCZ,5,5,M,63,,10.4,158,13:20,ABP,spring,0,,
AXH8217,2020,KCZ,8,5,F,61,,9.61,162,08:46,ABP,spring,0,,net
AXH8245,2020,KCZ,8,5,M,67,,10.63,166,13:12,ABP,spring,0,,net
AXH8953,2021,KCZ,2,6,F,61,,10.31,159,10:28,EAM,spring,0,,
AXH8514,2021,KCZ,5,5,F,60,,10.4,157,13:30,KM,spring,0,,
AXH8951,2021,KCZ,6,6,F,64,,9.89,159,09:36,EAM,spring,0,,
AXH8952,2021,KCZ,6,5,M,66,,9.92,159,09:36,EAM,spring,0,,
AXH8660,2021,KCZ,8,6,F,61,,9.32,169,11:01,EAM,spring,0,,
Z081687,2014,LVN,1,5,F,63,,10.6,154,,ABP,spring,0,,
Z081688,2014,LVN,1,5,M,66,,10.6,154,,ABP,spring,0,,
Z081715,2014,LVN,2,6,F,62,,11.11,156,,ABP,spring,0,,
Z081716,2014,LVN,2,6,M,66,,10.29,156,,ABP,spring,0,,
L892095,2014,LVN,3,6,F,62,,11.32,156,,ABP,spring,1,,
V566290,2014,LVN,3,6,M,65,,,156,,ABP,spring,1,,
L894966,2014,LVN,5,6,F,64,,10.9,151,,ABP,spring,1,,
Z081649,2014,LVN,5,6,M,64,,10.9,151,,ABP,spring,0,,
D852273,2015,LVN,2,5,F,64,,11.72,150,,ABP,spring,1,but not a project retrap,
Z632461,2015,LVN,2,5,M,64,,11.55,150,,ABP,spring,0,,
Z632533,2015,LVN,4,5,F,64,,10.94,154,,ABP,spring,0,,
Z081688,2015,LVN,4,6,M,66,,10.88,154,,ABP,spring,1,,
L894966,2015,LVN,5,6,F,63,,11.22,148,,ABP,spring,1,,
Z081649,2015,LVN,5,6,M,66,,10.31,148,,ABP,spring,1,,
Z632494,2015,LVN,6,5,F,62,,,152,10:00,ABP,spring,0,,
Z632495,2015,LVN,6,5,M,62,,,152,10:00,ABP,spring,0,,
Z632533,2016,LVN,3,6,F,64,,11.29,151,12:10,ABP,spring,1,LVN 4 in 2015,
Z632384,2016,LVN,3,5,M,65,,11.37,151,12:10,ABP,spring,0,,
Z081687,2016,LVN,5,6,F,62,,10.78,153,08:46,ABP,spring,1,,
Z632398,2016,LVN,6,5,F,60,,11.1,154,15:00,ABP,spring,0,,
Z632495,2016,LVN,6,6,M,65,,10.84,154,15:00,ABP,spring,1,,
Z632398,2017,LVN,2,6,F,62,,11.14,154,10:35,TB,spring,1,,
Z632495,2017,LVN,2,6,M,64,,10.59,154,10:41,TB,spring,1,,
Z632533,2017,LVN,4,6,F,63,,10.79,152,09:10,ABP,spring,1,,
Z632384,2017,LVN,4,6,M,67,,11.4,152,09:10,ABP,spring,1,,
Z081687,2017,LVN,5,6,F,63,,10.59,154,11:04,TB,spring,1,adult (5) at LVN1 in 2014,
Z163907,2017,LVN,5,5,M,63,,,152,09:30,ABP,spring,1,not ours,
S921251,2017,LVN,6,5,F,,,11,163,14:00,ABP,spring,0,,
S921226,2017,LVN,6,6,M,65,,9.74,158,10:00,KM,spring,0,,
Z163897,2017,LVN,7,5,F,63,,10.59,152,09:40,ABP,spring,1,not ours,
S922748,2017,LVN,7,5,M,69,,10.68,152,09:40,ABP,spring,0,,
S922715,2017,LVN,8,5,F,64,,11.39,151,09:10,ABP,spring,0,,
S922716,2017,LVN,8,5,M,65,,11.75,151,09:10,ABP,spring,0,,
Z632398,2018,LVN,2,6,F,63,,10.96,156,11:00,ABP,spring,1,,
Z081687,2018,LVN,3,6,F,64,,10.48,156,11:30,ABP,spring,1,,
Z632384,2018,LVN,3,6,M,67,,11.27,150,11:30,ABP,spring,1,,
Z632533,2018,LVN,4,6,F,64,,10.56,156,11:50,ABP,spring,1,,
Z164020,2018,LVN,4,5,M,62,,10.61,156,11:50,ABP,spring,1,not our rings,
Z163897,2018,LVN,6,6,F,63,,10.44,154,10:58,ABP,spring,1,not our rings. Bred last year.,
S922748,2018,LVN,6,6,M,68,,10.47,154,10:58,ABP,spring,1,LVN7 last year,
Z163900,2018,LVN,7,6,F,63,,10.82,160,11:10,KM,spring,1,,
AHD7959,2018,LVN,7,5,M,64,,10.63,160,11:10,KM,spring,0,,
S248978,2018,LVN,8,5,F,65,,10.94,158,09:40,ABP,spring,1,not our rings,
S922716,2018,LVN,8,6,M,66,,11.36,158,09:40,ABP,spring,1,Same nestbox last year,
Z632398,2019,LVN,1,6,F,64,17.32,11.32,150,10:00,KM,spring,1,,
Z632384,2019,LVN,1,6,M,68,17.82,11.02,150,10:00,KM,spring,1,,
ARD7027,2019,LVN,3,5,F,63,17.18,10.67,154,10:50,JC,spring,0,,
ARD7026,2019,LVN,3,5,M,60,16.49,10.93,154,10:50,JC,spring,0,,
ARD7669,2019,LVN,4,5,F,61,17,10.52,156,10:40,ABP,spring,0,,
Z164020,2019,LVN,4,6,M,66,17,10.55,156,10:40,ABP,spring,1,,
S248978,2019,LVN,5,6,F,64,16.92,11.17,152,10:23,JC,spring,1,,
ARD7001,2019,LVN,5,5,M,64,17.46,10.6,152,10:23,JC,spring,0,,
ARD7896,2019,LVN,7,5,F,63,17.2,11.15,154,10:45,KM,spring,0,,
ARD7897,2019,LVN,7,5,M,65,17.15,9.83,154,10:45,KM,spring,0,,
Z163897,2019,LVN,8,6,F,64,17.82,10.86,154,11:10,KM,spring,1,,
S922748,2019,LVN,8,6,M,69,17.61,10.74,154,11:10,KM,spring,1,,
Z632398,2020,LVN,3,6,F,63,,11.85,160,10:39,KM,spring,1,,
ARD7026,2020,LVN,3,6,M,65,,10.89,160,10:39,KM,spring,1,,
AXH9390,2020,LVN,5,5,F,63,,10.14,156,09:57,KM,spring,0,,
Z164020,2020,LVN,5,6,M,66,,11.28,158,14:23,KM,spring,1,,
AXH9490,2020,LVN,6,5,F,63,,10.98,160,10:05,KM,spring,0,,
S248643,2020,LVN,6,5,M,68,,12.13,160,10:05,KM,spring,1,not our rings,
AXH7393,2020,LVN,7,5,F,63,,10.09,148,08:31,ABP,spring,0,,
S922748,2020,LVN,7,6,M,69,,10.44,148,08:31,ABP,spring,1,,
AXH9367,2020,LVN,8,5,F,62,,11.23,154,15:32,KM,spring,0,,
AXH9368,2020,LVN,8,5,M,64,,11.01,154,15:32,KM,spring,0,,
_APR7313,2021,LVN,1,5,F,60,,11.49,159,11:44,JMS,spring,0,,
AXH7216,2021,LVN,1,6,M,64,,10.25,159,11:46,JMS,spring,1,,
AXH7985,2021,LVN,4,5,F,62,,10.96,167,10:36,ABP,spring,0,,
AXH7984,2021,LVN,4,5,M,66,,11.2,167,10:36,ABP,spring,0,,
AXH7709,2021,LVN,5,6,F,64,,10.3,153,12:35,JMS,spring,0,,
Z164020,2021,LVN,5,6,M,65,,11.23,153,12:33,JMS,spring,1,,
AXH7393,2021,LVN,7,6,F,63,,10.24,143,05:51,JMS,spring,1,,
S922748,2021,LVN,7,6,M,69,,10.46,143,05:49,JMS,spring,1,,
AXH9367,2021,LVN,8,6,F,61,,11.41,147,11:59,JMS,spring,1,,
AXH7214,2021,LVN,8,6,M,65,,10.34,147,11:57,JMS,spring,1,,
Z081145,2014,MCH,3,6,M,66,,11,146,,ABP,spring,0,,
Z081685,2014,MCH,5,5,F,,,10.6,152,,ABP,spring,0,,
Z081686,2014,MCH,5,5,M,,,11.3,152,,ABP,spring,0,,
Z081104,2014,MCH,6,6,F,62,,,144,,ABP,spring,0,,
Z081800,2015,MCH,1,5,F,61,,11.75,146,,ABP,spring,0,,
Z632401,2015,MCH,1,5,M,66,,11.21,146,,ABP,spring,0,,
Z632498,2015,MCH,3,5,M,67,,10.58,152,11:30,ABP,spring,0,,
Z632497,2015,MCH,6,5,F,62,,11.12,152,11:00,ABP,spring,0,,
Z632496,2015,MCH,6,5,M,66,,10.37,152,11:00,ABP,spring,0,,
Z632390,2016,MCH,3,5,F,60,,10.53,153,11:00,ABP,spring,0,,
Z632391,2016,MCH,3,6,M,66,,10.62,153,11:00,ABP,spring,0,,
Z632395,2016,MCH,5,6,F,62,,10.73,154,11:40,ABP,spring,0,,
Z632396,2016,MCH,5,5,M,65,,10.53,154,11:40,ABP,spring,0,,
Z632847,2016,MCH,6,6,M,63,,10.4,152,13:50,IBC,spring,0,,
Z632390,2017,MCH,2,6,F,62,,9.74,151,10:40,ABP,spring,1,,
S228503,2017,MCH,3,5,F,,,,138,11:20,ABP,spring,1,recruit from SER2 in 2016,
Z632396,2017,MCH,3,6,M,66,,10.89,146,09:25,ABP,spring,1,,
S229157,2017,MCH,6,5,F,61,,9.92,138,11:10,ABP,spring,0,,
S229158,2017,MCH,6,5,M,64,,10.76,138,11:10,ABP,spring,0,,
Z632390,2018,MCH,3,6,F,62,,10.2,154,09:14,JMS,spring,1,,
AHD7248,2018,MCH,3,5,M,66,,,154,09:10,JMS,spring,0,,
AHD7247,2018,MCH,4,5,F,62,,10,153,13:21,JMS,spring,0,,
AHD7246,2018,MCH,4,5,M,64,,10.93,153,13:19,JMS,spring,0,,
AHD7602,2018,MCH,6,5,F,64,,10.55,150,09:00,KM,spring,0,,
AHD7601,2018,MCH,6,5,M,65,,10.62,150,09:00,KM,spring,0,,
Z632390,2019,MCH,1,6,F,62,16.16,10.26,147,15:40,ABP,spring,1,,
AHD7248,2019,MCH,1,6,M,67,17.87,11.2,143,19:10,ABP,spring,1,,
ARD7300,2019,MCH,2,5,F,64,17.84,10.75,154,12:50,KM,spring,0,,
AHD7248,2019,MCH,2,6,M,67,17.32,11.57,162,13:21,JC,spring,1,,
ARD6483,2019,MCH,3,5,F,58,15.99,10.31,143,19:00,ABP,spring,0,,
ARD6419,2019,MCH,3,6,M,63,16.48,9.48,142,10:30,ABP,spring,0,,
ARD6420,2019,MCH,5,5,F,62,16.32,10,142,11:20,ABP,spring,0,,
AHD7602,2019,MCH,6,6,F,64,16.34,10.98,147,15:00,ABP,spring,1,,
AHD7601,2019,MCH,6,6,M,65,17.63,10.91,147,15:00,ABP,spring,1,,
AXH9395,2020,MCH,1,5,F,62,,10.52,158,13:15,KM,spring,0,,
ARD6420,2020,MCH,2,6,F,62,16.3,10.83,145,10:12,JMS,spring,1,,
ARD7453,2020,MCH,2,6,M,65,16.9,10.67,145,10:15,JMS,spring,0,,
AXH7297,2020,MCH,4,6,F,61,,9.77,142,09:30,ABP,spring,0,,
AXH7298,2020,MCH,4,5,M,65,,10.23,142,09:30,ABP,spring,0,,
AXH9061,2020,MCH,5,6,F,61,,10.77,142,09:43,KM,spring,0,,
AHD7601,2020,MCH,5,6,M,66,,10.42,142,09:43,KM,spring,1,,
AXH7296,2020,MCH,6,5,F,63,,11.11,142,09:05,ABP,spring,0,,
AXH7151,2020,MCH,6,6,M,65,,10.26,142,09:05,ABP,spring,1,,
ARD6420,2021,MCH,2,6,F,62,,10.75,147,09:23,ABP,spring,1,,net
_APR7096,2021,MCH,2,6,M,67,,10.14,145,09:28,ABP,spring,0,,
ARD7515,2021,MCH,3,6,M,65,,10.13,143,08:17,JMS,spring,1,,
AXH9061,2021,MCH,5,6,F,61,,10.77,145,08:35,ABP,spring,1,,net
AHD7601,2021,MCH,5,6,M,65,,10.51,145,08:35,ABP,spring,1,,net
AXH8292,2021,MCH,6,5,F,63,,11.18,137,09:14,ABP,spring,0,,
AXH7151,2021,MCH,6,6,M,65,,10.4,137,09:14,ABP,spring,1,,
Z081171,2014,MUN,1,6,F,62,,10.2,149,,ABP,spring,0,,
Z081170,2014,MUN,1,6,M,64,,10.7,149,,ABP,spring,0,,
Z081172,2014,MUN,2,5,F,63,,,149,,ABP,spring,0,,
Z081173,2014,MUN,2,6,M,66,,,149,,ABP,spring,0,,
Z081815,2014,MUN,6,6,F,60,,10.84,155,,JDS,spring,0,,
Z081171,2015,MUN,1,6,F,63,,10.29,154,09:40,IBC,spring,1,,
Z081170,2015,MUN,1,6,M,65,,10.58,154,09:40,IBC,spring,1,,
Z081172,2015,MUN,2,6,F,62,,10.67,159,14:30,IBC,spring,1,,
Z081173,2015,MUN,2,6,M,64,,9.7,159,14:30,IBC,spring,1,,
Z632275,2015,MUN,6,5,F,61,,10.49,154,09:55,IBC,spring,0,,
Z632274,2015,MUN,6,5,M,63,,11.08,154,09:55,IBC,spring,0,,
Z081171,2016,MUN,2,6,F,63,,10.19,161,13:10,JDS,spring,1,,
Z632859,2016,MUN,2,5,M,65,,10.03,157,10:30,IBC,spring,0,,
Z081172,2016,MUN,3,6,F,62,,10.74,159,08:50,IBC,spring,1,,
Z081173,2016,MUN,3,6,M,63,,9.95,159,08:50,IBC,spring,1,,
Z632860,2016,MUN,6,6,M,65,,10.1,157,11:05,IBC,spring,0,,
Z081171,2017,MUN,1,6,F,63,,9.63,155,15:25,KK,spring,1,adult (6) at MUN1 in 2014,
S921514,2017,MUN,1,5,M,65,,11.06,155,15:25,KK,spring,0,,
Z081172,2017,MUN,2,6,F,63,,10.42,154,12:14,KM,spring,1,,
Z081173,2017,MUN,2,6,M,65,,9.52,153,16:31,KM,spring,1,,
S921362,2017,MUN,3,5,F,61,,10.79,157,13:45,KK,spring,0,,
S921320,2017,MUN,5,6,F,61,,9.76,155,15:45,TB,spring,0,,
Z632860,2017,MUN,5,6,M,67,,10.54,155,15:34,TB,spring,1,,
S921382,2017,MUN,8,5,F,61,,10.04,160,11:02,KM,spring,0,,
S921383,2017,MUN,8,6,M,67,,10.84,160,11:02,KM,spring,0,,
Z081171,2018,MUN,1,6,F,63,,9.37,156,10:45,DAP,spring,1,"age 6 in 2014, has been in MUN1 or MUN2 every year",
S921514,2018,MUN,1,6,M,68,,10.67,156,10:45,DAP,spring,1,MUN1 in 2017,
AHD7134,2018,MUN,2,6,F,63,,10.69,151,16:16,JMS,spring,0,,
AHD7135,2018,MUN,2,6,M,66,,10.32,151,16:19,JMS,spring,0,,
Z081180,2018,MUN,4,6,F,63,,10.2,151,16:36,JMS,spring,1,never seen before?,
Z632860,2018,MUN,4,6,M,66,,10.15,152,11:00,JMS,spring,1,,
S921876,2018,MUN,7,6,F,62,,9.93,154,12:40,JB,spring,0,,
S921877,2018,MUN,7,5,M,64,,10,154,12:40,JB,spring,0,,
S921362,2018,MUN,8,6,F,61,,10.04,152,10:50,JMS,spring,1,MUN3 in 2017,
S921362,2019,MUN,2,6,F,63,17.68,10.09,144,14:45,KM,spring,1,,
AHD7135,2019,MUN,2,6,M,67,17.85,9.99,144,14:45,KM,spring,1,,
ARD7226,2019,MUN,3,5,F,61,18.73,10.65,145,15:15,JC,spring,0,,
Z632860,2019,MUN,3,6,M,67,18.65,10.51,146,14:40,KM,spring,1,,
S921876,2019,MUN,6,6,F,62,17.26,9.5,148,12:00,KK,spring,1,,
ARD6663,2019,MUN,1,5,F,66,16,10.67,150,11:03,JMS,spring,0,entered as for MUN6 ,
AHD7798,2019,MUN,6,5,M,63,16.46,9.43,148,12:00,KK,spring,1,,
S921514,2019,MUN,1,6,M,66,17,10.76,150,11:00,JMS,spring,1,entered as for MUN6 ,
AXH8501,2021,MUN,1,6,F,63,,10.24,155,14:00,KM,spring,0,,
S921514,2021,MUN,1,6,M,68,,11,155,14:00,KM,spring,1,,
AXH8532,2021,MUN,2,5,F,62,,10.58,159,10:25,KM,spring,0,,
AXH8531,2021,MUN,2,6,M,66,,10.33,159,10:25,KM,spring,0,,
AXH9828,2021,MUN,3,6,M,66,,10.76,157,11:00,SEL,spring,0,,
S921362,2021,MUN,5,6,F,62,,10.02,165,15:12,KM,spring,1,,
AXH8533,2021,MUN,6,5,F,64,,10.06,159,11:35,KM,spring,0,,
AHD7798,2021,MUN,6,6,M,65,,9.82,161,16:20,KM,spring,1,,
AXH8616,2021,MUN,7,6,F,64,,11.67,163,15:42,EAM,spring,0,,
AXH9852,2021,MUN,7,6,M,65,,10.37,159,12:15,SEL,spring,0,,
AXH9916,2021,MUN,8,6,F,62,,9.9,169,14:00,SEL,spring,0,,
AXH9917,2021,MUN,8,5,M,62,,10.35,169,14:00,SEL,spring,0,,
Z081814,2014,NEW,2,5,M,61,,,155,,JDS,spring,0,,
Z081577,2014,NEW,5,6,M,65,,10.79,153,,JDS,spring,0,,
Z081576,2014,NEW,6,6,M,66,,9.85,153,,JDS,spring,0,,
Z081757,2015,NEW,2,5,F,63,,11.3,144,,ABP,spring,0,,
Z081577,2015,NEW,2,6,M,65,,11.4,144,,ABP,spring,1,,
Z632203,2015,NEW,3,6,F,61,,9.38,149,07:00,IBC,spring,0,,
Z081814,2015,NEW,3,6,M,69,,10.72,149,07:00,IBC,spring,1,killed by car day 156,
Z632284,2015,NEW,5,5,F,61,,11.1,154,16:00,IBC,spring,0,,
Z081391,2015,NEW,5,5,M,62,,10.8,154,16:00,IBC,spring,1,,
Z081408,2015,NEW,6,5,M,61,,9.8,152,16:15,IBC,spring,1,,
Z632853,2016,NEW,1,5,F,62,,10.52,156,08:00,IBC,spring,0,,
Z081757,2016,NEW,2,6,F,63,,11.2,153,18:10,ABP,spring,1,,
Z632877,2016,NEW,2,6,M,68,,10.98,152,11:30,JDS,spring,0,,
S229040,2016,NEW,3,6,F,63,,10.81,173,14:50,ABP,spring,0,,
Z633000,2016,NEW,3,5,M,63,,10.29,173,14:50,ABP,spring,0,,
Z632284,2016,NEW,5,6,F,62,,10.28,165,18:20,ABP,spring,1,,
Z081391,2016,NEW,5,6,M,68,,11.2,165,18:20,ABP,spring,1,,
S922700,2017,NEW,1,6,F,61,,10.93,152,18:40,KM,spring,0,,
S922623,2017,NEW,1,5,M,65,,11.27,150,18:30,JDS,spring,0,,
Z632284,2017,NEW,5,6,F,64,,10.58,162,18:20,KM,spring,1,,
S921611,2017,NEW,5,5,M,64,,11.19,162,18:20,KM,spring,0,,
S921610,2017,NEW,8,5,F,60,,10.16,162,18:15,KM,spring,0,,
Z632284,2018,NEW,2,6,F,64,,10.68,154,18:40,KM,spring,1,,
AHD7410,2018,NEW,2,6,M,66,,11.34,154,18:40,KM,spring,0,,
S921610,2018,NEW,4,6,F,62,,10,156,18:30,JB,spring,1,"Was M, changed to F based on wing and last year",
S921378,2018,NEW,4,5,M,66,,10.62,156,18:25,JB,spring,1,"Was F, changed to M based on wing and last year",
S228872,2018,NEW,8,6,F,64,,10.59,158,17:30,JB,spring,1,,
AHD7382,2018,NEW,8,6,M,66,,11.49,158,17:30,JB,spring,0,,
S921610,2019,NEW,4,6,F,63,17.86,10.47,152,20:40,KM,spring,1,entered as new1,
S922700,2019,NEW,1,6,F,62,17.21,10.63,152,19:30,KM,spring,1,,
AHD7410,2019,NEW,1,6,M,65,18.45,11.86,152,19:30,KM,spring,1,age changed to 6 as was recorded as 6 previous year,
ARD6614,2019,NEW,2,5,F,61,16.9,10.48,146,18:39,JMS,spring,0,,
ARD6615,2019,NEW,2,5,M,62,16.6,10.14,146,18:42,JMS,spring,0,,
S921378,2019,NEW,4,6,M,66,18.06,10.93,154,18:25,KK,spring,1,,
ARD7770,2019,NEW,6,5,F,64,17.35,9.96,152,20:25,KM,spring,0,,
ARD7769,2019,NEW,6,5,M,65,18.23,10.92,152,20:25,KM,spring,0,,
ARD7766,2019,NEW,7,6,F,63,16.61,10.28,152,19:40,KM,spring,0,,
ARD7767,2019,NEW,7,6,M,67,17.81,11.05,152,19:40,KM,spring,0,,
AXH8203,2020,NEW,1,6,F,63,,11.16,159,16:33,ABP,spring,0,,
AXH8202,2020,NEW,1,6,M,66,,11.47,159,16:33,ABP,spring,0,,
ARD7770,2020,NEW,5,6,F,63,,10,159,17:36,KM,spring,1,,
AXH9464,2020,NEW,6,5,F,62,,10.15,159,16:35,KM,spring,0,,
AXH9465,2020,NEW,6,5,M,62,,10.91,159,16:35,KM,spring,0,,
ARD6614,2020,NEW,7,6,F,62,,10.03,159,16:13,ABP,spring,1,,
ARD6615,2020,NEW,7,6,M,63,,10.37,159,16:13,ABP,spring,1,,
S922700,2021,NEW,1,6,F,61,,10.47,153,16:55,SEL,spring,1,,
ARD7277,2021,NEW,1,6,M,63,,10.82,153,16:52,SEL,spring,1,,
ARD6614,2021,NEW,2,6,F,62,,10.12,155,19:10,EAM,spring,1,,
ARD6615,2021,NEW,2,6,M,63,,10.18,155,19:10,EAM,spring,1,,
ARD7770,2021,NEW,5,6,F,62,,10.18,153,10:52,SEL,spring,1,,
S921378,2021,NEW,5,6,M,66,,10.52,153,17:23,SEL,spring,1,,
AXH9464,2021,NEW,6,6,F,64,,10.26,155,19:20,EAM,spring,1,,
AXH9465,2021,NEW,6,6,M,64,,10.39,154,08:45,KM,spring,1,,
AXH9465,2021,NEW,6,6,M,64,,10.6,155,19:20,EAM,spring,1,,
S921589,2017,OSP,3,5,F,63,,10.66,162,08:10,KM,spring,0,,
S921588,2017,OSP,3,5,M,65,,10.38,162,08:10,KM,spring,0,,
S922672,2017,OSP,7,6,F,60,,11.56,151,07:12,KM,spring,0,,
S922673,2017,OSP,7,6,M,65,,10.26,151,07:12,KM,spring,0,,
S921631,2017,OSP,8,5,F,63,,11.55,169,08:32,KM,spring,0,,
S921630,2017,OSP,8,6,M,67,,10.63,169,08:32,KM,spring,0,,
AHD7017,2018,OSP,4,5,F,61,,10.41,150,08:06,DAP,spring,0,,
AHD7018,2018,OSP,4,6,M,65,,11.14,150,08:06,DAP,spring,0,,
AHD7971,2018,OSP,5,5,F,62,,10.17,162,09:35,KM,spring,0,,
AHD7970,2018,OSP,5,6,M,67,,10.69,162,09:35,KM,spring,0,,
ARD7236,2019,OSP,1,5,F,63,17.49,9.93,148,07:25,KK,spring,0,,
ARD7237,2019,OSP,1,5,M,66,18,9.94,148,07:25,KK,spring,0,,
ARD7992,2019,OSP,3,6,F,64,17.1,9.96,144,07:50,KM,spring,0,,
ARD7993,2019,OSP,3,5,M,66,19.18,10.17,144,07:50,KM,spring,0,,
AHD7784,2019,OSP,5,6,F,63,17.3,11.41,150,08:37,JMS,spring,1,,
AHD7018,2019,OSP,5,6,M,63,18,11.18,150,08:39,JMS,spring,1,,
AHD7017,2019,OSP,6,6,F,63,17.92,11.03,145,20:15,KM,spring,1,,
ARD7209,2019,OSP,6,5,M,65,17.78,10.59,145,20:15,KM,spring,0,,
ARD6662,2019,OSP,7,6,F,63,17.4,10.79,150,08:57,JMS,spring,0,,
AHD7782,2019,OSP,7,5,M,62,17.8,10.97,150,09:00,JMS,spring,1,,
S921100,2017,PIT,2,6,M,62,,11.06,154,16:05,KK,spring,0,,
S921093,2017,PIT,3,5,F,61,,11.36,151,11:31,KK,spring,0,,
S921094,2017,PIT,3,6,M,67,,11.05,151,11:31,KK,spring,0,,
S921214,2017,PIT,4,5,F,61,,10.36,154,16:16,TB,spring,0,,
S922799,2017,PIT,5,5,F,61,,10.68,153,10:30,ABP,spring,0,,
S921225,2017,PIT,5,5,M,64,,10.86,157,10:20,ABP,spring,0,,
S921012,2017,PIT,6,6,F,63,,11.04,149,10:50,KK,spring,0,,
S922759,2017,PIT,6,6,M,64,,10.55,152,14:00,ABP,spring,0,,
S922797,2017,PIT,8,5,F,61,,10.27,153,10:10,ABP,spring,0,,
S922798,2017,PIT,8,6,M,63,,10.05,153,10:10,ABP,spring,0,,
AHD7954,2018,PIT,1,6,F,63,,10.54,159,11:50,JB,spring,0,,
S921100,2018,PIT,1,6,M,64,,11.08,159,11:50,JB,spring,1,PIT1 in 2017,
AHD7990,2018,PIT,2,6,F,64,,12,166,13:23,JMS,spring,0,,
S921093,2018,PIT,3,6,F,63,,11.05,161,14:01,JMS,spring,1,PIT3 in 2017,
AHD7831,2018,PIT,3,5,M,64,,11.22,161,14:04,JMS,spring,0,,
AHD7735,2018,PIT,4,5,F,62,,10.33,157,13:05,DAP,spring,0,,
S921225,2018,PIT,4,6,M,66,,10.49,157,13:05,DAP,spring,1,PIT5 in 2017,
AHD7979,2018,PIT,5,5,F,64,,11.13,163,10:50,KM,spring,0,,
AHD7978,2018,PIT,5,5,M,63,,11.03,163,10:50,KM,spring,0,,
AHD7925,2018,PIT,6,6,F,59,,11.08,158,14:33,JMS,spring,0,,
AHD7924,2018,PIT,6,6,M,65,,11.98,158,14:30,JMS,spring,0,,
AHD7833,2018,PIT,7,5,F,62,,10.75,161,14:25,JMS,spring,0,,
S922243,2018,PIT,7,5,M,65,,11.47,161,14:29,JMS,spring,1,,
AHD7832,2018,PIT,8,5,F,64,,10.91,161,14:19,JMS,spring,0,,
S922798,2018,PIT,8,6,M,64,,10.15,161,14:21,JMS,spring,1,PIT8 last year,
ARD7842,2019,PIT,2,5,F,61,16.9,11.23,149,12:15,JC,spring,0,,
S921100,2019,PIT,2,6,M,63,17.5,10.91,149,12:15,JC,spring,1,,
ARD7843,2019,PIT,3,6,F,62,17.3,12.43,149,12:15,JC,spring,0,,
AHD7831,2019,PIT,3,6,M,64,16.9,11.72,149,12:15,KK,spring,1,,
S921093,2019,PIT,4,6,F,62,16.48,11.32,149,12:15,KK,spring,1,"originally entered as a 4, but has previous history as a 6.",
ARD7292,2019,PIT,4,5,M,67,17.75,11.58,149,12:15,KK,spring,0,,
ARD7801,2019,PIT,5,5,F,61,17.7,11.38,147,10:40,KM,spring,0,,
ARD7802,2019,PIT,5,5,M,66,18.3,10.47,147,10:43,KM,spring,0,,
AHD7925,2019,PIT,6,6,F,61,16.7,10.77,151,08:38,JMS,spring,1,,
AHD7439,2019,PIT,6,5,M,65,17.7,11.5,151,08:35,JMS,spring,1,,
AHD7833,2019,PIT,7,6,F,63,18,10.56,153,11:50,KM,spring,1,,
S922243,2019,PIT,7,6,M,66,19.1,11.74,157,12:35,KM,spring,1,,
ARD6618,2019,PIT,8,5,F,60,16.3,10.98,147,10:28,JMS,spring,0,,
S922243,2019,PIT,8,6,M,65,17.9,11.54,147,10:31,JMS,spring,1,,
AXH9356,2020,PIT,1,5,F,63,,10.89,154,10:28,KM,spring,0,,
AXH9355,2020,PIT,1,5,M,64,,10.83,154,10:28,KM,spring,0,,
ARD7842,2020,PIT,2,6,F,62,,12,152,13:54,ABP,spring,1,,
S921100,2020,PIT,2,6,M,64,,11,152,12:51,ABP,spring,1,,
AXH8090,2020,PIT,3,6,F,62,,11.89,156,14:15,ABP,spring,0,,
ARD7507,2020,PIT,3,5,M,63,,11.27,156,14:15,ABP,spring,1,,
AXH7455,2020,PIT,4,5,F,64,,11.43,152,13:11,ABP,spring,0,,
AXH7456,2020,PIT,4,5,M,63,,11.08,152,13:11,ABP,spring,0,,
AXH8091,2020,PIT,5,5,F,62,,10.97,156,14:24,ABP,spring,0,,
ARD7802,2020,PIT,5,6,M,66,,10.46,156,14:24,ABP,spring,1,,
AHD7833,2020,PIT,6,6,F,63,,10.67,154,11:36,KM,spring,1,,
AHD7439,2020,PIT,6,6,M,65,,11.56,154,11:36,KM,spring,1,,
AXH7457,2020,PIT,7,5,F,63,,11.16,152,13:34,ABP,spring,0,,
AXH7141,2020,PIT,7,5,M,65,,11.26,152,13:34,ABP,spring,1,,
ARD6618,2020,PIT,8,6,F,63,,11.17,158,10:36,KM,spring,1,,
AXH9394,2020,PIT,8,6,M,68,,11.8,158,10:36,KM,spring,0,,
AXH8631,2021,PIT,3,5,F,60,,10.01,165,08:22,EAM,spring,0,,
AXH7048,2021,PIT,3,5,M,65,,11.57,165,08:22,EAM,spring,1,,
AXH7455,2021,PIT,4,6,F,64,,11.55,157,08:30,KM,spring,1,,
AXH7456,2021,PIT,4,6,M,65,,11.11,157,08:30,KM,spring,1,,
AXH9789,2021,PIT,5,5,F,60,,10.95,153,08:35,SEL,spring,0,,
ARD7845,2021,PIT,5,6,M,64,,10.5,153,08:58,SEL,spring,1,,
AXH7457,2021,PIT,6,6,F,61,,10.51,165,08:30,EAM,spring,1,,
AHD7439,2021,PIT,6,6,M,66,,11.55,165,08:30,EAM,spring,1,,
AHD7925,2021,PIT,7,6,F,61,,10.45,163,11:30,KM,spring,1,,
Z081094,2014,PTH,1,6,F,,,,143,,ABP,spring,0,,
Z081154,2014,PTH,3,6,F,61,,,148,,ABP,spring,0,,
Z081698,2014,PTH,4,5,M,63,,11.3,154,,ABP,spring,0,,
Z081650,2014,PTH,6,5,F,62.5,,10.6,151,,ABP,spring,0,,
Z632422,2015,PTH,1,6,M,65,,10.36,148,,ABP,spring,0,"was entered as 421, but this seems likely to have been a mistake, as this ring number was also assigned to a nestling at LVN",
Z632370,2015,PTH,2,5,F,62,,9.96,161,13:30,ABP,spring,0,,
Z632652,2015,PTH,2,5,M,65,,10.8,160,11:30,ABP,spring,0,,
Z081154,2015,PTH,3,6,F,64,,10.3,152,09:35,IBC,spring,1,,
Z632253,2015,PTH,3,6,M,63,,11.33,152,09:35,IBC,spring,0,,
Z632562,2015,PTH,4,5,F,61,,10.82,156,,ABP,spring,0,,
Z081698,2015,PTH,4,6,M,65,,10.78,156,,ABP,spring,1,,
Z632252,2015,PTH,5,6,F,61,,10.71,152,09:25,IBC,spring,0,,
Z632289,2015,PTH,6,5,F,60,,10.45,158,10:00,IBC,spring,0,,
Z632288,2015,PTH,6,5,M,63,,10.18,158,10:00,IBC,spring,0,,
Z081094,2016,PTH,1,6,F,62,,12.43,154,10:58,ABP,spring,1,,
Z632971,2016,PTH,1,6,M,64,,10.62,161,10:30,ABP,spring,0,,
Z632953,2016,PTH,2,5,F,63,,10.54,156,09:30,ABP,spring,0,,
Z632952,2016,PTH,2,5,M,65,,10.17,156,09:30,ABP,spring,0,,
Z632381,2016,PTH,3,6,F,64,,11.09,145,12:00,ABP,spring,0,,
Z632253,2016,PTH,3,6,M,64,,11.02,145,12:00,ABP,spring,1,PTH3 6M last year,
Z632954,2016,PTH,6,5,F,61,,10.88,156,09:50,ABP,spring,0,incorrectly entered as PTH5.,
Z632288,2016,PTH,6,6,M,66,,9.9,156,09:50,ABP,spring,1,incorrectly entered as PTH5,
S922822,2017,PTH,1,5,F,62,,10.91,146,11:50,ABP,spring,0,,
S922227,2017,PTH,1,5,M,64,,,146,11:12,KK,spring,0,,
S229267,2017,PTH,2,5,F,66,,10.73,142,12:20,ABP,spring,0,,
S229266,2017,PTH,2,5,M,64,,10.86,142,12:20,ABP,spring,0,,
Z632253,2017,PTH,3,6,M,63,,11.52,138,12:50,ABP,spring,1,,
S922214,2017,PTH,4,6,M,63,,9.89,145,11:39,TB,spring,0,,
S922820,2017,PTH,5,5,F,63,,9.81,146,11:00,ABP,spring,0,,
S922851,2017,PTH,6,5,F,62,,10.33,148,09:00,ABP,spring,0,,
S922821,2017,PTH,6,5,M,64,,10.25,146,11:30,ABP,spring,0,,
S922750,2017,PTH,8,5,F,62,,11.01,152,12:00,ABP,spring,0,,
S922749,2017,PTH,8,5,M,65,,10.83,152,12:00,ABP,spring,0,,
S922750,2018,PTH,1,6,F,64,,10.81,154,12:15,DAP,spring,1,PTH8 last year,
AHD7612,2018,PTH,1,5,M,63,,10.25,150,12:50,KM,spring,0,,
Z632370,2018,PTH,2,6,F,63,,9.25,156,10:30,KM,spring,1,POSSIBLY LONE FEMALE,
S229267,2018,PTH,3,6,F,63,,10.4,148,10:30,ABP,spring,1,"PTH2 in 2017, same pair",
S229266,2018,PTH,3,6,M,66,,11.16,150,11:40,KM,spring,1,"PTH2 in 2017, same pair",
S921495,2018,PTH,4,5,F,61,,10.4,150,12:00,JMS,spring,0,,
S921496,2018,PTH,4,5,M,65,,10.48,150,12:00,JMS,spring,0,,
AHD7994,2018,PTH,5,6,F,62,,10.62,161,14:20,ABP,spring,0,,
S921496,2018,PTH,5,6,M,66,,10.79,161,14:20,ABP,spring,1,,
S921494,2018,PTH,6,5,F,61,,10.11,150,11:30,JMS,spring,0,,
S922821,2018,PTH,6,6,M,65,,10.58,150,11:30,JMS,spring,1,Same nestbox last year,
AHD7250,2018,PTH,7,6,F,62,,10.62,154,11:33,JMS,spring,0,,
AHD7249,2018,PTH,7,6,M,65,,10.63,154,11:30,JMS,spring,0,,
ARD6482,2019,PTH,1,5,F,62,16.31,10.29,143,17:40,ABP,spring,0,,
S229266,2019,PTH,1,6,M,65,17.09,11.11,143,17:40,ABP,spring,1,,
ARD6600,2019,PTH,2,5,F,62,16.7,11.48,142,10:53,JMS,spring,0,,
ARD6599,2019,PTH,2,5,M,65,16.8,10.7,142,10:49,JMS,spring,0,,
ARD6170,2019,PTH,3,5,F,64,18.8,10.9,136,12:50,KM,spring,0,,
ARD6171,2019,PTH,3,4,M,66,18.1,10.33,136,12:50,KM,spring,0,,
ARD7000,2019,PTH,4,5,F,62,16.7,11.16,143,18:08,JMS,spring,0,,
ARD6601,2019,PTH,4,6,M,64,17.2,10.66,143,18:12,JMS,spring,0,,
ARD6999,2019,PTH,5,5,F,62,16.05,10.99,143,17:44,JMS,spring,0,,
ARD6998,2019,PTH,5,5,M,64,17.1,11.01,143,17:40,JMS,spring,0,,
ARD6950,2019,PTH,6,5,F,61,16.4,10.87,142,11:07,JMS,spring,0,,
S922821,2019,PTH,6,6,M,66,17.2,11.09,142,11:03,JMS,spring,1,,
ARD6598,2019,PTH,7,6,F,62,16.4,10.31,142,10:12,JMS,spring,0,,
AHD7249,2019,PTH,7,6,M,64,16.8,10.56,142,10:08,JMS,spring,1,,
ARD6508,2019,PTH,8,5,F,62,17.45,10.53,140,10:20,KM,spring,0,,
ARD6599,2019,PTH,8,5,M,,,,144,11:30,JMS,spring,1,,
ARD6482,2020,PTH,1,6,F,61,,10.18,146,09:48,ABP,spring,1,,
AXH7305,2020,PTH,1,6,M,63,,10.47,146,09:48,ABP,spring,0,,
AXH7402,2020,PTH,2,5,F,62,,10.98,148,14:30,ABP,spring,0,,
AXH7403,2020,PTH,2,6,M,64,,11.5,148,14:30,ABP,spring,0,,
ARD6508,2020,PTH,3,6,F,63,,10.66,146,10:57,ABP,spring,1,,
ARD6171,2020,PTH,3,6,M,67,,10.57,150,13:06,ABP,spring,1,,net
AXH9365,2020,PTH,4,5,F,61,,10.83,154,13:11,KM,spring,0,,
AXH9366,2020,PTH,4,6,M,67,,10.66,154,13:11,KM,spring,0,,
AXH9096,2020,PTH,5,6,F,62,,10.88,145,10:45,KM,spring,0,,
ARD6598,2020,PTH,7,6,F,64,,10.92,152,09:15,ABP,spring,1,,
AHD7249,2020,PTH,7,6,M,64,,10.96,150,13:57,ABP,spring,1,,
AXH7427,2020,PTH,8,5,F,62,,9.9,150,12:45,ABP,spring,0,,
AXH8078,2020,PTH,8,5,M,63,,11.03,156,11:59,ABP,spring,0,,net
AXH9096,2021,PTH,1,6,F,62,,11.35,145,10:39,ABP,spring,1,,
_APR7098,2021,PTH,1,5,M,63,,10.7,145,10:39,ABP,spring,0,,
AXH7764,2021,PTH,3,5,F,60,,9.94,155,08:29,JMS,spring,0,,
ARD6171,2021,PTH,3,6,M,67,,10.63,155,08:27,JMS,spring,1,,
AXH7402,2021,PTH,4,6,F,63,,10.95,149,07:06,ABP,spring,1,,net
AXH7150,2021,PTH,4,6,M,64,,10.49,147,11:00,ABP,spring,1,,
_APR7116,2021,PTH,5,6,F,62,,10.22,147,11:13,ABP,spring,0,,
AXH7149,2021,PTH,5,6,M,66,,10.41,147,11:13,ABP,spring,1,,
AXH9365,2021,PTH,6,6,F,62,,10.95,153,10:38,ABP,spring,1,,
_APR7219,2021,PTH,6,5,M,65,,11.2,153,10:38,ABP,spring,0,,
_APR7220,2021,PTH,7,5,F,65,,11,153,10:56,ABP,spring,0,,
ARD7514,2021,PTH,7,6,M,66,,10.97,153,10:56,ABP,spring,1,,
Z632449,2015,RSY,1,6,F,65,,9.76,150,,ABP,spring,0,,
Z632450,2015,RSY,1,5,M,67,,10.83,150,,ABP,spring,0,,
Z632645,2015,RSY,2,5,F,61,,11.34,160,09:00,ABP,spring,0,,
Z632644,2015,RSY,2,6,M,60,,10.26,160,09:00,ABP,spring,0,,
Z632371,2015,RSY,6,5,F,60,,10.26,161,16:00,ABP,spring,0,,
Z632373,2015,RSY,6,5,M,63,,10.21,163,16:00,ABP,spring,0,,
Z632449,2016,RSY,1,6,F,64,,10.61,156,11:50,ABP,spring,0,,
Z632958,2016,RSY,1,6,M,65,,10.64,156,11:50,ABP,spring,1,,
Z632970,2016,RSY,3,5,F,62,,10.55,161,07:40,ABP,spring,0,,
Z632969,2016,RSY,3,6,M,63,,10.63,161,07:40,ABP,spring,0,,
Z632960,2016,RSY,4,6,F,63,,10.82,157,08:00,ABP,spring,0,,
Z632961,2016,RSY,4,6,M,64,,10.8,157,08:00,ABP,spring,0,,
Z632848,2016,RSY,5,6,F,61,,11.21,155,07:45,IBC,spring,0,,
Z632849,2016,RSY,5,6,M,61,,10.4,155,07:45,IBC,spring,0,,
Z632959,2016,RSY,6,6,F,60,,9.99,157,07:50,ABP,spring,0,,
Z632373,2016,RSY,6,6,M,63,,10.24,157,07:50,ABP,spring,1,,
S922747,2017,RSY,1,5,F,63,,10.41,152,07:50,ABP,spring,0,,
S922746,2017,RSY,1,5,M,66,,10.78,152,07:50,ABP,spring,0,,
S922815,2017,RSY,2,6,F,62,,11,146,07:00,ABP,spring,0,,
S922365,2017,RSY,2,6,M,65,,9.85,144,09:52,TB,spring,0,,
S922817,2017,RSY,3,5,F,62,,11.51,146,07:10,ABP,spring,0,,
S922816,2017,RSY,3,5,M,65,,10.76,146,07:10,ABP,spring,0,,
S922818,2017,RSY,5,5,F,59,,10.56,146,07:20,ABP,spring,0,,
S922819,2017,RSY,5,5,M,66,,10.47,146,07:20,ABP,spring,0,,
S921202,2017,RSY,8,5,F,62,,10.69,154,09:05,KK,spring,0,,
S921201,2017,RSY,8,5,M,62,,10.31,154,09:05,KK,spring,0,,
S922747,2018,RSY,1,6,F,63,,11.02,150,08:00,ABP,spring,1,Same nestbox and pair last year,
S922746,2018,RSY,1,6,M,66,,11.21,150,08:00,ABP,spring,1,Same nestbox and pair last year,
Z632960,2018,RSY,4,6,F,61,,11.18,150,08:20,ABP,spring,1,,
AHD7522,2018,RSY,4,6,M,65,,10.93,150,08:20,ABP,spring,0,,
S921937,2018,RSY,5,5,F,63,,10.39,158,07:53,ABP,spring,0,,
S921938,2018,RSY,5,5,M,64,,11.16,158,07:53,ABP,spring,0,,
AHD7598,2018,RSY,6,6,F,61,,11.2,154,13:25,ABP,spring,0,,
AHD7599,2018,RSY,6,5,M,65,,10.6,154,13:25,ABP,spring,0,,
S921926,2018,RSY,8,6,M,63,,9.47,156,08:35,ABP,spring,0,entered as F but based on 2019 and 2020 corrected to M,
ARD6484,2019,RSY,2,6,F,64,16.53,11.96,145,07:35,ABP,spring,0,,
ARD6485,2019,RSY,2,5,M,65,17.87,11.17,145,07:35,ABP,spring,0,,
ARD6620,2019,RSY,3,5,F,62,16.6,11.15,148,08:35,JMS,spring,0,,
ARD6769,2019,RSY,4,6,F,62,16.84,11,146,15:30,ABP,spring,0,,
ARD6770,2019,RSY,4,5,M,66,17.3,11.22,146,15:30,ABP,spring,0,,
ARD7079,2019,RSY,7,5,F,60,16.75,10.02,158,08:29,JMS,spring,0,,
ARD6619,2019,RSY,8,5,F,61,16.5,10.56,148,08:12,JMS,spring,0,,
S921926,2019,RSY,8,6,M,65,16.5,9.83,148,08:15,JMS,spring,1,,
AXH9174,2020,RSY,2,6,F,63,,10.83,148,07:27,KM,spring,0,,
AXH9173,2020,RSY,2,6,M,68,,11.74,148,07:27,KM,spring,0,,
AXH7409,2020,RSY,3,5,F,61,,10.73,150,09:19,ABP,spring,0,,
AXH7408,2020,RSY,3,5,M,64,,11.43,150,09:19,ABP,spring,0,,
S921937,2020,RSY,5,6,F,62,,10.63,154,16:35,KM,spring,1,,
AXH9375,2020,RSY,5,6,M,66,,10.42,154,16:35,KM,spring,0,,
AXH9175,2020,RSY,6,5,F,61,,10.17,148,09:17,KM,spring,0,,
AHD7599,2020,RSY,6,6,M,65,,10.62,150,10:40,ABP,spring,1,,net
ARD6619,2020,RSY,8,6,F,62,,10.6,150,10:30,ABP,spring,1,,net
S921926,2020,RSY,8,6,M,67,,9.82,148,08:36,KM,spring,1,,
AXH9175,2021,RSY,1,6,F,63,,11,143,08:15,ABP,spring,1,,
AHD7599,2021,RSY,1,6,M,65,,10.87,143,08:15,ABP,spring,1,,
AXH7409,2021,RSY,3,6,F,62,,10.71,153,07:20,JMS,spring,1,,
AXH7408,2021,RSY,3,6,M,65,,10.94,151,08:02,ABP,spring,1,,
AXH7779,2021,RSY,4,6,F,64,,11.11,157,08:56,JMS,spring,0,,
ARD6485,2021,RSY,4,6,M,65,,10.86,157,08:58,JMS,spring,1,,
AXH7818,2021,RSY,5,5,F,62,,11.69,147,08:25,JMS,spring,0,,
AXH9375,2021,RSY,5,6,M,66,,10.8,147,13:28,JMS,spring,1,,
_APR7172,2021,RSY,6,5,F,62,,10.64,151,07:30,ABP,spring,0,,
_APR7173,2021,RSY,6,5,M,63,,10.49,151,07:30,ABP,spring,0,,
AXH7819,2021,RSY,7,6,F,61,,11.32,147,08:40,JMS,spring,0,,
AXH7820,2021,RSY,7,5,M,64,,10.72,147,08:43,JMS,spring,0,,
AXH7821,2021,RSY,8,6,F,61,,11.38,147,09:06,JMS,spring,0,,
AXH7822,2021,RSY,8,6,M,63,,10.85,147,09:08,JMS,spring,0,,
Z632343,2015,RTH,2,6,F,61,,10.83,160,13:30,IBC,spring,0,,
Z632344,2015,RTH,2,6,M,63,,10.71,160,13:30,IBC,spring,0,,
Z632936,2015,RTH,3,5,M,62,,9.86,166,12:50,IBC,spring,0,,
Z632980,2016,RTH,1,5,F,60,,10.56,161,18:40,ABP,spring,0,,
Z632979,2016,RTH,1,6,M,66,,11.66,161,18:40,ABP,spring,0,,
Z632996,2016,RTH,5,6,F,63,,11.62,165,20:00,ABP,spring,0,,
Z632872,2016,RTH,5,6,M,66,,10.43,165,14:05,IBC,spring,0,,
Z632899,2016,RTH,6,6,M,67,,10.49,163,15:10,JDS,spring,0,,
S922589,2017,RTH,1,5,F,62,,11.49,154,17:50,KM,spring,0,,
Z632979,2017,RTH,1,6,M,65,,11.46,154,17:50,KM,spring,1,,
Z632872,2017,RTH,6,6,M,65,,10.77,158,15:50,KK,spring,1,,
ARD7744,2019,RTH,3,5,F,61,17.29,10.42,152,15:35,KM,spring,0,,
ARD7743,2019,RTH,3,5,M,66,18.4,11.52,152,15:35,KM,spring,0,,
ARD7380,2019,RTH,4,5,F,61,15,,158,16:42,JC,spring,0,,
ARD7381,2019,RTH,6,5,F,60,17.32,10.05,158,16:45,KK,spring,0,,
AXH7600,2020,RTH,1,5,F,60,,10.51,159,14:33,JMS,spring,0,,
AXH7598,2020,RTH,1,6,M,67,,11.2,159,14:27,JMS,spring,0,,
AXH7599,2020,RTH,1,5,M,63,,11.23,159,14:30,JMS,spring,0,,
AXH8239,2020,RTH,4,5,F,62,,10.34,164,11:46,ABP,spring,0,,net
AXH8238,2020,RTH,4,6,M,65,,11.1,164,11:46,ABP,spring,0,,net
ARD7381,2020,RTH,6,6,F,62,,10.17,164,12:00,ABP,spring,1,,net
AHD7763,2020,RTH,6,6,M,65,,10.65,159,13:00,JMS,spring,1,,
AXH9830,2021,RTH,4,6,F,64,,10.28,157,17:15,SEL,spring,0,,
AXH8238,2021,RTH,4,6,M,64,,10.9,157,17:15,SEL,spring,1,,
AXH8239,2021,RTH,5,6,F,63,,10.57,165,11:35,KM,spring,1,,
AXH8584,2021,RTH,5,6,M,65,,10.21,165,11:35,KM,spring,0,,
AXH8656,2021,RTH,6,6,F,64,,9.98,167,12:05,EAM,spring,0,,
AXH8657,2021,RTH,6,5,M,65,,10.55,167,12:05,EAM,spring,0,,
Z081748,2015,SER,1,5,F,,,10.91,144,,ABP,spring,0,,
Z081747,2015,SER,1,5,M,,,10.99,144,,ABP,spring,0,,
Z632561,2015,SER,2,5,F,62,,10.73,156,,ABP,spring,0,,
Z081799,2015,SER,3,6,F,62,,10.45,146,,ABP,spring,0,,
Z081798,2015,SER,3,6,M,66,,11.19,146,,ABP,spring,0,,
Z632620,2015,SER,4,6,F,61,,10.34,157,12:00,ABP,spring,0,,
Z632619,2015,SER,4,6,M,67,,11.34,157,12:00,ABP,spring,0,,
Z632621,2015,SER,5,5,F,62,,10.43,157,12:30,ABP,spring,0,,
Z632622,2015,SER,5,5,M,66,,10.55,157,12:30,ABP,spring,0,,
Z632480,2015,SER,6,6,F,62,,10.56,151,,ABP,spring,0,,
Z632479,2015,SER,6,6,M,67,,10.14,151,,ABP,spring,0,,
Z632385,2016,SER,1,6,F,62,,11,151,13:10,ABP,spring,0,,
Z081747,2016,SER,1,6,M,66,,,151,13:10,ABP,spring,1,same box as 2015,
Z632389,2016,SER,2,5,F,65,,10.71,153,10:30,ABP,spring,0,,
Z632382,2016,SER,2,6,M,64,,10.57,146,12:10,ABP,spring,0,,
Z081799,2016,SER,3,6,F,62,,9.82,151,13:40,ABP,spring,1,same box as 2015,
Z632387,2016,SER,4,5,F,62,,10.61,153,10:20,ABP,spring,0,,
Z632388,2016,SER,4,5,M,63,,10.98,153,10:20,ABP,spring,0,,
Z081735,2016,SER,5,5,F,61,,10.51,146,12:30,ABP,spring,1,last years nestling from MCH1,
Z632622,2016,SER,5,6,M,67,,10.92,146,12:30,ABP,spring,1,SER5 5M last year,
Z632397,2016,SER,6,6,M,67,,10.87,154,13:10,ABP,spring,0,,
S228507,2017,SER,1,5,M,62,,9.99,137,11:40,KK,spring,1,recruit from SER5 2016,
S922343,2017,SER,2,5,F,63,,10.45,143,11:58,ABP,spring,0,,
S922344,2017,SER,2,5,M,63,,10.42,143,11:58,ABP,spring,0,,
Z081799,2017,SER,3,6,F,61,,10.12,145,13:35,TB,spring,1,,
S922345,2017,SER,3,5,M,66,,11.32,143,12:30,ABP,spring,0,,
S228092,2017,SER,4,5,F,63,,10.57,145,13:05,KK,spring,1,recruit from SER4 2016,
Z081735,2017,SER,5,6,F,62,,10.31,133,12:02,KK,spring,1,bred at this box last year. Ringed as nestling from 2015 at MCH.,
Z632622,2017,SER,5,6,M,66,,10.9,134,11:40,ABP,spring,1,,
S922215,2017,SER,6,6,F,62,,9.46,145,13:56,KK,spring,0,,
Z632397,2017,SER,6,6,M,67,,10.79,146,10:00,ABP,spring,1,,
S229180,2017,SER,7,5,F,61,,10.63,139,11:30,ABP,spring,0,,
S228508,2017,SER,7,5,M,66,,11.17,140,11:20,ABP,spring,1,recruit from SER5 2016,
S229265,2017,SER,8,5,F,60,,10.66,142,11:20,ABP,spring,0,,
S228508,2017,SER,8,5,M,66,,11.08,143,10:57,ABP,spring,1,polygamous male - at SER7,
S228507,2018,SER,1,6,M,63,,10.34,149,13:00,ABP,spring,1,SER1 in 2017,
S921784,2018,SER,2,6,F,64,,10.89,145,13:05,JB,spring,0,,
S922344,2018,SER,2,6,M,66,,10.5,145,12:40,JB,spring,1,Same nestbox last year,
Z632387,2018,SER,3,6,F,63,,10.74,149,12:15,JB,spring,1,,
S922345,2018,SER,3,6,M,65,,11.68,149,12:15,JB,spring,1,,
AHD7993,2018,SER,4,5,F,62,,10.2,161,13:10,ABP,spring,0,,
S921946,2018,SER,4,6,M,66,,11.01,158,14:10,ABP,spring,0,,
S228092,2018,SER,5,6,F,62,,11.37,147,12:10,ABP,spring,1,"SER4 recruit, SER4 last year",
Z632622,2018,SER,5,6,M,67,,11.15,152,12:00,ABP,spring,1,same nest since 2015,
S922215,2018,SER,6,6,F,64,,9.78,145,13:40,JB,spring,1,SER6 in 2017,
Z632397,2018,SER,6,6,M,66,,10.89,145,13:40,JB,spring,1,Same nestbox in 2017 and 2016,
S921493,2018,SER,7,4,F,61,,9.87,150,09:30,JMS,spring,0,,
S921685,2018,SER,7,5,M,65,,11.03,147,12:30,KM,spring,0,,
S921109,2018,SER,8,6,F,62,,10.4,146,10:34,ABP,spring,0,,
S228508,2018,SER,8,6,M,66,,10.96,146,10:34,ABP,spring,1,Born at SER5 in 2016. In 2017 was a polygamous male at SER7&8,
ARD6015,2019,SER,1,6,F,64,17.2,11.07,139,13:46,ABP,spring,0,,
S228507,2019,SER,1,6,M,64,17.5,10.4,139,13:46,ABP,spring,1,,
ARD6570,2019,SER,2,5,F,62,17.15,10.48,141,09:36,KK,spring,0,,
ARD7681,2019,SER,3,5,F,62,16.8,10.88,161,14:35,ABP,spring,0,entered as ser2,
S922344,2019,SER,2,6,M,66,16.52,10.49,142,12:20,ABP,spring,1,,
ARD7679,2019,SER,3,5,M,66,17.3,,161,14:35,ABP,spring,0,entered as ser2,
ARD7680,2019,SER,3,5,M,65,18,10.68,161,14:35,ABP,spring,0,entered as ser2,
S228092,2019,SER,5,6,F,63,16.63,11.14,143,12:15,ABP,spring,1,,
Z632622,2019,SER,5,6,M,67,18.13,11.09,143,12:15,ABP,spring,1,,
AHD7860,2019,SER,6,6,F,62,17.35,10.67,143,12:30,ABP,spring,1,,
Z632397,2019,SER,6,6,M,64,17.22,10.92,143,12:30,ABP,spring,1,,
S921493,2019,SER,7,6,F,60,16.8,10.09,145,16:28,KK,spring,1,,
ARD6786,2019,SER,7,5,M,65,18,11.2,149,12:40,ABP,spring,0,,
ARD6783,2019,SER,8,5,F,59,17.09,10.77,147,13:30,ABP,spring,0,,
S921779,2019,SER,8,5,M,66,17.27,10.73,147,13:30,ABP,spring,1,,
AXH9087,2020,SER,1,5,F,61,,10.85,145,09:18,KM,spring,0,,
AXH9086,2020,SER,1,6,M,67,,10.72,145,09:18,KM,spring,0,,
ARD7538,2020,SER,2,6,F,62,,10.69,145,09:27,ABP,spring,0,,
ARD7539,2020,SER,2,5,M,65,,10.55,145,09:27,ABP,spring,0,,
AXH9233,2020,SER,4,5,F,63,,10.59,152,09:55,KM,spring,0,,
ARD7680,2020,SER,4,6,M,65,,10.62,152,09:55,KM,spring,1,,
AHD7860,2020,SER,5,6,F,63,,9.78,148,12:00,ABP,spring,1,,
ARD7480,2020,SER,6,6,F,62,15.9,10.47,146,09:32,JMS,spring,0,,
AXH7154,2020,SER,6,6,M,66,17.75,11.25,146,09:34,JMS,spring,1,,
AXH7394,2020,SER,7,5,F,62,,11.22,148,10:49,ABP,spring,0,,
AXH7395,2020,SER,7,5,M,64,,10.74,148,10:49,ABP,spring,0,,
AXH9084,2020,SER,8,6,F,64,,11.16,145,08:55,KM,spring,0,,
AXH9085,2020,SER,8,5,M,65,,11.35,145,08:55,KM,spring,0,,
AXH9087,2021,SER,1,6,F,59,,10.59,147,08:12,ABP,spring,1,,net
AXH9086,2021,SER,1,6,M,67,,10.51,145,08:07,ABP,spring,1,,
AXH7891,2021,SER,2,6,F,61,,10.82,151,11:55,JMS,spring,0,,
ARD7539,2021,SER,2,6,M,65,,10.93,151,11:57,JMS,spring,1,,
_APR7095,2021,SER,3,5,F,63,,10.96,145,07:19,ABP,spring,0,,
AXH7153,2021,SER,3,6,M,65,,11.42,145,07:19,ABP,spring,1,,
ARD6783,2021,SER,4,6,F,63,,10.66,153,12:10,ABP,spring,1,,
_APR7221,2021,SER,4,5,M,62,,10.58,153,12:10,ABP,spring,0,,
ARD6026,2021,SER,5,6,F,63,,10.58,145,07:42,ABP,spring,1,,
AXH7986,2021,SER,6,6,F,63,,11.21,167,12:31,ABP,spring,0,,
AXH7154,2021,SER,6,6,M,66,,11.42,167,12:31,ABP,spring,1,,
_APR7094,2021,SER,7,5,F,64,,,145,06:47,ABP,spring,0,,net
AXH7395,2021,SER,7,6,M,67,,10.43,143,07:12,JMS,spring,1,,
_APR7093,2021,SER,8,6,F,63,,10.59,145,06:20,ABP,spring,0,,
S921779,2021,SER,8,6,M,66,,10.17,145,06:20,ABP,spring,1,,
Z632935,2015,SLS,1,5,F,59,,9.37,165,11:30,IBC,spring,0,,
Z632327,2015,SLS,4,5,F,60,,9.95,159,12:35,IBC,spring,0,,
Z632768,2015,SLS,4,6,M,66,,10.21,157,14:00,JDS,spring,0,,
Z632870,2016,SLS,3,5,F,62,,10.64,164,11:40,IBC,spring,0,,
S228985,2016,SLS,6,5,M,65,,10.24,170,11:30,IBC,spring,0,,
S921600,2017,SLS,1,5,F,62,,10.57,162,12:48,KM,spring,0,,
S921601,2017,SLS,1,6,M,67,,10.32,162,12:48,KM,spring,0,,
Z632870,2017,SLS,2,6,F,64,,10.8,160,12:30,KM,spring,1,,
S921384,2017,SLS,2,5,M,64,,10.6,160,12:30,KM,spring,0,,
S921626,2017,SLS,6,6,F,63,,10.83,166,11:50,KK,spring,0,,
S921625,2017,SLS,6,5,M,65,,10.97,166,11:50,KK,spring,0,,
S921600,2018,SLS,2,6,F,62,,10.09,169,15:30,KM,spring,1,SLS1 in 2017,
S921626,2018,SLS,3,6,F,62,,10.74,168,16:40,JMS,spring,1,SLS6 in 2017,
AHD7745,2018,SLS,3,5,M,65,,11.45,163,14:45,AJS,spring,0,,
AHD7744,2018,SLS,5,6,F,62,,11.39,163,12:54,DAP,spring,0,,
S921384,2018,SLS,5,6,M,65,,10.97,163,12:54,DAP,spring,1,DAV2 in 2017,
AHD7803,2018,SLS,6,5,F,60,,9.7,160,11:38,JMS,spring,0,,
AHD7802,2018,SLS,6,5,M,63,,10.98,160,11:35,JMS,spring,0,,
S921626,2019,SLS,5,6,F,63,16.82,10.7,153,13:20,KK,spring,1,,
ARD7799,2019,SLS,6,5,F,61,17,10.81,158,13:45,JC,spring,0,,
S921600,2019,SLS,7,6,F,61,16.6,10.2,161,11:40,JMS,spring,1,,
AXH8225,2020,SLS,1,6,F,62,,10.32,164,09:13,ABP,spring,0,,net
AXH7126,2020,SLS,1,6,M,65,,9.65,159,11:15,JMS,spring,1,,
S921626,2020,SLS,4,6,F,64,,10.36,164,08:53,ABP,spring,1,,net
AXH7568,2020,SLS,6,5,F,62,,10.97,159,10:28,JMS,spring,0,,
AXH7567,2020,SLS,6,5,M,62,,10.73,159,10:25,JMS,spring,0,,
AXH8226,2020,SLS,8,5,F,61,,10.14,164,09:35,ABP,spring,0,,net
S921900,2020,SLS,8,6,M,63,,9.99,164,09:35,ABP,spring,1,,net
AXH7989,2021,SLS,1,6,F,63,,10.45,179,08:19,ABP,spring,0,,
AXH8674,2021,SLS,3,5,F,63,,10.54,173,14:12,EAM,spring,0,,
AXH9915,2021,SLS,3,5,M,63,,10.88,169,11:40,SEL,spring,0,,
AXH8308,2021,SLS,5,6,M,67,,11.51,173,14:31,KM,spring,0,,
Z632946,2015,SPD,4,5,F,59,,10.44,173,16:00,IBC,spring,0,,
Z632871,2016,SPD,1,6,F,61,,10.65,164,15:45,IBC,spring,0,,
Z632858,2016,SPD,3,5,F,60,,10.47,156,16:15,IBC,spring,0,,
Z632857,2016,SPD,3,6,M,65,,11.16,156,16:15,IBC,spring,0,,
S921541,2017,SPD,1,5,F,59,,10.92,158,09:30,KK,spring,0,,
S921542,2017,SPD,1,5,M,63,,9.61,158,09:30,KK,spring,0,,
S921330,2017,SPD,7,6,M,66,,11.62,156,08:02,TB,spring,0,,
S922528,2017,SPD,8,6,F,60,,10.66,150,08:20,JDS,spring,0,,
S922676,2017,SPD,8,6,M,65,,10.16,152,08:38,KM,spring,0,,
AHD7096,2018,SPD,1,5,F,62,,10.19,156,10:00,DAP,spring,0,,
AHD7097,2018,SPD,1,6,M,65,,10.59,156,10:00,DAP,spring,0,,
AHD7312,2018,SPD,2,6,F,63,,10.72,156,09:43,JB,spring,0,,
S922676,2018,SPD,2,6,M,68,,10.51,156,09:39,JB,spring,1,SPD8 in 2017,
Z632946,2018,SPD,3,6,F,62,,9.75,158,09:00,JB,spring,1,,
AHD7823,2018,SPD,4,6,F,61,,10.39,160,11:05,JMS,spring,0,,
AHD7822,2018,SPD,4,6,M,66,,11.3,160,11:02,JMS,spring,0,,
AHD7343,2018,SPD,6,6,F,64,,9.82,158,09:30,JB,spring,0,,
AHD7343,2018,SPD,6,6,F,62,,9.62,160,11:48,JMS,spring,1,,
AHD7687,2018,SPD,7,6,F,NA,,NA,154,09:15,KM,spring,0,,
AHD7687,2018,SPD,7,6,F,63,,10.6,156,09:00,JB,spring,1,"also caught 154, possibly lone female",
AHD7687,2018,SPD,7,6,F,62,,10,160,10:15,JMS,spring,1,,
AHD7097,2018,SPD,7,6,M,63,,10.25,160,10:18,JMS,spring,0,,
S921541,2018,SPD,8,6,F,61,,10.83,156,09:40,DAP,spring,1,SPD1 in 2017,
AHD7095,2018,SPD,8,5,M,63,,10.95,156,09:40,DAP,spring,0,,
ARD7322,2019,SPD,1,4,F,60,16.1,10.28,148,09:10,JC,spring,0,,
AHD7095,2019,SPD,1,6,M,67,18.5,10.95,146,10:00,KM,spring,1,,
ARD6661,2019,SPD,4,6,F,61,16.5,9.72,150,08:06,JMS,spring,0,,
AHD7822,2019,SPD,4,6,M,67,17.1,10.41,150,08:03,JMS,spring,1,,
ARD7239,2019,SPD,6,6,F,61,17.27,11.17,148,08:28,KK,spring,0,,
ARD7238,2019,SPD,6,5,M,65,19.11,11.12,148,08:28,KK,spring,0,,
ARD7240,2019,SPD,8,5,F,61,16.46,10.48,148,09:10,KK,spring,0,,
ARD7241,2019,SPD,8,6,M,64,17.69,10.73,148,09:10,KK,spring,0,,
Z081096,2014,STY,1,6,F,,,,143,,ABP,spring,0,,
Z081095,2014,STY,1,6,M,,,,143,,ABP,spring,0,,
Z081156,2014,STY,5,5,F,62,,,148,,ABP,spring,0,,
Z081155,2014,STY,5,6,M,68,,,148,,ABP,spring,0,,
Z081657,2014,STY,6,5,M,65,,11.4,151,,ABP,spring,0,,
Z081221,2015,STY,1,5,M,63,,10.8,163,13:00,IBC,spring,1,,
Z632434,2015,STY,3,5,F,63,,11.71,149,,ABP,spring,0,,
Z632433,2015,STY,3,5,M,66,,11.39,149,,ABP,spring,0,,
Z632368,2015,STY,4,6,F,62,,10.66,161,12:30,ABP,spring,0,,
Z632466,2015,STY,6,5,F,62,,11.16,150,,ABP,spring,0,,
Z081657,2015,STY,6,6,M,66,,12.05,150,,ABP,spring,1,,
Z632964,2016,STY,1,6,F,61,,10.11,158,12:00,ABP,spring,0,,
Z632392,2016,STY,2,5,F,63,,10.6,154,09:00,ABP,spring,0,,
Z632433,2016,STY,2,6,M,69,,11.02,154,09:00,ABP,spring,1,,
Z632434,2016,STY,4,6,F,64,,11.29,153,11:50,ABP,spring,1,,
Z632846,2016,STY,4,5,M,62,,10.68,152,12:25,IBC,spring,0,,
Z632394,2016,STY,5,6,F,62,,10.98,154,09:25,ABP,spring,0,,
Z632393,2016,STY,5,6,M,65,,9.91,154,09:25,ABP,spring,0,,
Z632368,2016,STY,6,6,F,62,,9.85,153,12:10,ABP,spring,1,,
S922402,2017,STY,1,5,F,61,,10.93,153,12:30,ABP,spring,0,,
Z632433,2017,STY,1,6,M,67,,10.85,153,12:30,ABP,spring,1,,
S922887,2017,STY,3,5,F,62,,10.58,149,11:40,ABP,spring,0,,
S228350,2017,STY,3,5,M,62,,9.64,149,11:40,ABP,spring,1,recruit from STY6 2016,
S922885,2017,STY,4,5,F,60,,9.52,149,11:00,ABP,spring,0,,
Z632846,2017,STY,4,6,M,64,,11.17,149,11:00,ABP,spring,1,,
S922834,2017,STY,5,5,F,62,,10.93,147,12:20,ABP,spring,0,,
S228351,2017,STY,5,5,M,64,,10.38,147,12:20,ABP,spring,1,recruit from STY6 2016,
Z632368,2017,STY,7,6,F,61,,9.88,143,10:50,ABP,spring,1,,
Z632393,2017,STY,7,6,M,65,,9.99,143,10:50,ABP,spring,1,,
S922886,2017,STY,8,5,F,62,,10.81,149,11:30,ABP,spring,0,,
S228625,2017,STY,8,5,M,65,,10.34,149,11:30,ABP,spring,1,recruit from STY1 2016,
S922402,2018,STY,1,6,F,63,,10.35,154,13:53,DAP,spring,1,,
S922887,2018,STY,3,6,F,63,,10.12,153,10:30,JMS,spring,1,Same nestbox last year,
S228350,2018,STY,3,6,M,65,,9.72,153,10:33,JMS,spring,1,STY3 in 2017,
AHD7995,2018,STY,4,5,F,64,,10.95,161,15:35,ABP,spring,0,,
Z632368,2018,STY,5,6,F,61,,10.22,149,10:30,ABP,spring,1,,
S922342,2018,STY,5,5,M,65,,10.7,149,10:30,ABP,spring,1,chick from this nest in 2017,
AHD7056,2018,STY,6,5,F,62,,11.38,151,12:13,DAP,spring,0,,
AHD7056,2018,STY,6,5,F,62,,11.4,154,13:25,JMS,spring,1,,
S228351,2018,STY,6,6,M,64,,10.12,154,13:43,JMS,spring,1,,
AHD7444,2018,STY,7,5,F,63,,10.28,155,13:45,KM,spring,0,,
AHD7445,2018,STY,7,5,M,63,,10.23,155,13:45,KM,spring,0,,
ARD6787,2019,STY,1,5,F,61,16.93,10.68,149,13:30,ABP,spring,0,,
S921808,2019,STY,1,5,M,64,18.2,11.2,145,14:45,KK,spring,1,,
S922887,2019,STY,2,6,F,63,16.3,10.33,143,15:04,JMS,spring,1,,
S922342,2019,STY,2,6,M,66,17.1,10.86,143,15:00,JMS,spring,1,,
AHD7868,2019,STY,4,5,F,60,16,10.49,142,13:40,JMS,spring,1,,
S922342,2019,STY,4,6,M,66,17.1,11,142,13:35,JMS,spring,1,,
Z632368,2019,STY,5,6,F,61,17.12,9.87,149,14:30,ABP,spring,1,,
AHD7056,2019,STY,6,6,F,63,17.9,12.08,147,13:45,KM,spring,1,,
S228351,2019,STY,6,6,M,65,18.8,10.16,147,13:48,KM,spring,1,,
AHD7868,2020,STY,1,6,F,63,,11.14,148,10:17,KM,spring,1,,
S922342,2020,STY,1,6,M,67,,10.78,148,10:17,KM,spring,1,,
ARD7577,2020,STY,3,5,F,62,,11.02,145,11:52,ABP,spring,0,,
ARD6989,2020,STY,3,5,M,63,,10.77,145,11:52,ABP,spring,1,,
AXH9177,2020,STY,4,5,F,62,,10.26,148,12:40,KM,spring,0,changed from AXH9172 because same ring number as a nestling and this ring number was missing and would be right in terms of date.,
AXH9176,2020,STY,5,5,F,64,,10.85,148,11:38,KM,spring,0,,
AXH7147,2020,STY,5,5,M,66,,11.01,148,11:38,KM,spring,1,,
ARD7547,2020,STY,6,5,F,60,,9.86,145,11:06,ABP,spring,0,,
AHD7868,2021,STY,1,6,F,62,,10.98,155,11:01,JMS,spring,1,,
S922342,2021,STY,1,6,M,66,,10.86,155,11:00,JMS,spring,1,,
AXH7976,2021,STY,2,5,F,62,,10.19,163,12:08,ABP,spring,0,,
ARD6178,2021,STY,2,6,M,67,,11,163,12:08,ABP,spring,1,,
ARD7577,2021,STY,3,6,F,63,,10.8,153,09:24,ABP,spring,1,,net
ARD6989,2021,STY,3,6,M,65,,10.31,149,09:21,ABP,spring,1,,
AXH9176,2021,STY,5,6,F,65,,10.14,153,09:53,ABP,spring,1,,
AXH7147,2021,STY,5,6,M,67,,10.74,153,09:53,ABP,spring,1,,
AHD7056,2021,STY,7,6,F,64,,11.53,157,08:55,ABP,spring,1,,
ARD6920,2021,STY,7,6,M,66,,11.21,157,08:55,ABP,spring,1,,
Z081849,2014,TAI,3,5,F,61,,10.25,159,,JDS,spring,0,,
Z081848,2014,TAI,3,5,M,65,,10.78,159,,JDS,spring,0,,
Z081199,2014,TAI,4,6,F,63,,10.7,149,,ABP,spring,0,,
Z081200,2014,TAI,4,5,M,64,,11.1,149,,ABP,spring,0,,
Z081353,2014,TAI,5,6,F,60,,10.1,143,,JDS,spring,0,,
Z081352,2014,TAI,5,6,M,63,,11.07,143,,JDS,spring,0,,
Z081199,2015,TAI,4,6,F,63,,10.51,157,18:00,JDS,spring,1,,
Z632845,2016,TAI,1,5,M,66,,11.14,150,14:30,IBC,spring,0,,
S228329,2016,TAI,2,6,M,66,,11.45,146,13:45,IBC,spring,0,,
S228330,2016,TAI,3,6,F,61,,10.35,146,14:10,IBC,spring,0,,
Z081848,2016,TAI,3,6,M,65,,11.25,146,14:10,IBC,spring,1,TAI3 5M from 2014.,
Z632883,2016,TAI,4,6,M,67,,10.35,154,16:20,JDS,spring,0,,
Z081353,2016,TAI,5,6,F,60,,10.07,150,14:15,IBC,spring,1,,
Z081352,2016,TAI,5,6,M,62,,10.89,146,14:35,IBC,spring,1,TAI5 5M from 2014,
S922569,2017,TAI,1,6,F,62,,11.63,153,18:28,KM,spring,0,,
Z632845,2017,TAI,1,6,M,66,,11.1,153,18:28,KM,spring,1,,
S228330,2017,TAI,2,6,F,62,,10.48,145,17:15,GD,spring,1,,
S922076,2017,TAI,2,6,M,65,,11,145,17:15,GD,spring,0,,
S922571,2017,TAI,3,6,F,63,,10.76,153,19:07,KM,spring,0,,
Z081848,2017,TAI,3,6,M,66,,11.68,153,19:07,KM,spring,1,,
S921618,2017,TAI,5,5,F,61,,10.83,163,17:50,KM,spring,0,,
Z632883,2017,TAI,5,6,M,66,,10.18,163,17:50,KM,spring,1,,
S922602,2017,TAI,4,5,F,63,,10.67,149,19:50,KM,spring,0,entered at tai6,
S922570,2017,TAI,6,6,F,64,,10.74,153,18:35,KM,spring,0,,
S922601,2017,TAI,4,5,M,63,,10.13,149,19:50,KM,spring,0,entered as tai6,
S922569,2018,TAI,1,6,F,62,,11.47,155,16:24,JB,spring,1,"entered as Tain 3, but was in fact TAI1",
Z632845,2018,TAI,1,6,M,66,,10.95,155,16:28,JB,spring,1,"entered as Tain 3, but I think this should be Tain1",
AHD7016,2018,TAI,2,5,F,62,,10.53,149,16:25,DAP,spring,0,,
S922076,2018,TAI,2,6,M,66,,10.35,149,16:25,DAP,spring,1,TAI2 in 2017,
S922571,2018,TAI,3,6,F,62,,10.94,155,16:45,DAP,spring,1,,
Z081848,2018,TAI,3,6,M,66,,11.15,155,16:45,DAP,spring,1,been in box 3 since 2014,
S922602,2018,TAI,4,6,F,65,,10.74,149,16:20,DAP,spring,1,TAI4 last year,
S922601,2018,TAI,4,6,M,66,,10.05,149,16:20,DAP,spring,1,also TAI6,
S922570,2018,TAI,6,6,F,64,,10.69,149,17:00,DAP,spring,1,TAI6 last year,
S922601,2018,TAI,6,6,M,65,,10.27,149,17:00,DAP,spring,1,,
S922569,2019,TAI,1,6,F,63,18.43,10.8,144,11:15,KM,spring,1,,
ARD7113,2019,TAI,3,6,M,66,17.67,10.22,144,10:50,KM,spring,0,,
ARD6299,2019,TAI,4,5,F,63,17.6,11.69,141,19:00,KM,spring,0,,
AHD7789,2019,TAI,4,5,M,65,18.06,11.22,141,19:00,KM,spring,1,,
S921618,2019,TAI,5,6,F,61,16.8,11.25,149,15:51,JMS,spring,1,,
AHD7788,2019,TAI,5,5,M,64,16.5,10.5,149,15:54,JMS,spring,1,,
S922570,2019,TAI,6,6,F,65,19.93,11.44,143,20:00,KM,spring,1,,
AHD7787,2019,TAI,6,5,M,65,18.46,11.5,143,20:00,KM,spring,1,,
AXH8001,2020,TAI,2,5,F,63,,11.24,153,09:55,ABP,spring,0,,
ARD6253,2020,TAI,2,5,M,62,,11.1,153,09:55,ABP,spring,1,,
AXH7493,2020,TAI,3,5,F,65,,11.61,153,09:32,ABP,spring,0,,
AHD7790,2020,TAI,3,6,M,65,,10.68,153,09:32,ABP,spring,1,,
S921618,2020,TAI,5,6,F,61,,11.41,153,09:45,KM,spring,1,,
AXH7114,2020,TAI,5,6,M,65,,10.75,153,09:45,KM,spring,1,,
S921658,2021,TAI,1,6,F,61,,10.14,154,12:41,JMS,spring,1,,
ARD6700,2021,TAI,1,6,M,66,,11.3,154,12:43,JMS,spring,1,,
AXH7754,2021,TAI,2,5,F,61,,11.15,154,12:18,JMS,spring,0,,
ARD6253,2021,TAI,2,6,M,63,,10.62,154,12:20,JMS,spring,1,,
_APR7277,2021,TAI,4,5,F,62,,10.89,154,12:08,ABP,spring,0,,
_APR7278,2021,TAI,4,5,M,63,,11.14,154,12:08,ABP,spring,0,,
_APR7286,2021,TAI,5,5,F,61,,10.69,154,12:27,ABP,spring,0,,
AXH7114,2021,TAI,5,6,M,63,,10.77,154,12:27,ABP,spring,1,,
S921581,2017,TOM,1,5,F,60,,9.35,161,11:55,KM,spring,0,,
S921580,2017,TOM,1,6,M,68,,10.85,161,11:55,KM,spring,0,,
S921622,2017,TOM,6,6,F,61,,10.75,165,11:54,TB,spring,0,,
S921623,2017,TOM,6,6,M,64,,9.96,165,11:54,TB,spring,0,,
S921581,2018,TOM,1,6,F,61,,9.27,157,10:50,JB,spring,1,TOM1 in 2017,
AHD7321,2018,TOM,1,6,M,64,,10.3,157,10:50,JB,spring,0,,
AHD7301,2018,TOM,8,6,F,62,,10.74,155,12:30,JB,spring,0,,
S921623,2018,TOM,8,6,M,66,,9.99,155,12:30,JB,spring,1,TOM6 in 2017,
S921581,2019,TOM,1,6,F,61,16,9.92,155,13:48,JC,spring,1,,
ARD7365,2019,TOM,1,5,M,64,17.08,11.33,155,13:48,JC,spring,0,,
AXH8144,2020,TOM,1,5,F,61,,10.98,159,10:31,ABP,spring,0,,
ARD7365,2020,TOM,1,6,M,65,,10.65,159,10:31,ABP,spring,1,,
AXH8145,2020,TOM,8,5,F,61,,11.81,159,10:40,ABP,spring,0,,
AXH9507,2020,TOM,8,6,M,64,,10.62,171,10:15,KM,spring,0,,
S921897,2021,TOM,8,6,F,62,,9.61,159,14:05,KM,spring,1,,
AXH8534,2021,TOM,8,6,M,67,,11.41,159,14:05,KM,spring,0,,
S921653,2019,ALN,1,6,u,66,17.3,11,41.5,20:45,JMS,winter,1,,
AHD7791,2019,ALN,2,5,u,63,16.5,10.66,41.5,20:47,JMS,winter,0,,
S921329,2019,ALN,4,6,u,62,16.9,10.67,41.5,20:57,JMS,winter,1,,
AHD7792,2019,ALN,7,5,u,65,17.8,11.02,41.5,20:52,JMS,winter,0,,
S228402,2019,ALN,8,6,u,65,17.2,10.81,41.5,20:54,JMS,winter,1,,
S921653,2020,ALN,1,6,u,66,18.3,11.44,19,19:29:00,KM,winter,1,,
AXH7116,2020,ALN,2,5,u,63,18.2,11.36,19,19:33:00,KM,winter,0,,
ARD7974,2020,ALN,5,5,u,62,17.1,10.98,19,19:31:00,JMS,winter,1,,
ARD7732,2020,ALN,6,6,u,65,18.8,11.31,19,19:39:00,KM,winter,1,,
S228402,2020,ALN,8,6,u,64,17,11.03,19,19:36:00,JMS,winter,1,,
AHD7800,2019,ART,2,5,u,61,16.8,10.59,41.5,22:23,JMS,winter,0,,
S922127,2019,ART,3,6,u,65,17.2,11.13,41.5,22:26,JMS,winter,1,,
S922568,2019,ART,5,6,u,62,16.3,11.31,41.5,22:30,JMS,winter,1,,
ARD7694,2020,ART,1,5,u,67,18.5,11.35,19,21:00:00,JMS,winter,0,,
ARD7695,2020,ART,2,5,u,63,17,10.18,19,21:03:00,JMS,winter,0,,
ARD7696,2020,ART,3,5,u,65,17.3,11.55,19,21:07:00,JMS,winter,0,,
ARD7697,2020,ART,4,5,u,64,17.3,11.1,19,21:10:00,JMS,winter,0,,
ARD6300,2020,ART,5,6,u,64,17.6,10.73,19,21:13:00,KM,winter,1,,
AXH7121,2020,ART,6,5,u,63,18.2,11.26,19,20:59:00,KM,winter,0,,
AXH7122,2020,ART,7,5,u,63,18.1,10.81,19,21:04:00,KM,winter,0,,
AXH7123,2020,ART,8,5,u,66,18.9,11.69,19,21:07:00,KM,winter,0,,
AHD7764,2019,AVI,1,5,u,64,17.5,12.32,40.5,22:00,JMS,winter,0,,
AHD7765,2019,AVI,2,6,u,65,17,11.71,40.5,22:03,JMS,winter,0,,
S921488,2019,AVI,3,6,u,65,16.6,,40.5,22:06,JMS,winter,1,,
AHD7766,2019,AVI,4,6,u,65,17,11.4,40.5,22:12,JMS,winter,0,,
AHD7767,2019,AVI,5,6,u,61,17,10.74,40.5,22:15,JMS,winter,0,,
AHD7320,2019,AVI,6,6,u,65,17.6,11.52,40.5,22:18,JMS,winter,1,,
S922550,2019,AVI,8,6,u,66,17.8,11.82,40.5,21:57,JMS,winter,1,,
AXH7132,2020,AVI,1,5,u,65,19.2,12.42,20,17:18:00,KM,winter,0,,
S921488,2020,AVI,3,6,u,64,17,11.67,20,17:23:00,JMS,winter,1,,
ARD7088,2020,AVI,4,5,u,63,17,12,20,17:20:00,JMS,winter,0,,
AHD7320,2020,AVI,5,6,u,66,17.7,12.8,20,17:16:00,JMS,winter,1,,
ARD7391,2020,AVI,6,6,u,65,17.3,11.85,20,17:13:00,JMS,winter,1,,
S922550,2020,AVI,7,6,u,65,18.9,11.87,20,17:08:00,KM,winter,1,,
AXH7131,2020,AVI,8,5,u,62,18,11.85,20,17:13:00,KM,winter,0,,
AHD7768,2019,AVN,1,6,u,66,17.3,12.26,40.5,22:40,JMS,winter,0,,
S922956,2019,AVN,2,5,u,65,17.6,11.42,40.5,22:36,JMS,winter,1,,
AHD7769,2019,AVN,5,5,u,64,17.5,11.6,40.5,22:45,JMS,winter,0,,
Z632894,2019,AVN,6,6,u,65,17.2,11.18,40.5,22:49,JMS,winter,1,,
AHD7350,2019,AVN,7,6,u,65,16.3,10.94,40.5,22:33,JMS,winter,1,,
Z632902,2019,AVN,8,6,u,66,16.6,11.38,40.5,22:52,JMS,winter,1,,
AHD7768,2020,AVN,1,6,u,66,17.9,12.06,19,23:26:00,JMS,winter,1,,
ARD7254,2020,AVN,2,5,u,61,16.8,10.73,19,23:30:00,JMS,winter,1,,
ARD7087,2020,AVN,3,5,u,63,16.4,11.31,19,23:35:00,JMS,winter,0,,
AXH7128,2020,AVN,4,5,u,64,18.9,10.59,19,23:20:00,KM,winter,0,,
AXH7130,2020,AVN,5,5,u,61,17.8,11.13,19,23:35:00,KM,winter,0,,
AXH7129,2020,AVN,6,5,u,64,18.7,11.7,19,23:30:00,KM,winter,0,,
AHD7350,2020,AVN,7,6,u,66,16.5,10.78,19,23:20:00,JMS,winter,1,,
AHD7404,2020,AVN,8,6,u,64,17.9,11.55,19,23:25:00,KM,winter,1,,
AHD7999,2019,BAD,1,6,u,62,16.5,11.21,38.5,20:29,JMS,winter,0,,
S922884,2019,BAD,2,6,u,68,17.3,11.49,38.5,20:32,JMS,winter,1,,
S922848,2019,BAD,3,6,u,68,17.5,11.56,38.5,20:35,JMS,winter,1,,
AHD7577,2019,BAD,4,6,u,61,16.3,10.96,38.5,20:39,JMS,winter,1,,
Z081130,2019,BAD,5,6,u,66,17.2,12.45,38.5,20:45,JMS,winter,1,,
AHD7296,2019,BAD,6,5,u,65,16.6,11.65,38.5,20:50,JMS,winter,1,,
AXH7208,2020,BAD,1,5,u,64,17.33,11.84,21,20:54:00,ABP,winter,0,,
S922884,2020,BAD,2,6,u,69,17.3,11.9,21,20:58:00,ABP,winter,1,,
S922848,2020,BAD,3,6,u,69,18.31,11.6,21,21:03:00,ABP,winter,1,,
AHD7577,2020,BAD,4,6,u,62,16.23,11.21,21,21:08:00,ABP,winter,1,,
AXH7209,2020,BAD,5,5,u,63,17.69,11.41,21,21:12:00,ABP,winter,0,,
Z081130,2020,BAD,6,6,u,67,18.12,12.37,21,21:17:00,ABP,winter,1,,
AHD7921,2019,BIR,1,6,u,66,17.1,11.77,39.5,00:14,JMS,winter,1,,
AHD7891,2019,BIR,2,6,u,65,17.3,12.04,39.5,00:10,JMS,winter,0,,
AHD7890,2019,BIR,3,5,u,64,17.5,11.42,39.5,00:07,JMS,winter,0,,
AHD7892,2019,BIR,4,5,u,65,17.6,11.94,39.5,00:23,JMS,winter,0,,
AHD7893,2019,BIR,8,6,u,67,17,11.88,39.5,00:31,JMS,winter,0,,
AHD7890,2020,BIR,1,6,u,66,18.9,12.01,21,19:19:00,KM,winter,1,,
AHD7921,2020,BIR,2,6,u,66,17,11.2,21,19:18:00,KK,winter,1,,
ARD6952,2020,BIR,3,6,u,67,18.4,11.27,21,19:14:00,KM,winter,1,,
ARD7512,2020,BIR,4,5,u,66,17,12.24,21,19:34:00,KK,winter,0,,
ARD7513,2020,BIR,6,5,u,65,17,12.08,21,20:42:00,KK,winter,0,,
AXH7146,2020,BIR,8,6,u,64,18,11.53,21,19:36:00,KM,winter,0,,
Z632802,2019,BLA,1,6,u,66,17,11.58,39.5,20:34,JMS,winter,1,,
S921216,2019,BLA,2,6,u,65,17.2,11.65,39.5,20:37,JMS,winter,1,,
Z632801,2019,BLA,3,6,u,62,16.7,11.28,39.5,20:39,JMS,winter,1,,
Z632973,2019,BLA,4,6,u,64,17.2,12.04,39.5,20:43,JMS,winter,1,,
Z632577,2019,BLA,7,6,u,66,17.2,11.05,39.5,20:49,JMS,winter,1,,
AHD7877,2019,BLA,8,5,u,65,17.4,11.99,39.5,20:30,JMS,winter,0,,
AXH7137,2020,BLA,1,5,u,66,19.3,12.04,20,22:15:00,KM,winter,0,,
S921216,2020,BLA,2,6,u,65,18.5,11.63,20,22:20:00,KM,winter,1,,
ARD7100,2020,BLA,5,5,u,65,18.1,12.03,20,22:25:00,JMS,winter,0,,
ARD7099,2020,BLA,6,5,u,65,17.3,12.18,20,22:19:00,JMS,winter,0,,
Z632577,2020,BLA,7,6,u,65,17.3,11.19,20,22:15:00,JMS,winter,1,,
AXH7136,2020,BLA,8,5,u,64,17.9,11.01,20,22:08:00,KM,winter,0,,
AHD7885,2019,BLG,1,5,u,66,17.4,11.87,39.5,23:08,JMS,winter,0,,
S922228,2019,BLG,2,6,u,63,16.9,10.59,39.5,23:02,JMS,winter,1,,
AHD7884,2019,BLG,4,5,u,63,16.7,11.1,39.5,22:59,JMS,winter,0,,
S922825,2019,BLG,5,6,u,66,16.9,11.25,39.5,22:55,JMS,winter,1,,
S922824,2019,BLG,6,6,u,64,16.6,11.51,39.5,22:51,JMS,winter,1,,
AHD7886,2019,BLG,7,5,u,64,17.5,11.84,39.5,22:15,JMS,winter,0,,
ARD7510,2020,BLG,1,5,u,61,15.9,10.86,21,18:12:00,KK,winter,0,,
ARD6133,2020,BLG,2,5,u,63,17.4,11.31,21,18:20:00,KK,winter,1,,
AHD7885,2020,BLG,3,6,u,67,18.4,11.83,21,18:15:00,KM,winter,1,,
AHD7884,2020,BLG,4,6,u,64,17.8,11.69,21,18:08:00,KM,winter,1,,
AXH7143,2020,BLG,5,5,u,66,18,12.04,21,18:02:00,KM,winter,0,,
AXH7142,2020,BLG,6,5,u,62,17.8,11.25,21,17:56:00,KM,winter,0,,
ARD7509,2020,BLG,7,5,u,62,17.3,10.86,21,18:05:00,KK,winter,0,,
ARD7508,2020,BLG,8,5,u,62,17.2,11.15,21,17:58:00,KK,winter,0,,
Z632465,2019,CAL,1,6,u,64,16.4,10.99,39.5,18:04,JMS,winter,1,,
S921757,2019,CAL,2,5,u,63,16.8,11.98,39.5,18:07,JMS,winter,1,,
AHD7253,2019,CAL,3,6,u,67,18.5,12.25,39.5,18:27,JMS,winter,1,,
AHD7869,2019,CAL,4,5,u,64,16.6,11.98,39.5,18:11,JMS,winter,0,,
AHD7871,2019,CAL,5,5,u,65,15.9,12.19,39.5,18:23,JMS,winter,0,,
S921489,2019,CAL,6,6,u,63,16.1,11.23,39.5,18:14,JMS,winter,1,,
AHD7870,2019,CAL,7,6,u,66,18,12,39.5,18:20,JMS,winter,0,,
S921194,2019,CAL,8,6,u,65,16.9,12.57,39.5,18:17,JMS,winter,1,,
ARD7097,2020,CAL,1,5,u,58,15.8,9.9,20,21:34:00,JMS,winter,0,,
AXH7135,2020,CAL,2,5,u,63,17.5,11.46,20,21:33:00,KM,winter,0,,
AHD7253,2020,CAL,3,6,u,67,18.4,12.09,20,21:36:00,JMS,winter,1,,
ARD7823,2020,CAL,4,6,u,62,17.4,10.23,20,21:39:00,KM,winter,1,,
S921489,2020,CAL,5,6,u,62,16.4,10.6,20,21:40:00,JMS,winter,1,,
AHD7870,2020,CAL,6,6,u,67,18.9,11.73,20,21:45:00,KM,winter,1,,
ARD7098,2020,CAL,7,5,u,63,17.2,11.43,20,21:43:00,JMS,winter,0,,
S921194,2020,CAL,8,6,u,65,16.9,11.73,20,21:46:00,JMS,winter,1,,
AHD7770,2019,CAR,2,6,u,66,16.3,11.49,40.5,23:11,JMS,winter,0,NEST,
AHD7771,2019,CAR,4,5,u,61,16.7,10.5,40.5,23:16,JMS,winter,0,,
AHD7772,2019,CAR,5,6,u,62,16.3,11.36,40.5,23:19,JMS,winter,0,,
AHD7773,2019,CAR,6,5,u,65,17.5,11.29,40.5,23:23,JMS,winter,0,,
AHD7772,2020,CAR,5,6,u,62,16.4,11.1,19,23:00:00,JMS,winter,1,,
AHD7771,2020,CAR,6,6,u,62,17.8,9.77,19,22:55:00,KM,winter,1,,
AHD7897,2019,CRU,4,5,u,65,17.1,11.32,40.5,18:38,JMS,winter,0,,
S921314,2019,CRU,5,6,u,63,16.2,10.66,40.5,18:38,JMS,winter,1,,
AHD7896,2019,CRU,6,5,u,62,17.2,11.22,40.5,18:32,JMS,winter,0,,
AHD7898,2019,CRU,7,5,u,61,15.9,10.4,40.5,18:44,JMS,winter,0,,
S921314,2020,CRU,5,6,u,61,16.3,10.6,20,19:44:00,JMS,winter,1,,
AHD7899,2020,CRU,7,6,u,63,17.2,11.08,20,19:43:00,KM,winter,1,,
AHD7776,2019,DAV,1,5,u,60,16.6,10.55,40.5,00:49,JMS,winter,0,,
AHD7775,2019,DAV,6,5,u,63,17.3,11.31,40.5,00:40,JMS,winter,0,,
AHD7777,2019,DAV,8,6,u,62,16.1,9.74,40.5,00:54,JMS,winter,0,SEPTIMUS,
ARD7733,2020,DAV,1,6,u,61,16.7,10.25,19,21:51:00,JMS,winter,1,,
AXH7125,2020,DAV,4,5,u,65,18.4,10.77,19,21:51:00,KM,winter,0,,
AXH7124,2020,DAV,6,5,u,60,18.3,9.61,19,21:43:00,KM,winter,0,,
S921318,2020,DAV,7,6,u,64,17.2,11.05,19,21:48:00,JMS,winter,1,,
ARD7698,2020,DAV,8,5,u,62,17.3,12.04,19,21:44:00,JMS,winter,0,,
Z081282,2019,DEL,1,6,u,62,16.3,11.16,41.5,20:20,JMS,winter,1,entred as Z0801282 ,
S922054,2019,DEL,3,6,u,63,17.5,11.43,41.5,20:24,JMS,winter,1,,
AHD7030,2019,DEL,4,6,u,66,16.4,11.35,41.5,20:28,JMS,winter,1,,
S922587,2019,DEL,5,6,u,63,16.2,10.43,41.5,20:18,JMS,winter,1,,
S921293,2019,DEL,6,5,u,63,16.8,11.02,41.5,20:13,JMS,winter,1,,
AHD7187,2019,DEL,7,5,u,62,16.8,10.7,41.5,20:10,JMS,winter,1,"Was down as AHD7178 (an inter site dispersal from MUN) but have chnaged to AHD7187, which was a 2018 nestling from DEL6",
Z081282,2020,DEL,1,6,u,61,16.5,11.24,19,19:09:00,JMS,winter,1,,
ARD7323,2020,DEL,2,6,u,62,16.8,11.26,19,19:06:00,JMS,winter,1,,
ARD7085,2020,DEL,3,5,u,64,17.5,12.62,19,19:01:00,JMS,winter,0,,
AHD7030,2020,DEL,4,6,u,65,16.5,12.14,19,18:58:00,JMS,winter,1,,
S922587,2020,DEL,5,6,u,62,17,11.24,19,19:10:00,KM,winter,1,,
AXH7115,2020,DEL,6,6,u,66,18.7,11.08,19,19:00:00,KM,winter,0,,
AXH7200,2020,DEL,8,5,u,63,18.8,11.64,19,18:55:00,KM,winter,0,,
AHD7894,2019,DLW,1,5,u,60,16.8,11.16,40.5,17:58,JMS,winter,0,,
AHD7895,2019,DLW,4,5,u,65,17.2,12.21,40.5,18:05,JMS,winter,0,,
ARD7094,2020,DLW,5,5,u,64,16.5,10.82,20,20:07:00,JMS,winter,0,,
AHD7872,2019,DNM,1,6,u,65,16.4,11.37,39.5,18:43,JMS,winter,0,,
AHD7873,2019,DNM,2,5,u,63,16.3,11.65,39.5,18:47,JMS,winter,0,,
AHD7874,2019,DNM,3,5,u,63,16.1,11.42,39.5,18:51,JMS,winter,0,,
S921229,2019,DNM,5,6,u,64,17.2,11.75,39.5,18:56,JMS,winter,1,,
S921829,2019,DNM,6,6,u,65,16.2,10.96,39.5,19:00,JMS,winter,1,,
AHD7875,2019,DNM,7,5,u,67,17.4,11.81,39.5,19:04,JMS,winter,0,,
AHD7876,2019,DNM,8,6,u,66,17.6,12.55,39.5,19:08,JMS,winter,0,,
S921228,2020,DNM,2,6,u,64,18.3,11.59,20,21:10:00,KM,winter,1,,
S921829,2020,DNM,3,6,u,66,17.7,11.09,20,21:13:00,KM,winter,1,,
ARD7096,2020,DNM,6,5,u,63,17,11.51,20,21:20:00,JMS,winter,0,,
ARD7095,2020,DNM,7,5,u,64,17.4,12.1,20,21:09:00,JMS,winter,0,,
AHD7962,2020,DNM,8,6,u,67,18,12.26,20,21:14:00,JMS,winter,1,,
AHD7785,2019,DOR,1,5,u,62,15.9,11.1,41.5,18:59,JMS,winter,0,,
AHD7786,2019,DOR,2,5,u,63,17.4,11.22,41.5,19:02,JMS,winter,0,,
ARD6699,2020,DOR,1,5,u,65,17.5,12.65,19,18:02:00,JMS,winter,0,,
AHD7311,2020,DOR,2,6,u,64,17,11.8,19,18:06:00,JMS,winter,1,,
AXH7112,2020,DOR,5,6,u,65,19.2,11.84,19,18:08:00,KM,winter,0,,
AXH7111,2020,DOR,6,5,u,67,18.7,11.5,19,17:58:00,KM,winter,0,,
S922416,2019,DOW,1,6,u,64,17,12.16,38.5,21:48,JMS,winter,1,,
AHD7755,2019,DOW,2,5,u,65,16.7,12.15,38.5,21:53,JMS,winter,0,,
AHD7575,2019,DOW,3,6,u,63,15.9,10.14,38.5,21:56,JMS,winter,1,,
AHD7855,2019,DOW,4,5,u,63,16.9,11.54,38.5,22:02,JMS,winter,0,,
AHD7857,2019,DOW,5,6,u,65,17.1,11.59,38.5,22:12,JMS,winter,0,,
AHD7858,2019,DOW,6,5,u,63,18.2,12.05,38.5,22:18,JMS,winter,0,Box Damaged,
AHD7856,2019,DOW,7,5,u,65,17.6,11.7,38.5,22:07,JMS,winter,0,,
AHD7857,2020,DOW,2,6,u,65,17.44,11.35,21,21:36:00,ABP,winter,1,,
AXH7210,2020,DOW,3,5,u,64,17.61,11.68,21,21:42:00,ABP,winter,0,,
AXH7211,2020,DOW,4,5,u,69,17.1,12.03,21,21:47:00,ABP,winter,0,,
AXH7213,2020,DOW,7,5,u,63,17.35,10.93,21,21:54:00,ABP,winter,0,,
AXH7212,2020,DOW,8,5,u,69,18.36,11.97,21,21:50:00,ABP,winter,0,,
AHD7887,2019,DUN,3,5,u,66,17.6,10.88,39.5,23:36,JMS,winter,0,,
AHD7889,2019,DUN,4,5,u,65,17.1,11.29,39.5,23:46,JMS,winter,0,,
AHD7888,2019,DUN,5,6,u,63,17.2,11.41,39.5,23:41,JMS,winter,0,,
ARD7649,2020,DUN,2,6,u,62,16.9,10.74,21,18:52:00,KK,winter,1,,
AHD7887,2020,DUN,3,6,u,67,18.7,11.61,21,18:41:00,KM,winter,1,,
AXH7145,2020,DUN,4,5,u,63,17.4,10.84,21,18:55:00,KM,winter,0,,
AXH7144,2020,DUN,5,6,u,62,17.9,11.56,21,18:48:00,KM,winter,0,,
ARD7511,2020,DUN,8,5,u,65,18,11.83,21,18:45:00,KK,winter,0,,
S922414,2019,EDI,1,6,u,65,16.7,12.42,38.5,18:09,JMS,winter,1,,
S922455,2019,EDI,2,5,u,64,17.5,12.16,38.5,18:15,JMS,winter,1,changed age to 5,
S922355,2019,EDI,3,6,u,64,17,11.8,38.5,18:21,JMS,winter,1,,
S229241,2019,EDI,4,6,u,63,17,11.69,38.5,18:27,JMS,winter,1,,
AHD7989,2019,EDI,5,6,u,65,17.1,11.02,38.5,18:33,JMS,winter,0,,
AHD7988,2019,EDI,7,5,u,62,17.3,11.89,38.5,18:39,JMS,winter,0,,
S229241,2020,EDI,4,6,u,64,17.62,11.69,21,18:33:00,ABP,winter,1,,
AHD7989,2020,EDI,5,6,u,66,17.9,11.26,21,18:37:00,ABP,winter,1,,
AXH7201,2020,EDI,6,5,u,63,16.49,10.78,21,18:43:00,ABP,winter,0,,
AXH7202,2020,EDI,7,6,u,67,17.51,11.41,21,18:48:00,ABP,winter,0,,
AXH7203,2020,EDI,8,5,u,65,17.04,11.88,21,18:51:00,ABP,winter,0,,
S229053,2019,FOF,1,6,u,65,17.6,12.13,38.5,19:38,JMS,winter,1,,
AHD7853,2019,FOF,2,5,u,63,16.8,11.3,38.5,19:41,JMS,winter,0,,
Z632386,2019,FOF,4,6,u,66,17.4,12.27,38.5,19:57,JMS,winter,1,,
S229086,2019,FOF,5,6,u,66,17.3,11.58,38.5,20:01,JMS,winter,1,,
AHD7527,2019,FOF,6,6,u,65,18.2,12.16,38.5,20:04,JMS,winter,1,,
AHD7854,2019,FOF,7,5,u,60,16.4,10.37,38.5,19:48,JMS,winter,0,,
S229075,2019,FOF,8,6,u,65,17.3,12.67,38.5,19:51,JMS,winter,1,,
AHD7853,2020,FOF,1,6,u,63,17.15,11.17,21,20:00:00,ABP,winter,1,,
ARD6602,2020,FOF,2,6,u,67,18.02,11.79,21,20:04:00,ABP,winter,1,,
ARD6605,2020,FOF,3,6,u,65,17.51,11.32,21,20:10:00,ABP,winter,1,,
AXH7207,2020,FOF,4,5,u,63,17.67,11.47,21,20:23:00,ABP,winter,0,,
S229086,2020,FOF,5,6,u,67,17.64,11.77,21,20:27:00,ABP,winter,1,,
AHD7527,2020,FOF,6,6,u,66,18.2,11.79,21,20:30:00,ABP,winter,1,,
S229136,2020,FOF,7,6,u,65,17.55,11.77,21,20:15:00,ABP,winter,1,,
ARD6610,2020,FOF,8,6,u,67,18.11,11.7,21,20:19:00,ABP,winter,1,,
AHD7794,2019,FOU,1,5,u,60,17.7,10.63,41.5,21:19,JMS,winter,0,,
S921799,2019,FOU,2,6,u,64,17.8,11.4,41.5,21:09,JMS,winter,1,,
AHD7793,2019,FOU,4,5,u,65,17.7,11.9,41.5,21:12,JMS,winter,0,,
S922516,2019,FOU,6,6,u,61,17.3,11.74,41.5,21:15,JMS,winter,1,,
AHD7795,2019,FOU,7,6,u,67,17.1,10.98,41.5,21:25,JMS,winter,0,,
AHD7796,2019,FOU,8,5,u,63,15.4,10.53,41.5,21:27,JMS,winter,0,,
AXH7119,2020,FOU,1,5,u,64,17.9,10.58,19,20:07:00,KM,winter,0,,
ARD7691,2020,FOU,3,5,u,65,17.5,11.41,19,20:05:00,JMS,winter,0,,
AXH7117,2020,FOU,4,5,u,66,19.3,12.02,19,19:55:00,KM,winter,0,,
AXH7118,2020,FOU,6,5,u,63,18.3,11.1,19,20:00:00,KM,winter,0,,
ARD7690,2020,FOU,7,5,u,64,17.7,11.82,19,20:00:00,JMS,winter,0,,
ARD7689,2020,FOU,8,5,u,62,16.5,10.92,19,19:56:00,JMS,winter,0,,
Z632900,2019,FSH,1,6,u,67,16.6,12.63,40.5,20:52,JMS,winter,1,TRAIL CAM,
AHD7165,2019,FSH,4,6,u,67,17.6,11.02,40.5,20:57,JMS,winter,1,,
AHD7759,2019,FSH,5,5,u,65,16.6,11.67,40.5,21:00,JMS,winter,0,,
S921578,2019,FSH,6,6,u,63,17.2,12.11,40.5,21:04,JMS,winter,1,,
S922957,2020,FSH,1,6,u,63,17,11.5,20,18:15:00,JMS,winter,1,,
Z632900,2020,FSH,2,6,u,67,17.5,12.68,20,18:19:00,KM,winter,1,,
AXH7134,2020,FSH,3,5,u,64,18.9,11.35,20,18:11:00,KM,winter,0,,
AHD7759,2020,FSH,4,6,u,66,17.4,11.49,20,18:06:00,KM,winter,1,,
ARD7793,2020,FSH,7,6,u,66,17.6,11.42,20,18:10:00,JMS,winter,1,,
ARD7091,2020,FSH,8,5,u,62,16.5,11.6,20,18:07:00,JMS,winter,0,,
S228366,2019,GLF,1,6,u,66,17.2,11.39,38.5,22:45,JMS,winter,1,,
S921491,2019,GLF,2,6,u,63,16.5,11.38,38.5,22:48,JMS,winter,1,,
S921948,2019,GLF,4,6,u,67,16.5,11.08,38.5,23:03,JMS,winter,1,,
Z632478,2019,GLF,6,6,u,,16.5,,38.5,23:09,JMS,winter,1,BIRD ESCAPED,
AHD7578,2019,GLF,7,6,u,64,17.2,10.97,38.5,22:55,JMS,winter,1,,
AHD7859,2019,GLF,8,6,u,64,15.9,10.98,38.5,22:58,JMS,winter,0,,
S921491,2020,GLF,1,6,u,64,16.9,11.47,21,23:09:00,KK,winter,1,,
S228366,2020,GLF,2,6,u,65,18.2,11.18,21,23:09:00,KM,winter,1,,
AXH7155,2020,GLF,3,5,u,63,17.9,10.3,21,23:12:00,KM,winter,0,,
AXH7217,2020,GLF,5,6,u,68,17.51,11.15,21,23:12:00,ABP,winter,0,,
Z632478,2020,GLF,6,6,u,62,17.14,10.74,21,23:10:00,ABP,winter,1,,
ARD7517,2020,GLF,7,5,u,63,17.4,11.23,21,23:19:00,KK,winter,0,,
AHD7859,2020,GLF,8,6,u,66,16.1,11.04,21,23:18:00,ABP,winter,1,,
AHD7103,2019,HWP,1,6,u,67,17.2,11.66,40.5,19:39,JMS,winter,1,,
AHD7757,2019,HWP,2,5,u,65,17.2,10.76,40.5,19:43,JMS,winter,0,,
AHD7758,2019,HWP,3,5,u,62,16.7,9.74,40.5,19:47,JMS,winter,0,,
ARD7092,2020,HWP,6,6,u,64,17,11.46,20,18:33:00,JMS,winter,0,,
AHD7825,2019,INS,6,6,u,62,16.7,10.54,40.5,20:20,JMS,winter,1,,
ARD7093,2020,INS,4,5,u,64,17.2,11.12,20,19:00:00,JMS,winter,0,,
AHD7878,2019,KCK,2,5,u,60,16.5,10.31,39.5,21:14,JMS,winter,0,,
AHD7879,2019,KCK,3,5,u,65,17.2,11.05,39.5,21:17,JMS,winter,0,,
AHD7827,2019,KCK,6,6,u,65,16.9,11.98,39.5,21:23,JMS,winter,1,,
AHD7880,2019,KCK,8,5,u,65,17.3,11.58,39.5,21:30,JMS,winter,0,,
ARD7047,2020,KCK,2,6,u,64,18,10.55,20,22:49:00,KM,winter,1,Has never been entered. Looks more likely to have been a nestling last year that got missed.,
AXH7138,2020,KCK,3,6,u,65,18.6,11.48,20,22:54:00,KM,winter,0,,
AHD7827,2020,KCK,4,6,u,64,18.6,11.33,20,23:01:00,KM,winter,1,,
AXH7139,2020,KCK,6,5,u,64,18.4,11.33,20,23:06:00,KM,winter,0,,
AXH7140,2020,KCK,8,5,u,63,18.3,11.64,20,23:15:00,KM,winter,0,,
AHD7881,2019,KCZ,2,5,u,66,18,12.21,39.5,21:42,JMS,winter,0,,
ARD7503,2020,KCZ,1,5,u,63,16.6,11.31,20,23:07:00,JMS,winter,0,,
ARD7504,2020,KCZ,2,5,u,63,16.9,10.67,20,23:12:00,JMS,winter,0,,
ARD7505,2020,KCZ,3,5,u,63,17.5,11.8,20,23:16:00,JMS,winter,0,,
ARD7506,2020,KCZ,4,5,u,63,17.7,10.87,20,23:20:00,JMS,winter,0,,
ARD7502,2020,KCZ,7,5,u,62,17.1,11.33,20,23:01:00,JMS,winter,0,,
ARD7501,2020,KCZ,8,5,u,62,16.4,10.32,20,22:53:00,JMS,winter,0,,
S248978,2019,LVN,1,6,u,63,16.7,11.11,38.5,21:10,JMS,winter,1,,
Z632398,2019,LVN,2,6,u,63,16.6,11.65,38.5,21:13,JMS,winter,1,,
AHD8000,2019,LVN,3,6,u,66,16.5,11.33,38.5,21:19,JMS,winter,0,,
Z164020,2019,LVN,5,6,u,65,16.4,11.78,38.5,21:24,JMS,winter,1,,
Z163897,2019,LVN,6,6,u,64,16.7,11.02,38.5,21:29,JMS,winter,1,,
S922748,2019,LVN,7,6,u,69,16.8,11.54,38.5,21:33,JMS,winter,1,,
AHD7754,2019,LVN,8,6,u,64,16.1,10.7,38.5,21:35,JMS,winter,0,,
Z632398,2020,LVN,1,6,u,62,17.58,11.73,21,22:10:00,ABP,winter,1,,
AXH7214,2020,LVN,2,5,u,62,16.75,10.73,21,22:13:00,ABP,winter,0,,
ARD7026,2020,LVN,3,6,u,65,16.72,11.69,21,22:18:00,ABP,winter,1,,
Z164020,2020,LVN,4,6,u,66,16.85,11.49,21,22:22:00,ABP,winter,1,,
AXH7215,2020,LVN,5,5,u,62,16.73,11.75,21,22:27:00,ABP,winter,0,,
S922748,2020,LVN,6,6,u,69,17.17,11.35,21,22:32:00,ABP,winter,1,,
Z163897,2020,LVN,7,6,u,63,16.3,11.06,21,22:35:00,ABP,winter,1,,
AXH7216,2020,LVN,8,5,u,63,16.98,10.71,21,22:41:00,ABP,winter,0,,
AHD7864,2019,MCH,2,6,u,65,16.5,10.55,38.5,00:24,JMS,winter,0,,
Z632390,2019,MCH,3,6,u,61,15.8,10.23,38.5,00:19,JMS,winter,1,,
AHD7863,2019,MCH,4,5,u,63,16.8,10.9,38.5,00:14,JMS,winter,0,,
AHD7601,2019,MCH,5,6,u,65,17.1,10.55,38.5,00:10,JMS,winter,1,CAM,
AHD7862,2019,MCH,6,5,u,64,16.5,10.52,38.5,00:05,JMS,winter,0,CAM,
Z632390,2020,MCH,1,6,u,62,15.9,10.63,21,21:53:00,KK,winter,1,,
ARD7515,2020,MCH,2,5,u,66,17.1,10.78,21,22:00:00,KK,winter,0,,
ARD6420,2020,MCH,3,6,u,62,16.8,10.9,21,22:06:00,KK,winter,1,,
ARD6483,2020,MCH,4,6,u,60,16.8,9.75,21,22:01:00,KM,winter,1,,
AXH7151,2020,MCH,5,6,u,65,18.2,11.3,21,21:56:00,KM,winter,0,,
AHD7601,2020,MCH,6,6,u,66,18.4,10.76,21,21:52:00,KM,winter,1,,
Z081171,2019,MUN,1,6,u,62,16.8,10.2,41.5,21:49,JMS,winter,1,,
AHD7135,2019,MUN,2,6,u,66,17.3,11.52,41.5,21:51,JMS,winter,1,,
AHD7797,2019,MUN,3,6,u,63,16.6,10.8,41.5,21:56,JMS,winter,0,,
AHD7798,2019,MUN,6,5,u,63,17.1,11.23,41.5,22:03,JMS,winter,0,,
AHD7799,2019,MUN,7,5,u,60,16.5,9.55,41.5,22:07,JMS,winter,0,,
S921362,2019,MUN,8,6,u,63,16.7,11.14,41.5,21:44,JMS,winter,1,,
AXH7120,2020,MUN,1,5,u,67,18.8,11.86,19,20:30:00,KM,winter,0,,
AHD7798,2020,MUN,4,6,u,65,18.1,11.44,19,20:40:00,KM,winter,1,,
Z632860,2020,MUN,5,6,u,66,17.8,11.01,19,20:43:00,JMS,winter,1,,
ARD7693,2020,MUN,6,6,u,61,16.4,10.71,19,20:38:00,JMS,winter,0,,
ARD7692,2020,MUN,7,5,u,63,17.5,12.24,19,20:33:00,JMS,winter,0,,
AHD7899,2019,NEW,2,6,u,62,16.6,11.29,40.5,19:01,JMS,winter,0,,
AHD7900,2019,NEW,4,5,u,61,16,10.6,40.5,19:06,JMS,winter,0,,
S921378,2019,NEW,5,6,u,67,18,12.05,40.5,19:08,JMS,winter,1,,
AHD7756,2019,NEW,6,6,u,67,17.5,11.72,40.5,19:12,JMS,winter,0,,
S921610,2019,NEW,8,6,u,63,17.1,10.66,40.5,19:16,JMS,winter,1,,
ARD6615,2020,NEW,5,6,u,64,17.4,11.37,20,19:21:00,KM,winter,1,,
AHD7766,2020,NEW,6,6,u,66,17.4,11.35,20,19:23:00,JMS,winter,1,,
AHD7778,2019,OSP,1,5,u,60,15.3,10.13,41.5,17:48,JMS,winter,0,,
AHD7779,2019,OSP,2,5,u,64,16.1,11.88,41.5,17:50,JMS,winter,0,CAM,
AHD7780,2019,OSP,3,5,u,62,16.4,10.67,41.5,17:53,JMS,winter,0,CAM,
AHD7781,2019,OSP,4,5,u,61,17.5,11.67,41.5,17:56,JMS,winter,0,CAM,
AHD7782,2019,OSP,5,5,u,63,17.9,12.72,41.5,18:00,JMS,winter,0,,
AHD7783,2019,OSP,6,6,u,61,16.4,10.6,41.5,18:03,JMS,winter,0,,
AHD7784,2019,OSP,7,6,u,64,17.5,11.38,41.5,18:06,JMS,winter,0,,
AXH7109,2020,OSP,1,5,u,64,15.5,11.84,19,17:30:00,KM,winter,0,,
AHD7779,2020,OSP,2,6,u,65,18.1,12.05,19,17:35:00,KM,winter,1,,
AXH7110,2020,OSP,3,5,u,63,18,11.72,19,17:40:00,KM,winter,0,,
ARD7399,2020,OSP,4,5,u,62,17,11.41,19,17:43:00,JMS,winter,0,,
ARD7379,2020,OSP,7,5,u,62,16.5,10.74,19,17:36:00,JMS,winter,0,,
ARD7378,2020,OSP,8,6,u,65,17.1,12.24,19,17:32:00,JMS,winter,0,,
AHD7831,2019,PIT,1,6,u,65,17,11.39,39.5,22:19,JMS,winter,1,,
AHD7882,2019,PIT,2,6,u,63,16.2,11.36,39.5,22:22,JMS,winter,0,,
AHD7883,2019,PIT,3,5,u,64,16.6,11.2,39.5,22:26,JMS,winter,0,,
AHD7833,2019,PIT,6,6,u,62,16.7,11.12,39.5,22:31,JMS,winter,1,,
S922243,2019,PIT,8,6,u,65,18,12.2,39.5,22:35,JMS,winter,1,,
AHD7831,2020,PIT,1,4,u,65,17.4,12.17,21,17:23:00,KK,winter,1,,
ARD7507,2020,PIT,3,5,u,63,16.9,12,21,17:32:00,KK,winter,0,,
ARD7802,2020,PIT,4,6,u,67,17,11.09,21,17:37:00,KK,winter,1,,
AXH7141,2020,PIT,6,5,u,64,18.4,12.42,21,17:34:00,KM,winter,0,,
AHD7833,2020,PIT,7,6,u,63,18.2,11.56,21,17:27:00,KM,winter,1,,
ARD6618,2020,PIT,8,6,u,63,18.2,11.94,21,17:21:00,KM,winter,1,,
AHD7866,2019,PTH,2,6,u,65,17,11.37,38.5,01:07,JMS,winter,0,,
AHD7867,2019,PTH,3,5,u,60,16.2,9.68,38.5,01:12,JMS,winter,0,,
AHD7865,2019,PTH,7,5,u,62,17.4,11.15,38.5,00:58,JMS,winter,0,,
S229268,2019,PTH,8,6,u,65,16.9,11.36,38.5,01:07,JMS,winter,1,,
AXH7150,2020,PTH,1,5,u,64,18.2,11.54,21,21:09:00,KM,winter,0,,
ARD6171,2020,PTH,2,6,u,67,17,11.22,21,21:10:00,KK,winter,1,,
ARD7514,2020,PTH,3,5,u,65,17.4,11.63,21,21:04:00,KK,winter,0,,
AXH7149,2020,PTH,5,5,u,66,17.9,11.38,21,21:03:00,KM,winter,0,,
AHD7249,2020,PTH,7,6,u,65,18.7,11,21,21:14:00,KM,winter,1,,
ARD6598,2020,PTH,8,6,u,63,16,10.83,21,21:16:00,KK,winter,1,,
AXH7204,2020,RSY,1,5,u,63,17.9,12.55,21,19:14:00,ABP,winter,0,,
ARD6484,2020,RSY,2,6,u,64,16.61,11.24,21,19:18:00,ABP,winter,1,,
AHD7987,2020,RSY,3,6,u,65,18.84,12.75,21,19:22:00,ABP,winter,1,,
AXH7205,2020,RSY,5,5,u,61,17.15,11.53,21,19:32:00,ABP,winter,0,,
AXH7206,2020,RSY,6,6,u,62,16.34,11.26,21,19:44:00,ABP,winter,0,,
S921926,2020,RSY,8,6,u,68,16.95,11.28,21,19:39:00,ABP,winter,1,,
S922747,2019,RSY,1,6,u,64,16.4,11.72,38.5,18:54,JMS,winter,1,,
AHD7987,2019,RSY,4,5,u,63,18.3,12.8,38.5,19:05,JMS,winter,0,,
AHD7986,2019,RSY,5,5,u,65,16.9,12.6,38.5,19:08,JMS,winter,0,,
AHD7998,2019,RSY,6,5,u,60,16.5,11.07,38.5,19:14,JMS,winter,0,,
S921926,2019,RSY,8,6,u,65,16.3,11.3,38.5,19:19,JMS,winter,1,,
AHD7760,2019,RTH,1,5,u,63,17.3,11.6,40.5,21:24,JMS,winter,0,,
AHD7761,2019,RTH,2,5,u,65,16.5,11.4,40.5,21:27,JMS,winter,0,,
AHD7762,2019,RTH,5,5,u,62,16.2,10.18,40.5,21:33,JMS,winter,0,,
AHD7763,2019,RTH,6,5,u,65,17.8,11.2,40.5,21:37,JMS,winter,0,,
ARD7089,2020,RTH,1,6,u,65,17,12.35,20,17:43:00,JMS,winter,0,,
ARD7090,2020,RTH,3,6,u,65,17.9,12.05,20,17:49:00,JMS,winter,0,,
AXH7133,2020,RTH,4,5,u,64,17.3,10.64,20,17:45:00,KM,winter,0,,
AHD7763,2020,RTH,6,6,u,65,18.1,12.23,20,17:40:00,KM,winter,1,,
S922344,2019,SER,2,6,u,66,17,11.24,38.5,23:51,JMS,winter,1,,
S921715,2019,SER,3,5,u,63,17,11.12,38.5,23:47,JMS,winter,1,,
AHD7861,2019,SER,4,5,u,65,16.8,11.32,38.5,23:43,JMS,winter,0,,
AHD7860,2019,SER,6,6,u,62,16.7,10.54,38.5,23:37,JMS,winter,0,,
S228508,2019,SER,7,6,u,66,17.2,11.8,38.5,23:27,JMS,winter,1,,
ARD7516,2020,SER,1,5,u,62,17,11,21,22:33:00,KK,winter,0,,
AXH7153,2020,SER,2,5,u,64,18.5,11.78,21,22:35:00,KM,winter,0,,
AXH7154,2020,SER,4,6,u,67,18.8,11.74,21,22:44:00,KM,winter,0,,
Z632397,2020,SER,6,6,u,65,17.1,11.22,21,22:46:00,KK,winter,1,,
S921779,2020,SER,7,6,u,66,17,11.45,21,22:26:00,KK,winter,1,,
AXH7152,2020,SER,8,5,u,65,17.8,11.08,21,22:27:00,KM,winter,0,,
S921899,2019,SLS,2,5,u,62,17.1,11.2,40.5,23:48,JMS,winter,1,,
S921626,2019,SLS,5,6,u,64,17.1,10.28,40.5,23:39,JMS,winter,1,,
AHD7802,2019,SLS,7,6,u,65,17.2,11.57,40.5,23:51,JMS,winter,1,,
AHD7811,2019,SLS,8,5,u,64,17.2,10.4,40.5,23:54,JMS,winter,1,,
AXH7127,2020,SLS,1,6,u,66,18.3,11.12,19,22:40:00,KM,winter,0,,
S921626,2020,SLS,5,6,u,62,16.4,10.63,19,22:35:00,JMS,winter,1,,
ARD7086,2020,SLS,6,5,u,64,17.7,12.37,19,22:32:00,JMS,winter,0,,
AXH7126,2020,SLS,8,6,u,65,16.3,10.85,19,22:35:00,KM,winter,0,,
AHD7868,2019,STY,2,5,u,60,16,10.35,38.5,01:31,JMS,winter,0,,
S922340,2019,STY,5,6,u,66,17.5,11.27,38.5,01:45,JMS,winter,1,,
S922342,2019,STY,6,6,u,67,17.4,11.24,38.5,01:49,JMS,winter,1,,
AHD7056,2019,STY,8,6,u,63,16.7,11.3,38.5,01:55,JMS,winter,1,,
AHD7868,2020,STY,3,6,u,62,16.3,11.18,21,20:21:00,KK,winter,1,,
ARD6989,2020,STY,4,5,u,64,17.4,10.93,21,20:27:00,KK,winter,1,,
AXH7148,2020,STY,5,5,u,64,17.9,11.03,21,20:31:00,KM,winter,0,,
AXH7147,2020,STY,6,5,u,67,17.9,11.02,21,20:25:00,KM,winter,0,,
S228351,2020,STY,7,6,u,65,18.3,11.06,21,20:20:00,KM,winter,1,,
AHD7056,2020,STY,8,6,u,64,17.9,11.52,21,20:15:00,KM,winter,1,,
AHD7790,2019,TAI,1,5,u,66,16.8,11.56,41.5,19:45,JMS,winter,0,,
AHD7789,2019,TAI,2,5,u,65,17.2,11.81,41.5,19:42,JMS,winter,0,,
Z081848,2019,TAI,3,6,u,67,16.9,11.86,41.5,19:40,JMS,winter,1,,
S922602,2019,TAI,4,6,u,65,17.5,11.03,41.5,19:34,JMS,winter,1,entered as S9522602,
AHD7788,2019,TAI,5,5,u,63,16.6,11.53,41.5,19:37,JMS,winter,0,,
AHD7787,2019,TAI,6,5,u,65,17.5,11.94,41.5,19:31,JMS,winter,0,,
ARD6700,2020,TAI,1,6,u,65,17.2,11.75,19,18:30:00,JMS,winter,0,,
ARD7400,2020,TAI,2,5,u,59,16,11.07,19,18:35:00,JMS,winter,0,,
ARD7083,2020,TAI,3,5,u,61,16.3,10.35,19,18:40:00,JMS,winter,0,,
AHD7789,2020,TAI,4,6,u,67,18.9,11.4,19,18:31:00,KM,winter,1,,
AXH7114,2020,TAI,5,6,u,65,19.3,12.15,19,18:37:00,KM,winter,0,,
AXH7113,2020,TAI,6,5,u,65,18.5,12.35,19,18:37:00,KM,winter,0,,
AHD7774,2019,TOM,4,6,u,63,16.2,10.09,40.5,00:11,JMS,winter,0,,
AXH7214,2022,LVN,8,6,M,66,,10.26,142,10:00,TPL,spring,1,with EAM,
AXH7709,2022,LVN,8,6,F,65,,10.48,142,10:03,TPL,spring,1,with EAM,
_APR7096,2022,MCH,1,6,M,67,,10.89,142,12:03,TPL,spring,1,with EAM,
_APR7094,2022,SER,7,6,F,66,,10.95,143,11:07,MS,spring,1,,
_APR7108,2022,SER,7,5,M,64,,10.71,143,11:10,MS,spring,1,,
AXH8873,2022,SER,3,6,F,64,,10.72,143,11:50,MS,spring,0,,
AXH8874,2022,SER,3,6,M,64,,10.72,143,11:54,MS,spring,0,,
AXH8875,2022,SER,4,5,M,62,,11.38,143,12:21,MS,spring,0,,
AXH8876,2022,SER,4,6,F,62,,9.89,143,12:24,MS,spring,0,,
AXH8897,2022,EDI,3,6,M,65,,10.81,143,15:45,MS,spring,0,,
AXH8898,2022,EDI,3,5,F,64,,10.41,143,15:48,MS,spring,0,,
AXH7822,2022,RSY,8,6,M,65,,10.68,144,06:55,SLE,spring,1,,
AXH7818,2022,RSY,8,6,F,63,,10.6,144,06:55,SLE,spring,1,,
AXH7402,2022,PTH,4,6,F,64,,10.83,144,10:50,SLE,spring,1,,
AXH7995,2022,PTH,4,6,M,66,,10.11,144,10:50,SLE,spring,0,,
_APR7098,2022,PTH,1,6,M,65,,10.4,144,10:33,ABP,spring,1,,
AXH9941,2022,GLF,7,6,F,63,,11.22,145,12:05,ABP,spring,0,,
AXH9942,2022,GLF,7,6,M,66,,11.39,145,12:05,ABP,spring,0,,
_APR7335,2022,PIT,8,5,F,60,,10.43,145,08:38,EAM,spring,0,,
_APR7343,2022,SER,5,5,M,64,,10.45,145,10:50,EAM,spring,0,,
ARD6026,2022,SER,5,6,F,64,,10.6,145,10:50,EAM,spring,1,,
_APR7356,2022,BAD,6,6,F,62,,11.67,145,13:18,EAM,spring,0,,
S921907,2022,EDI,1,6,F,62,,11.4,145,14:00,EAM,spring,1,,
_APR7357,2022,EDI,1,6,M,69,,10.83,145,14:00,EAM,spring,0,,
AXH7854,2022,FOF,3,5,M,64,,,146,08:09,PAH,spring,1,,
ARD7524,2022,FOF,3,6,F,62,,10.94,146,08:09,PAH,spring,1,,
ARD6420,2022,MCH,1,6,F,61,,11.07,146,09:03,ABP,spring,1,,
AXH7219,2022,MCH,6,6,M,65,,10.59,146,09:26,ABP,spring,1,,
AXH9981,2022,MCH,6,5,F,63,,9.94,146,09:26,ABP,spring,0,,
_APR7388,2022,DNC,5,5,F,60,,10.04,146,15:21,MS,spring,0,,
_APR7389,2022,CAL,7,6,M,66,,10.82,147,08:50,MS,spring,0,,
_APR7390,2022,CAL,7,5,F,62,,9.53,147,08:54,MS,spring,0,,
_APR7613,2022,PIT,6,5,M,63,,10.4,147,11:17,MS,spring,0,,
AXH9789,2022,PIT,6,6,F,62,,11.21,147,11:19,MS,spring,1,,
AXH9084,2022,SER,8,6,F,62,,10.35,147,14:51,MS,spring,1,,
AXH9087,2022,SER,1,6,F,60,,10.9,147,15:03,MS,spring,1,,
AXH9086,2022,SER,1,6,M,66,,10.87,147,15:07,MS,spring,1,,
AXH7843,2022,EDI,5,6,F,62,,9.9,147,06:29,ABP,spring,1,,
AXH9982,2022,EDI,5,5,M,65,,10.58,147,06:29,ABP,spring,0,,
_APR7305,2022,DOW,1,6,F,61,,10.37,147,07:45,ABP,spring,1,,
AXH9996,2022,DOW,1,5,M,65,,10.54,147,07:45,ABP,spring,0,,
AXH9175,2022,RSY,1,6,F,65,,10.63,148,07:06,ABP,spring,1,,
_APR7531,2022,FOF,2,5,M,65,,10.29,148,07:41,ABP,spring,0,,
_APR7532,2022,FOF,2,5,F,61,,11.25,148,07:41,ABP,spring,0,,
ARD6610,2022,FOF,7,6,M,66,,10.53,148,07:58,ABP,spring,1,,
AXH9186,2022,FOF,7,6,F,63,,10.1,148,07:58,ABP,spring,1,,
_APR7533,2022,LVN,3,5,M,62,,9.44,148,08:40,ABP,spring,0,,
_APR7534,2022,LVN,3,5,F,61,,10.82,148,08:40,ABP,spring,0,,
S922748,2022,LVN,6,6,M,69,,10.23,148,09:25,ABP,spring,1,,
_APR7652,2022,PTH,2,5,M,62,,10.54,148,10:10,MS,spring,0,,
_APR7653,2022,PTH,2,6,F,60,,10.8,148,10:12,MS,spring,0,,
AXH9063,2022,BLG,7,6,F,61,,11.83,148,11:52,MS,spring,1,,
_APR7654,2022,BLG,7,5,M,62,,10.29,148,11:55,MS,spring,0,,
_APR7655,2022,BLG,3,6,M,66,,10.94,148,12:53,MS,spring,0,,
AXH9605,2022,BLG,5,6,F,61,,11.03,148,12:59,EAM,spring,1,,
AHD7253,2022,CAL,1,6,M,66,,11.24,149,07:29,MS,spring,1,,
AXH9394,2022,PIT,8,6,M,66,,11.64,149,08:52,MS,spring,1,,
_APR7665,2022,DUN,6,6,F,61,,10.64,149,10:00,MS,spring,0,,
_APR7666,2022,DUN,6,6,M,65,,9.06,149,10:04,MS,spring,0,,
ARD6178,2022,STY,1,6,M,66,,11.19,149,11:02,MS,spring,1,,
AXH7976,2022,STY,1,6,F,62,,10.52,149,11:07,MS,spring,1,,
AHD7056,2022,STY,8,6,F,62,,11.87,149,12:10,MS,spring,1,,
_APR7108,2022,SER,8,5,M,64,,10.99,149,13:15,SLE,spring,1,,
_APR7544,2022,EDI,6,5,M,62,,10.35,149,08:02,ABP,spring,0,,
_APR7545,2022,EDI,6,5,F,62,,11.22,149,08:02,ABP,spring,0,hardly any BP,
AXH8100,2022,EDI,7,5,M,65,,10.07,149,08:17,ABP,spring,1,,
AXH7807,2022,EDI,7,6,F,64,,11.03,149,08:17,ABP,spring,1,,
AXH7808,2022,EDI,8,6,F,65,,10.56,149,08:30,ABP,spring,1,,
_APR7546,2022,EDI,8,5,M,65,,10.59,149,08:30,ABP,spring,0,,
AXH7819,2022,RSY,5,6,F,63,,10.92,149,09:44,ABP,spring,1,,
_APR7547,2022,BAD,5,5,F,63,,10.83,149,10:15,ABP,spring,0,,
AXH7983,2022,BAD,5,6,M,65,,10.12,149,10:15,ABP,spring,1,,
AXH7973,2022,BAD,6,6,M,65,,10.14,149,10:46,ABP,spring,1,,
_APR7548,2022,DOW,6,5,F,61,,10.21,149,11:30,ABP,spring,0,,net
_APR7549,2022,DOW,6,5,M,65,,11,149,11:30,ABP,spring,0,,net
AXH7708,2022,DOW,8,6,F,61,,10.21,149,11:45,ABP,spring,1,,
AHD7068,2022,DOW,8,6,M,66,,9.98,149,11:45,ABP,spring,1,,
_APR7557,2022,LVN,6,5,F,61,,11.02,149,12:35,ABP,spring,0,,
ARD6920,2022,STY,8,6,M,66,,11.6,150,11:28,ABP,spring,1,,net
_APR7566,2022,BLG,3,5,F,62,,11.12,150,13:18,ABP,spring,0,,net
AXH7143,2022,BLG,6,6,M,67,,11.62,150,13:46,ABP,spring,1,,net
AXH9108,2022,BLG,6,6,F,62,,11,150,13:46,ABP,spring,1,,net
AXH7891,2022,SER,2,6,F,63,,10.47,150,09:52,TPL,spring,1,,
ARD7539,2022,SER,2,6,M,65,,10.87,150,09:52,TPL,spring,1,,
_APR7215,2022,STY,3,5,M,66,,11.08,150,11:30,TPL,spring,1,,
_APR7674,2022,STY,3,5,F,63,,10.72,150,11:30,TPL,spring,0,,
AXH7951,2022,BIR,2,6,M,64,,10.98,150,12:29,TPL,spring,1,,
_APR7675,2022,BLG,2,5,F,61,,10.28,150,13:38,TPL,spring,0,,
_APR7676,2022,BLG,2,5,M,64,,10.39,150,13:38,TPL,spring,0,,
S921215,2022,BLA,1,6,F,61,,10.8,150,14:30,TPL,spring,1,Time estimated,
AXH7471,2022,CAL,1,6,F,64,,10.18,150,15:00,TPL,spring,1,,
_APR7677,2022,DNM,2,6,F,64,,11.01,150,15:35,TPL,spring,0,,
AXH9907,2022,DNM,2,5,M,64,,11.05,150,15:35,TPL,spring,1,,
_APR7694,2022,KCZ,3,5,M,65,,10.87,151,08:05,PAH,spring,0,,
_APR7695,2022,KCZ,3,5,F,61,,9.83,151,08:05,PAH,spring,0,,
ARD7845,2022,PIT,5,6,M,65,,11.12,151,09:03,ABP,spring,1,,
_APR7589,2022,PIT,5,5,F,60,,10.45,151,09:03,ABP,spring,0,,
AXH7147,2022,STY,4,6,M,67,,11.12,151,10:29,ABP,spring,1,,
ARD7577,2022,STY,4,6,F,63,,11.08,151,10:29,ABP,spring,1,,
AXH7149,2022,PTH,5,6,M,65,,10.53,151,11:30,PAH,spring,1,,net
_APR7116,2022,PTH,5,6,F,62,,9.76,151,11:30,PAH,spring,1,,net
ARD6433,2022,GLF,5,6,F,61,,11.15,151,12:40,ABP,spring,1,,
_APR7709,2022,EDI,4,5,F,62,,10.8,151,15:34,ABP,spring,0,,
_APR7710,2022,EDI,4,6,M,63,,10.84,151,15:34,ABP,spring,0,,
_APR7696,2022,PIT,3,5,M,64,,10.49,151,08:50,PAH,spring,0,,
AXH8631,2022,PIT,3,6,F,60,,10.56,151,08:50,PAH,spring,1,,
AXH7456,2022,PIT,4,6,M,65,,10.75,151,09:03,PAH,spring,1,,
AXH7455,2022,PIT,4,6,F,63,,11.4,151,09:03,PAH,spring,1,,
_APR7697,2022,STY,2,5,F,60,,10.27,151,10:30,PAH,spring,0,,
_APR7314,2022,GLF,3,6,F,64,,10.88,151,12:40,PAH,spring,1,,
_APR7699,2022,BAD,1,5,F,63,,10.53,151,14:33,PAH,spring,0,,
AXH7208,2022,BAD,1,6,M,65,,10.74,151,14:33,PAH,spring,1,,
_APR8707,2022,EDI,2,5,F,61,,10.56,151,15:57,PAH,spring,0,,
AXH7841,2022,EDI,2,6,M,63,,11.43,151,15:57,PAH,spring,1,,
_APR7711,2022,LVN,2,5,M,63,,10.17,152,08:58,ABP,spring,0,,
_APR7712,2022,LVN,2,5,F,60,,10.24,152,08:58,ABP,spring,0,,
_APR7713,2022,BIR,6,6,F,60,,10.98,152,11:11,ABP,spring,0,,
AHD7299,2022,BLG,1,6,F,61,,11.09,152,12:11,ABP,spring,1,,
S921846,2022,BLG,1,6,M,67,,10.94,152,12:11,ABP,spring,1,,
AXH9013,2022,BLG,5,6,M,66,,11.14,152,12:36,ABP,spring,1,,net
_APR7721,2022,DNM,6,6,M,63,,9.98,152,14:34,ABP,spring,0,,
AXH8547,2022,DNM,6,6,F,62,,10.68,152,14:34,ABP,spring,1,,
_APR7722,2022,DNS,1,5,F,61,,11.32,152,15:28,ABP,spring,0,,
AXH8649,2022,DNS,1,5,M,63,,11.84,152,15:28,ABP,spring,1,,
_APR7464,2022,RSY,3,5,M,65,,10.31,152,07:55,SLE,spring,0,,
AXH7409,2022,RSY,3,6,F,62,,9.89,152,07:55,SLE,spring,1,,
AXH7960,2022,BIR,2,6,F,62,,10.2,152,10:55,SLE,spring,1,,net
AXH8912,2022,KCK,5,6,F,62,,10.59,153,06:43,ABP,spring,1,,net
_APR7723,2022,KCK,5,5,M,64,,9.98,153,06:43,ABP,spring,0,,net
_APR7724,2022,PIT,2,6,F,63,,11.59,153,07:47,ABP,spring,0,,
_APR7725,2022,PIT,2,5,M,64,,10.88,153,07:47,ABP,spring,0,,
_APR7698,2022,STY,2,6,M,66,,10.71,153,09:15,PAH,spring,0,,
_APR7727,2022,GLF,8,5,M,63,,10.26,153,13:52,ABP,spring,0,,net
AXH9505,2022,GLF,6,6,F,61,,10.67,153,14:13,SLE,spring,1,,net
AXH7797,2022,GLF,6,6,M,63,,11.13,153,14:13,SLE,spring,1,,net
AHD7856,2022,DOW,5,6,M,67,,11.3,153,15:24,ABP,spring,1,,
AXH8069,2022,DOW,5,6,F,63,,10.18,153,15:24,ABP,spring,1,,
_APR7487,2022,PIT,1,5,F,61,,10.47,153,07:45,SLE,spring,0,,
AXH9355,2022,PIT,1,6,M,65,,10.12,153,07:45,SLE,spring,1,,
ARD6744,2022,DOW,7,6,M,67,,10.69,153,14:50,SLE,spring,1,,
_APR8714,2022,LVN,5,5,F,62,,10.16,154,08:55,PAH,spring,0,,
AXH7151,2022,MCH,5,6,M,64,,11.17,154,10:32,PAH,spring,1,,
_APR8715,2022,MCH,5,6,F,61,,10.86,154,07:40,PAH,spring,0,,
_APR8716,2022,BIR,7,5,F,60,,9.82,154,12:15,PAH,spring,0,,
_APR8717,2022,BIR,7,5,M,64,,10.33,154,12:15,PAH,spring,0,,
ARD7513,2022,BIR,6,6,M,64,,10.6,154,12:25,PAH,spring,1,,
_APR8726,2022,DNM,5,5,F,60,,10.68,154,15:10,PAH,spring,0,,
S921228,2022,DNM,5,6,M,63,,11.28,154,15:10,PAH,spring,1,,
_APR8727,2022,DNC,9,6,F,62,,10.18,154,15:55,PAH,spring,0,"incorrectly entered as _APR7627, corrected in June 23",
AXH8936,2022,DNC,9,6,M,65,,10.79,154,15:55,PAH,spring,1,,
_APR8728,2022,KCK,1,5,M,63,,9.24,155,08:06,MS,spring,0,,
_APR8729,2022,DUN,3,6,M,64,,10.53,155,10:53,MS,spring,0,,
ARD7649,2022,DUN,3,6,F,61,,10.78,155,10:53,MS,spring,1,,
_APR8730,2022,GLF,5,5,M,65,,10.61,155,13:56,MS,spring,0,,
_APR7728,2022,KCZ,8,5,M,64,,10.85,155,07:45,MS,spring,0,,
AXH8216,2022,KCZ,8,6,F,62,,,155,07:45,TPL,spring,1,,
_APR7729,2022,KCK,8,5,F,62,,11.14,155,08:54,TPL,spring,0,,
AHD7069,2022,DOW,4,6,F,62,,10.87,155,15:36,MS,spring,1,,
AXH7800,2022,BAD,4,6,F,63,,11.79,155,17:00,TPL,spring,1,,
AXH7799,2022,BAD,4,6,M,66,,10.04,155,17:00,TPL,spring,1,,
_APR7730,2022,BAD,3,5,F,59,,11.41,155,16:41,MS,spring,0,,
_APR7731,2022,BAD,3,6,M,65,,10.6,155,16:41,MS,spring,0,,
ARD6612,2022,FOF,5,6,M,67,,10.6,156,08:51,ABP,spring,1,,
_APR7313,2022,LVN,7,6,F,61,,11.72,156,09:44,ABP,spring,1,,
_APR7742,2022,LVN,7,5,M,65,,10.4,156,09:44,ABP,spring,0,,
_APR8731,2022,BLA,2,5,F,60,,10.61,156,13:42,ABP,spring,0,,
_APR8732,2022,BLA,2,5,M,63,,10.46,156,13:42,ABP,spring,0,,
_APR7743,2022,PTH,6,5,M,62,,10.77,156,11:54,MS,spring,0,,
_APR8733,2022,KCK,1,5,F,61,,10.45,157,07:04,ABP,spring,0,,
AXH9868,2022,KCK,8,6,M,64,,10.06,157,07:31,ABP,spring,1,,
AXH8071,2022,DOW,7,6,F,65,,11.28,157,10:50,SLE,spring,1,,
_APR7767,2022,RSY,2,5,F,62,,10.22,158,09:08,EAM,spring,0,,
_APR8189,2022,BAD,2,5,M,65,,10.12,159,14:52,TPL,spring,0,,
_APR8190,2022,RSY,7,6,M,63,,11.47,160,07:32,ABP,spring,0,,
_APR8191,2022,RSY,7,6,F,63,,11.43,160,07:32,ABP,spring,0,,
_APR8192,2022,FOF,1,5,F,63,,10.12,160,08:26,ABP,spring,0,,
AXH7899,2022,FOF,6,6,F,63,,11.09,160,09:00,ABP,spring,1,,
_APR7092,2022,FOF,6,5,M,65,,10.67,160,09:00,ABP,spring,1,,
S921216,2022,BLA,5,6,M,64,,10.68,160,13:37,ABP,spring,1,,net
AXH8305,2022,DNS,3,6,M,65,,11,160,16:07,ABP,spring,1,,
ARD7082,2022,DNS,3,6,F,62,,11,160,16:07,ABP,spring,1,,
AXH9500,2022,INS,3,6,M,67,,10.53,160,17:43,ABP,spring,1,,
_APR8193,2022,INS,3,6,F,61,,10.53,160,17:43,ABP,spring,0,,
_APR8194,2022,CAL,8,5,M,64,,10.77,161,06:46,ABP,spring,0,,
_APR8195,2022,CAL,8,5,F,61,,10.09,161,06:46,ABP,spring,0,,
_APR8196,2022,SER,6,5,F,62,,10.5,161,10:30,ABP,spring,0,,
_APR8197,2022,SER,6,6,M,67,,10.44,161,10:30,ABP,spring,0,,
S922413,2022,DOW,4,6,M,67,,11.07,161,12:09,ABP,spring,1,,net
AXH9218,2022,FOF,5,6,F,63,,11.37,161,13:51,ABP,spring,1,,
_APR8198,2022,BLA,3,5,F,62,,10.63,162,14:09,ABP,spring,0,,
AXH9869,2022,BLA,3,6,M,64,,10.89,162,14:09,ABP,spring,1,,
_APR8734,2022,DNM,1,5,F,62,,9.25,163,07:10,ABP,spring,0,,net
_APR8744,2022,RSY,2,6,M,68,,10.81,164,07:50,ABP,spring,0,,
_APR8436,2022,KCZ,5,5,F,62,,10.03,167,12:05,KM,spring,0,,
AXH8952,2022,KCZ,5,6,M,67,,10.1,167,12:05,KM,spring,1,,
_APR8443,2022,DNC,2,5,F,62,,11.89,168,15:50,KM,spring,0,,
S921491,2022,GLF,1,6,F,63,,11.63,169,10:30,ABP,spring,1,Female was on dead nestling,
_APR8212,2022,DNC,2,6,M,66,,11.5,174,16:25,KM,spring,0,,
AXH8471,2022,TAI,3,5,F,60,,9.87,144,08:25,TPL,spring,0,WITH EAM,
AHD7790,2022,TAI,3,6,M,68,,10.3,144,08:29,TPL,spring,1,WITH EAM,
AXH8472,2022,DEL,2,6,F,63,,10.5,144,08:58,TPL,spring,0,WITH EAM,
AXH8473,2022,DEL,2,6,M,66,,10.57,144,09:00,TPL,spring,0,WITH EAM,
AXH8484,2022,MUN,8,6,M,67,,10.44,144,10:15,EAM,spring,0,,
AXH8485,2022,MUN,8,6,F,65,,10.49,144,10:18,EAM,spring,0,,
AXH8486,2022,MUN,7,5,F,63,,10.74,144,10:25,TPL,spring,0,WITH EAM,
AXH9852,2022,MUN,7,6,M,67,,9.71,144,10:27,TPL,spring,1,WITH EAM,
AXH8389,2022,ART,8,6,F,66,,11,144,11:41,EAM,spring,0,,
AXH8390,2022,ART,8,6,M,66,,9.7,144,11:43,EAM,spring,0,,
AXH7122,2022,ART,6,6,F,64,,11.19,144,12:07,EAM,spring,1,,
AXH9827,2022,ART,6,6,M,67,,11.46,144,12:09,EAM,spring,1,,
AXH8391,2022,ART,2,6,F,64,,10.56,144,12:14,TPL,spring,0,WITH EAM,
AXH7116,2022,ALN,1,6,F,64,,10.91,145,15:40,TPL,spring,1,WITH SLE,
ARD7974,2022,ALN,1,6,M,65,,10,145,15:40,TPL,spring,1,"WITH SLE, entered as ARD7901",
AXH9616,2022,HWP,6,5,M,64,,,145,08:55,SLE,spring,1,Escaped before weight taken,
AXH8194,2022,HWP,6,6,F,61,,10.61,145,08:55,SLE,spring,1,,
_APR7810,2022,ART,2,6,M,64,,9.57,145,12:20,SLE,spring,0,,
ARD7766,2022,NEW,2,6,F,63,,9.75,146,16:30,TPL,spring,1,,
ARD6615,2022,NEW,2,6,M,65,,10.37,146,16:30,TPL,spring,1,,
_APR7942,2022,INS,7,6,M,67,,9.97,146,14:42,TPL,spring,0,,
_APR7926,2022,DEL,4,5,M,63,,10.09,146,09:24,TPL,spring,0,,
_APR7927,2022,DEL,4,6,F,64,,10.66,146,10:24,TPL,spring,0,,
_APR7824,2022,SLS,7,5,F,60,,10.6,147,07:50,SLE,spring,0,,
_APR7825,2022,SLS,7,5,M,63,,10.06,147,07:50,SLE,spring,0,,
AXH8674,2022,SLS,1,6,F,63,,11.32,147,07:50,SLE,spring,1,,
_APR7826,2022,SLS,1,5,M,64,,10.06,147,07:50,SLE,spring,0,,
_APR7951,2022,SLS,5,5,F,64,,11.77,147,08:35,SLE,spring,0,,
_APR7952,2022,SLS,5,5,M,65,,9.77,147,08:35,SLE,spring,0,,
_APR7810,2022,ART,1,6,M,64,,9.37,147,10:10,SLE,spring,1,Ringed at NB2 already,
_APR7827,2022,ART,1,5,F,61,,10.4,147,10:10,SLE,spring,0,,
AXH9809,2022,ART,4,6,M,63,,10.49,147,10:49,SLE,spring,1,,
_APR7953,2022,ART,3,6,F,61,,10.73,147,11:15,SLE,spring,0,,
_APR7828,2022,FOU,4,5,F,61,,10,147,12:55,SLE,spring,0,,
_APR7242,2022,FOU,4,6,M,65,,10.44,147,12:55,SLE,spring,1,,
_APR7829,2022,FOU,3,5,F,61,,10.81,147,13:25,PAH,spring,0,WITH SLE,
_APR7830,2022,FOU,3,5,M,64,,10.96,147,13:25,PAH,spring,0,WITH SLE,
_APR7278,2022,TAI,4,6,M,65,,11.25,147,15:15,PAH,spring,1,WITH SLE,
_APR7277,2022,TAI,4,6,F,61,,10.62,147,15:15,PAH,spring,1,WITH SLE,
ARD7323,2022,DEL,1,6,M,67,,9.58,148,08:50,PAH,spring,1,WITH SLE EAM WAS SURE OF SECOND MEASUREMENTS,
AXH9828,2022,MUN,4,6,M,64,,10.64,148,10:16,PAH,spring,1,WITH SLE,
AXH8616,2022,MUN,4,6,F,62,,10.86,148,10:16,PAH,spring,1,WITH SLE,
AXH7600,2022,RTH,2,6,F,60,,10.5,148,13:00,PAH,spring,1,WITH SLE,
ARD7090,2022,RTH,2,6,M,63,,10.42,148,13:00,PAH,spring,1,WITH SLE,
AXH8588,2022,FSH,2,6,F,61,,11.05,148,14:06,PAH,spring,1,WITH SLE,
AXH8589,2022,FSH,2,6,M,64,,9.73,148,14:06,PAH,spring,1,WITH SLE,
_APR7837,2022,OSP,5,6,M,65,,10.61,148,06:45,SLE,spring,0,,
_APR7838,2022,OSP,5,6,F,64,,10.81,148,06:45,SLE,spring,0,,
_APR7848,2022,MUN,1,5,F,59,,9.78,148,10:10,SLE,spring,0,,
AXH7121,2022,ART,4,6,F,63,,11.07,149,12:52,EAM,spring,1,,
_APR8401,2022,DLW,3,5,M,63,,10.24,149,08:30,KM,spring,0,,
_APR8402,2022,DLW,3,5,F,62,,9.87,149,08:30,KM,spring,0,,
ARD6253,2022,TAI,1,6,M,65,,10.53,149,12:22,KM,spring,1,,
AXH7754,2022,TAI,1,6,F,65,,10.71,149,12:22,KM,spring,1,,
_APR7888,2022,SPD,8,5,F,62,,10.31,150,09:00,EAM,spring,0,,
_APR7889,2022,SPD,8,6,M,68,,10.22,150,09:02,EAM,spring,0,,
AXH7480,2022,DEL,1,6,F,63,,9.79,150,10:23,EAM,spring,1,,
ARD7323,2022,DEL,1,6,M,64,,9.78,150,10:25,EAM,spring,1,,
ARD7237,2022,OSP,4,6,M,69,,10.49,150,08:30,KM,spring,1,,
_APR8403,2022,OSP,4,5,F,62,,10.49,150,08:30,KM,spring,0,,
_APR8404,2022,OSP,8,6,F,63,,10.43,150,08:46,KM,spring,0,,
_APR8405,2022,OSP,8,5,M,65,,11.11,150,08:46,KM,spring,0,,
AXH7748,2022,DEL,8,6,M,67,,10.38,150,10:30,KM,spring,1,,
ARD7087,2022,AVN,3,6,F,64,,10.84,150,14:00,KM,spring,1,,
_APR8414,2022,INS,7,6,F,64,,10.69,150,16:22,EAM,spring,0,,
_APR8109,2022,HWP,3,5,M,61,,9.66,151,08:58,MS,spring,0,,
AXH9686,2022,HWP,3,6,F,64,,11.18,151,09:02,MS,spring,1,,
AXH9692,2022,AVN,3,6,M,65,,10.42,151,11:01,MS,spring,1,,
_APR8009,2022,AVN,4,6,F,64,,10.71,151,11:02,TPL,spring,0,,
_APR8010,2022,AVN,4,6,M,65,,10.79,151,11:02,TPL,spring,0,,
_APR8114,2022,MUN,2,6,M,65,,9.49,151,14:23,MS,spring,0,,
AXH8532,2022,MUN,2,6,F,62,,10.29,151,14:26,MS,spring,1,,
_APR8126,2022,SPD,2,5,M,63,,10.43,152,08:18,MS,spring,0,,
ARD7378,2022,OSP,7,6,M,65,,11.37,152,06:38,TPL,spring,1,,
AXH8584,2022,RTH,5,6,M,66,,10.9,152,14:03,MS,spring,1,,
_APR8129,2022,RTH,5,5,F,61,,10.36,152,14:03,MS,spring,0,,
AXH8546,2022,FSH,5,6,M,66,,9.73,152,15:20,MS,spring,1,,
AXH9451,2022,FSH,5,6,F,63,,10.92,152,15:20,MS,spring,1,,
ARD7367,2022,CAR,3,6,M,66,,11.11,152,11:59,TPL,spring,1,,
AXH9891,2022,CAR,3,6,F,63,,,152,11:59,TPL,spring,1,Not weighed,
_APR8035,2022,FSH,4,5,M,62,,9.94,152,15:13,TPL,spring,0,,
ARD7770,2022,NEW,4,6,F,62,,10.08,152,16:15,ABP,spring,1,,
S921378,2022,NEW,4,6,M,67,,10.5,152,16:15,ABP,spring,1,,
_APR8136,2022,RTH,6,5,F,63,,,153,10:14,MS,spring,0,Not weighed,
_APR8137,2022,RTH,6,6,M,65,,11.46,153,10:14,MS,spring,0,,
ARD7367,2022,CAR,6,6,M,68,,10.86,153,12:35,TPL,spring,1,,
AHD7771,2022,CAR,6,6,F,62,,10.47,153,12:35,TPL,spring,1,,
_APR8144,2022,ALN,3,6,F,63,,10.25,153,16:21,MS,spring,0,,
_APR8145,2022,DOR,6,5,F,60,,10.29,154,07:10,MS,spring,0,,
_APR8146,2022,DOR,6,6,M,64,,10.29,154,07:10,MS,spring,0,,
_APR8147,2022,DEL,5,5,F,62,,10.86,154,10:07,MS,spring,0,,
_APR7261,2022,DEL,5,6,M,63,,10.75,154,10:07,MS,spring,0,,
_APR8051,2022,DOR,4,5,M,63,,10.66,154,06:44,TPL,spring,0,,
_APR8052,2022,DOR,4,5,F,61,,10.15,154,06:44,TPL,spring,0,,
ARD7379,2022,OSP,7,6,F,65,,,154,08:18,TPL,spring,1,Not weighed,
_APR8062,2022,NEW,8,5,F,60,,9.17,154,18:47,TPL,spring,0,,
AXH9465,2022,NEW,8,6,M,64,,10.48,154,18:47,TPL,spring,1,,
S921731,2022,AVI,1,6,F,62,,10.87,155,09:25,PAH,spring,1,,
ARD7088,2022,AVI,1,6,M,66,,11.07,155,09:25,PAH,spring,1,,
_APR8163,2022,SLS,3,5,F,60,,9.81,155,11:02,PAH,spring,0,,
_APR8166,2022,SLS,3,5,M,64,,11.51,155,11:02,PAH,spring,0,,
_APR7286,2022,TAI,5,6,F,61,,10,155,14:39,PAH,spring,1,,
AXH7114,2022,TAI,5,6,M,63,,10.83,155,14:39,PAH,spring,1,,
ARD6696,2022,AVI,3,6,M,64,,9.44,155,09:25,SLE,spring,1,,
AXH9595,2022,AVI,3,6,F,62,,9.2,155,09:25,SLE,spring,1,,
ARD7992,2022,OSP,2,6,F,63,,10,156,07:00,PAH,spring,1,,
_APR8167,2022,SPD,1,6,M,66,,10.64,156,07:35,PAH,spring,0,,
AHD7312,2022,SPD,1,6,F,63,,10.7,156,07:35,PAH,spring,1,,
_APR8171,2022,AVN,2,5,F,61,,10.58,156,10:45,PAH,spring,0,,
_APR8172,2022,AVN,2,5,M,64,,11.17,156,10:45,PAH,spring,0,,
_APR8173,2022,RTH,4,5,F,60,,9.75,156,12:15,PAH,spring,0,,
_APR8174,2022,FSH,3,6,M,65,,11.67,156,13:15,PAH,spring,0,,
_APR8175,2022,FSH,3,6,F,62,,10.71,156,13:15,PAH,spring,0,,
_APR8074,2022,FSH,7,5,M,64,,10.12,156,13:20,SLE,spring,0,,
AHD7404,2022,AVN,8,6,M,63,,10.93,157,12:50,MS,spring,1,,
_APR8187,2022,FOU,6,5,F,61,,10.06,157,16:00,MS,spring,0,,
ARD6669,2022,AVN,6,6,F,62,,9.38,158,12:52,MS,spring,1,,
Z632894,2022,AVN,6,6,M,64,,10.19,158,12:52,MS,spring,1,,
_APR8429,2022,HWP,8,5,M,66,,10.21,159,08:52,KM,spring,0,,
_APR8430,2022,HWP,8,5,F,62,,9.84,159,08:52,KM,spring,0,,
_APR8431,2022,HWP,1,5,F,60,,9.65,159,09:55,KM,spring,0,,
_APR8432,2022,AVI,6,5,F,61,,10.07,159,11:00,KM,spring,0,,
ARD7391,2022,AVI,6,6,M,66,,10.1,159,11:00,KM,spring,1,,
S921362,2022,MUN,3,6,F,62,,10.18,160,12:45,KM,spring,1,,
_APR8433,2022,AVN,8,6,F,63,,11.52,160,14:30,KM,spring,0,,
AXH8598,2022,FSH,7,6,F,64,,10.85,160,17:26,KM,spring,1,,
_APR8434,2022,AVI,2,6,M,67,,10.25,161,12:40,KM,spring,0,,
_APR8435,2022,SPD,4,6,M,67,,11.93,162,11:15,KM,spring,0,,
AXH8304,2022,CRU,4,6,F,62,,10.43,159,08:15,TPL,spring,1,,
AXH8303,2022,CRU,4,6,M,65,,10.72,159,08:15,MS,spring,1,,
_APR8805,2022,AVI,2,5,F,61,,10.6,163,10:43,MS,spring,0,,
_APR8811,2022,AVI,5,5,F,61,,10.45,167,12:46,MS,spring,0,,
_APR8812,2022,AVI,5,6,M,67,,10.4,167,12:46,EAM,spring,0,,
_APR8813,2022,CAR,1,5,F,63,,9.5,170,13:27,PAH,spring,0,,
_APR8814,2022,INS,1,5,F,62,,10.61,170,16:30,EAM,spring,0,,
_APR8815,2022,INS,1,6,M,65,,10.73,170,16:30,EAM,spring,0,,
_APR7343,2023,SER,5,6,M,64,,10.53,140,12:00,MS,spring,1,,
_APR7654,2023,BLG,7,6,M,63,,10.34,141,13:56,MS,spring,1,,
_APR8353,2023,BLG,7,5,F,60,,10.91,141,13:56,MS,spring,0,,
_APR8511,2023,FOF,5,5,F,61,,10.96,143,09:40,FH,spring,0,SUPERVISED BY MS,
ARD6612,2023,FOF,5,6,M,65,,10.94,143,09:40,FH,spring,1,SUPERVISED BY MS,
_APR8607,2023,PTH,3,6,F,60,,,143,13:08,FH,spring,0,SUPERVISED BY MS; MASS MISSED,
_APR7108,2023,SER,7,6,M,65,,10.9,144,11:02,MS,spring,1,,
_APR7093,2023,SER,7,6,F,63,,10.33,144,11:02,MS,spring,1,,
AXH8876,2023,SER,4,6,F,62,,10.03,144,12:31,MS,spring,1,,
AXH8875,2023,SER,4,6,M,62,,11.14,144,12:06,FH,spring,1,,
AXH7841,2023,EDI,2,6,M,64,,11.56,144,16:11,MS,spring,1,,
_APR8580,2023,EDI,2,5,F,63,,10.96,144,16:11,MS,spring,0,,
_APR8581,2023,EDI,7,5,M,65,,9.96,144,16:40,FH,spring,0,,
AXH8874,2023,SER,3,6,M,63,,10.57,142,13:50,MS,spring,1,,
AXH8873,2023,SER,3,6,F,64,,10.66,142,13:50,MS,spring,1,,
_APR7357,2023,EDI,1,6,M,66,,11.29,142,18:03,MS,spring,1,,
S921907,2023,EDI,1,6,F,60,,11.48,142,18:03,MS,spring,1,,
_APR8386,2023,DOW,7,6,F,63,,11,142,16:58,MS,spring,0,,
AXH9982,2023,EDI,5,6,M,65,,10.91,144,17:09,FH,spring,1,,
_APR8636,2023,FOF,6,6,F,62,,10.52,145,07:35,FH,spring,0,,
_APR7092,2023,FOF,6,6,M,65,,10.55,145,08:24,FH,spring,1,,
_APR8654,2023,PTH,1,6,F,63,,10.28,145,11:20,FH,spring,0,,
_APR7098,2023,PTH,1,6,M,65,,10.8,145,11:20,FH,spring,1,,
ARD7524,2023,FOF,3,6,F,63,,11,145,07:18,PCO,spring,1,,
AXH7854,2023,FOF,3,6,M,65,,10.06,145,07:18,PCO,spring,1,,
AXH9186,2023,FOF,7,6,F,63,,10.03,145,08:00,PCO,spring,1,,
_APR7215,2023,STY,3,6,M,66,,10.8,146,09:20,PCO,spring,1,,
ARD7577,2023,STY,3,6,F,64,,10.71,146,09:20,PCO,spring,1,,
AXH7154,2023,SER,6,6,M,65,,10.9,146,10:30,PCO,spring,1,,
AXH8897,2023,EDI,3,6,M,65,,10.39,146,14:40,PCO,spring,1,,
_APR8913,2023,EDI,3,5,F,61,,10.89,146,14:40,PCO,spring,0,,
_APR8914,2023,EDI,5,6,F,60,,10.36,146,15:04,PCO,spring,0,,
_APR8667,2023,NEW,3,6,F,62,,10.62,146,16:40,FH,spring,0,,
_APR8668,2023,NEW,3,6,M,66,,10.84,146,16:40,FH,spring,0,,
AXH7147,2023,STY,4,6,M,66,,10.64,146,09:12,FH,spring,1,,
_APR7674,2023,STY,4,6,F,63,,10.86,146,09:12,FH,spring,1,,
ARD7539,2023,SER,1,6,M,65,,10.68,146,10:55,FH,spring,1,,
_APR8681,2023,EDI,6,5,M,65,,10.56,146,14:35,FH,spring,0,,
_APR7545,2023,EDI,6,6,F,61,,11.55,146,14:35,FH,spring,1,,
AXH7843,2023,EDI,7,6,F,63,,10.46,146,14:54,FH,spring,1,,
ARD6610,2023,FOF,7,6,M,66,,10.42,147,08:11,MS,spring,1,,
AXH7207,2023,FOF,4,6,M,63,,10.43,147,08:27,MS,spring,1,,
ARD6606,2023,FOF,4,6,F,62,,12.29,147,08:27,MS,spring,1,,
_APR8682,2023,LVN,8,5,M,65,,10.8,147,09:40,MS,spring,0,,
_APR8683,2023,LVN,8,5,F,61,,10.78,147,09:40,MS,spring,0,,
S922748,2023,LVN,6,6,M,68,,10.57,147,09:54,MS,spring,1,,
_APR7557,2023,LVN,6,6,F,62,,10.88,147,09:54,MS,spring,1,,
_APR8693,2023,PTH,4,6,F,61,,10.36,147,12:41,MS,spring,0,,
_APR8698,2023,BLG,4,5,F,61,,10.58,147,14:25,MS,spring,0,,
AXH9597,2023,BLG,4,6,M,63,,11.02,147,14:25,MS,spring,1,,
_APR8920,2023,FOF,1,6,F,60,,10.07,147,08:10,PCO,spring,0,,
_APR8927,2023,LVN,3,6,M,64,,10.87,147,10:20,PCO,spring,0,,
_APR7675,2023,BLG,2,6,F,62,,10.32,147,15:11,PCO,spring,1,,
AXH7471,2023,CAL,1,6,F,62,,10.28,148,08:30,MS,spring,1,,
ATR0417,2023,SER,6,6,F,64,,11.47,148,13:29,MS,spring,0,,
AXH9087,2023,SER,2,6,F,60,,10.89,148,13:53,MS,spring,1,,
ATR0418,2023,SER,2,6,M,66,,10.4,148,13:53,MS,spring,0,,
ATR0419,2023,SER,1,6,F,61,,11.12,148,14:13,MS,spring,0,,
AXH7210,2023,DOW,1,6,M,63,,11.26,148,15:47,MS,spring,1,,
_APR7305,2023,DOW,1,6,F,58,,10.5,148,15:47,MS,spring,1,,
ATR0429,2023,BAD,6,5,F,62,,11.04,148,17:09,MS,spring,0,,
AXH7973,2023,BAD,6,6,M,66,,10.72,148,17:09,MS,spring,1,,
ATR0430,2023,BAD,5,5,F,62,,10.94,148,17:34,MS,spring,0,,
AXH7983,2023,BAD,5,6,M,65,,10.18,148,17:34,MS,spring,1,,
ARD6178,2023,STY,2,6,M,66,,10.5,148,12:03,PCO,spring,1,,
AXH7893,2023,FOF,1,6,M,64,,9.61,149,08:08,MS,spring,1,,
ATR0501,2023,LVN,7,6,F,63,,10.58,149,10:02,MS,spring,0,,
AXH7214,2023,LVN,7,6,M,63,,10.12,149,10:02,MS,spring,1,,
AXH7219,2023,MCH,6,6,M,65,,10.65,149,11:32,MS,spring,1,,
AXH9981,2023,MCH,6,6,F,63,,10.34,149,11:32,MS,spring,1,,
ATR0509,2023,MCH,4,6,M,66,,10.63,149,11:55,MS,spring,0,,
ATR0510,2023,MCH,4,5,F,62,,10.42,149,11:55,MS,spring,0,,
ATR0511,2023,PTH,2,5,F,59,,10.64,149,13:39,MS,spring,0,,
_APR7652,2023,PTH,2,6,M,63,,,149,13:39,MS,spring,1,MASS MISSED,
ATR0431,2023,RSY,6,6,F,63,,10.61,149,07:31,FH,spring,0,,
ATR0442,2023,MCH,3,5,M,65,,10.25,149,12:35,FH,spring,0,,
ATR0500,2023,PTH,6,5,F,63,,12.8,149,14:23,FH,spring,0,"NO WEIGHING POT, WEIGHED IN BAG (PROBABLY INACCURATE)",
ATR0307,2023,DNC,6,5,M,64,,10,150,08:59,FH,spring,0,,
AXH7976,2023,STY,2,6,F,63,,10.59,150,12:34,MS,spring,1,,
ATR0580,2023,MCH,3,5,F,60,,9.89,150,14:20,MS,spring,0,,
_APR7314,2023,GLF,2,6,F,63,,11.86,150,15:22,MS,spring,1,,
AXH7953,2023,GLF,2,6,M,63,,10.73,150,15:22,MS,spring,1,,
AHD7068,2023,DOW,3,6,M,65,,10.24,150,16:45,FH,spring,1,Male in previous years,
AXH7151,2023,MCH,5,6,M,65,,10.48,151,09:11,FH,spring,1,,
_APR7219,2023,PTH,6,6,M,64,,10.87,151,10:26,PCO,spring,1,,
S921846,2023,BLG,1,6,M,65,,10.84,151,13:00,FH,spring,1,,
ATR0341,2023,DNM,8,6,F,61,,10.43,151,15:19,PCO,spring,0,,
ATR0588,2023,BLA,7,5,F,60,,10.45,151,14:09,FH,spring,0,,
ATR0589,2023,BLA,7,5,M,64,,11.06,151,15:09,FH,spring,0,,
_APR8727,2023,DNC,2,6,F,62,,10.31,151,16:46,FH,spring,1,not entered in 2023 due to previous entry not being in,
_APR8212,2023,DNC,2,6,M,65,,11.02,151,17:46,FH,spring,1,,
ATR0365,2023,KCK,4,6,M,66,,10.78,152,09:30,PCO,spring,0,,
ARD6433,2023,GLF,5,6,F,63,,10.89,152,12:47,PCO,spring,1,"couldn't enter in 2023, unsure why",
_APR8730,2023,GLF,5,6,M,63,,11.16,152,12:47,PCO,spring,1,,
ARR8624,2023,GLF,7,6,M,63,,10.42,152,13:14,FH,spring,0,,
AXH9941,2023,GLF,7,6,F,,,10.94,152,13:19,FH,spring,1,,
ATR0373,2023,DOW,2,6,F,62,,10.13,152,15:59,PCO,spring,0,,
AHD7856,2023,DOW,5,6,M,65,,11.14,152,15:15,FH,spring,1,,
AXH8069,2023,DOW,5,6,F,63,,10.26,152,15:15,FH,spring,1,,
ARR8625,2023,LVN,4,6,F,62,,,153,08:40,FH,spring,0,MASS MISSED,
ARR8626,2023,LVN,4,6,M,67,,11.26,153,08:40,FH,spring,0,,
ARR8627,2023,BLG,8,6,M,64,,11.09,153,11:55,FH,spring,0,,
ARR8628,2023,DNM,5,5,M,65,,11.3,153,14:46,FH,spring,0,,
AXH8659,2023,DNC,6,6,F,65,,9.81,153,15:43,FH,spring,1,,
ATR0381,2023,DNM,1,6,M,64,,11,153,14:15,PCO,spring,0,,
_APR7677,2023,DNM,1,6,F,65,,10.82,153,14:15,PCO,spring,1,,
ATR0377,2023,LVN,5,6,M,65,,10.63,153,08:34,PCO,spring,0,,
ATR0378,2023,BLA,6,6,M,66,,10.69,153,12:49,PCO,spring,0,,
ATR0379,2023,BLA,6,6,F,62,,11,153,12:49,PCO,spring,0,,
ATR0382,2023,NEW,7,6,F,63,,10.34,154,06:32,PCO,spring,0,,
ARD6615,2023,NEW,7,6,M,64,,10.34,154,06:32,PCO,spring,1,,
ATR0383,2023,KCK,8,6,M,66,,10.22,154,09:30,PCO,spring,0,,net
ATR0384,2023,KCK,8,6,F,62,,10.34,154,09:30,PCO,spring,0,,net
AXH8912,2023,KCK,4,6,F,65,,10.45,154,09:55,FH,spring,1,,net
_APR7729,2023,KCK,6,6,F,63,,11.26,154,10:42,PCO,spring,1,,net
AXH9868,2023,KCK,6,6,M,64,,10.24,154,10:42,PCO,spring,1,,net
ATR0385,2023,PIT,7,6,F,60,,10.25,154,11:46,PCO,spring,0,,net
ATR0386,2023,PIT,7,6,M,65,,11.06,154,11:46,PCO,spring,0,,net
ARR8629,2023,NEW,6,5,M,64,,9.47,154,06:24,FH,spring,0,,
ARR8630,2023,NEW,6,5,F,62,,10.73,154,06:24,FH,spring,0,,
ARD7770,2023,NEW,5,6,F,62,,9.82,154,06:47,FH,spring,1,,
Z869020,2023,NEW,5,5,M,63,,10.43,154,06:47,FH,spring,1,,
AXH9868,2023,KCK,5,6,M,63,,10.39,154,09:22,FH,spring,1,Previosly recorded as male,
ARR8636,2023,KCK,5,5,M,61,,10.16,154,09:22,FH,spring,0,,
AXH9355,2023,PIT,1,6,M,65,,10.47,154,11:31,FH,spring,1,,
ARR8645,2023,PIT,1,6,F,65,,11.63,154,11:31,FH,spring,0,,
ARR8653,2023,STY,6,6,M,66,,11.32,154,14:26,FH,spring,0,,
AXH9505,2023,GLF,6,6,F,62,,10.82,154,16:06,PCO,spring,1,,net
ARR8665,2023,PTH,8,6,F,62,,10.6,155,10:48,MS,spring,0,,
ARR8656,2023,BLG,3,6,F,60,,10.68,155,12:57,MS,spring,0,,
ARR8658,2023,BLA,1,5,F,60,,10.96,155,15:20,MS,spring,0,,
AXH9869,2023,BLA,1,6,M,61,,11.12,155,15:20,MS,spring,1,,
ARR8659,2023,DNM,2,6,M,62,,10.77,155,16:47,MS,spring,0,,
ARR8661,2023,DNM,2,5,F,60,,,155,16:47,MS,spring,0,MASS MISSED,
_APR7722,2023,DNS,1,6,F,62,,11.02,155,18:44,MS,spring,1,,
ARR8662,2023,DNS,1,5,M,65,,11.03,155,18:44,MS,spring,0,,
ARR8663,2023,NEW,1,5,M,61,,10.99,156,07:22,MS,spring,0,,
ARR8664,2023,NEW,2,5,F,60,,9.62,156,07:53,MS,spring,0,,
ARR8666,2023,NEW,2,6,M,64,,10.56,156,07:53,MS,spring,0,,
ARR8668,2023,CRU,1,5,M,63,,10.51,156,08:56,MS,spring,0,,
ARR8669,2023,CRU,1,5,F,60,,9.89,156,08:56,MS,spring,0,,
ATR0400,2023,BLG,1,6,F,63,,8.33,155,13:34,PCO,spring,0,,
_APR8732,2023,BLA,2,6,M,63,,10.78,155,15:29,PCO,spring,1,,
_APR8731,2023,BLA,2,6,F,61,,10.54,155,15:29,PCO,spring,1,,
_APR7721,2023,DNM,8,6,M,64,,10.32,155,16:25,PCO,spring,1,,
_APR8445,2023,DNM,5,5,F,60,,10.64,155,16:25,PCO,spring,0,,
_APR8453,2023,NEW,8,6,F,63,,10.57,156,07:31,PCO,spring,0,,
AXH9465,2023,NEW,8,6,M,63,,10.04,156,07:31,PCO,spring,1,,
_APR8459,2023,DLW,1,5,F,61,,10.34,156,09:41,PCO,spring,0,,
_APR8460,2023,CAL,4,5,M,65,,10.73,156,10:49,PCO,spring,0,,
_APR8461,2023,KCK,3,5,F,61,,10.02,156,12:10,PCO,spring,0,,
_APR8462,2023,PIT,8,6,F,61,,9.96,156,13:44,PCO,spring,0,,
AXH9394,2023,PIT,8,6,M,67,,11.82,156,13:44,PCO,spring,1,,
ARR8670,2023,CAL,5,6,F,61,,10.23,156,10:36,MS,spring,0,,
_APR7389,2023,CAL,5,6,M,66,,10.86,156,10:36,MS,spring,1,,
_APR8733,2023,KCK,1,6,F,64,,11.47,156,11:40,MS,spring,1,,
ARR8671,2023,KCK,1,5,M,62,,10.22,156,11:40,MS,spring,0,,
_APR7724,2023,PIT,2,6,F,62,,11.53,156,13:41,MS,spring,1,,
_APR7725,2023,PIT,2,6,M,64,,11.37,156,13:41,MS,spring,1,,
_APR8477,2023,BLG,8,5,F,62,,11.13,157,12:24,FH,spring,0,,
S921228,2023,DNM,4,6,M,64,,,157,13:31,FH,spring,1,MASS MISSED,
_APR8479,2023,DNM,4,6,F,61,,10.28,157,13:31,FH,spring,0,,
_APR8488,2023,NEW,1,5,F,61,,10.03,158,06:05,FH,spring,0,,
ATR0607,2023,CRU,4,5,M,64,,10.66,158,07:17,MS,spring,0,,
ATR0608,2023,CRU,4,5,F,59,,10.66,158,07:17,MS,spring,0,,
ATR0618,2023,PIT,4,5,M,65,,11.21,158,11:31,MS,spring,0,,
ATR0619,2023,PIT,4,5,F,61,,11.42,158,11:31,MS,spring,0,,
AXH8631,2023,PIT,3,6,F,61,,10.82,158,12:14,MS,spring,1,,
ARR8801,2023,KCZ,7,5,F,63,,11.21,158,10:42,FH,spring,0,,
_APR7601,2023,KCZ,7,5,M,65,,10.38,158,10:42,FH,spring,1,,
ARR8804,2023,PIT,6,6,M,65,,10.82,158,12:05,FH,spring,0,,
ARR8805,2023,DUN,5,6,M,62,,10.28,158,13:42,FH,spring,0,,
_APR8401,2023,DLW,1,6,M,64,,10.56,159,14:47,FH,spring,1,,net
AXH8303,2023,CRU,3,6,M,65,,10.27,160,08:13,FH,spring,1,,
_APR7695,2023,KCZ,3,6,F,62,,9.77,160,10:30,PCO,spring,1,,
_APR7694,2023,KCZ,3,6,M,66,,11,160,10:30,PCO,spring,1,,
_APR7696,2023,PIT,3,6,M,66,,10.61,160,12:07,PCO,spring,1,,net
ATR0622,2023,KCZ,1,5,M,62,,10.1,160,10:40,FH,spring,0,"ORIGINALLY SEXED AS F, RECAUGHT OTHER BIRD WHO WAS DEFINITELY F BUT NEVER RECAUGHT THIS BIRD",
ATR0623,2023,PIT,5,6,F,62,,9.57,160,11:50,FH,spring,0,,
ATR0624,2023,PIT,5,5,M,65,,10.45,160,11:50,FH,spring,0,,
_APR7665,2023,DUN,5,6,F,62,,10.49,160,13:38,FH,spring,1,,net
ATR0632,2023,BIR,2,6,M,63,,11.36,161,11:19,MS,spring,0,,
ATR0633,2023,BIR,2,6,F,62,,11.09,161,11:19,MS,spring,0,,
_APR8204,2023,DNC,4,5,F,60,,10.94,161,14:47,MS,spring,1,,
ARR8818,2023,DNS,4,5,F,62,,10.78,161,15:32,PCO,spring,0,,net
ATR0634,2023,FSH,1,5,M,62,,10.34,161,17:06,MS,spring,0,,
ATR0635,2023,FSH,8,6,F,60,,9.81,161,17:22,MS,spring,0,,
ATR0636,2023,FSH,8,6,M,66,,11.2,161,17:22,MS,spring,0,,
ARR8820,2023,FSH,6,6,F,62,,10.45,161,17:37,PCO,spring,0,,
ARR8821,2023,KCZ,8,5,F,60,,9.77,162,10:20,PCO,spring,0,,
ARR8822,2023,KCZ,1,6,F,61,,10.02,162,10:54,PCO,spring,0,,net
_APR8189,2023,BAD,1,6,M,64,,10.61,162,16:44,MS,spring,1,,
_APR7641,2023,MCH,2,5,F,61,,10.52,163,10:36,MS,spring,1,,
ARR8823,2023,BIR,7,5,F,63,,10.16,163,12:37,FH,spring,0,,
ARR8829,2023,KCZ,8,5,M,62,,10.51,164,10:10,FH,spring,0,,
ARR8830,2023,PIT,6,6,F,63,,10.01,164,11:30,FH,spring,0,,
ARD7649,2023,DUN,2,6,F,62,,10.67,164,12:31,FH,spring,1,,
_APR7666,2023,DUN,2,6,M,64,,9.44,166,13:38,MS,spring,1,,
AXH8304,2023,CRU,3,6,F,62,,10.32,168,07:37,PCO,spring,1,"NET, think may be AXH8304, as AXH8305 was last recorded as a male at DNS",
ATR0654,2023,CAL,3,5,F,61,,10.29,168,08:43,FH,spring,0,,
_APR8194,2023,CAL,3,6,M,64,,10.83,169,14:00,MS,spring,1,,
ATR0443,2023,SER,8,6,M,66,,11.62,171,09:22,PCO,spring,0,,
ATR0444,2023,SER,8,6,F,62,,10.73,171,09:22,PCO,spring,0,,
_APR8825,2023,FOU,7,5,F,61,,10.34,135,10:18,ABP,spring,0,,
_APR7830,2023,FOU,7,6,M,66,,10.76,135,10:18,ABP,spring,1,,
_APR8872,2023,FOU,1,5,M,64,,11.62,143,09:40,ABP,spring,0,,
_APR7829,2023,FOU,1,6,F,64,,10.96,143,09:40,ABP,spring,1,,net
_APR7242,2023,FOU,4,6,M,67,,11.73,143,09:59,ABP,spring,1,,net
_APR7828,2023,FOU,4,6,F,63,,10.76,143,09:59,ABP,spring,1,,net
ARD7323,2023,DEL,1,6,M,63,,9.91,143,11:09,ABP,spring,1,,net
_APR8876,2023,DEL,1,6,F,65,,10.5,143,11:09,ABP,spring,0,,net
AXH8472,2023,DEL,3,6,F,63,,10.63,143,11:42,ABP,spring,1,,net
_APR7926,2023,DEL,3,6,M,66,,10.27,143,11:42,ABP,spring,1,,net
_APR7793,2023,ALN,2,6,M,66,,10.39,143,15:51,ABP,spring,0,,net
ARD7974,2023,ALN,4,6,M,65,,10.86,143,16:18,ABP,spring,1,,net
_APR7799,2023,ALN,4,6,F,63,,11.44,143,16:18,ABP,spring,0,,net
_APR8769,2023,DOW,4,6,M,65,,11.46,144,11:33,ABP,spring,0,,
_APR8770,2023,DOW,4,6,F,61,,,144,11:33,ABP,spring,0,,
ARD6744,2023,DOW,7,6,M,68,,10.44,144,12:00,ABP,spring,1,,net
_APR8784,2023,FOU,5,5,F,63,,10.34,149,06:53,ABP,spring,0,,
_APR8785,2023,FOU,5,5,M,63,,10.51,149,06:53,ABP,spring,0,,
_APR8786,2023,FOU,8,5,F,62,,10.4,149,07:06,ABP,spring,0,,
_APR8787,2023,DEL,2,5,F,61,,10.26,149,08:13,ABP,spring,0,,
_APR8788,2023,DEL,2,5,M,64,,,149,08:13,ABP,spring,0,,
_APR8789,2023,DEL,5,6,F,63,,11.19,149,08:28,ABP,spring,0,,
_APR8790,2023,DEL,5,5,M,65,,10.65,149,08:28,ABP,spring,0,,
AXH7114,2023,TAI,5,6,M,62,,10.77,149,09:08,ABP,spring,1,,
_APR8799,2023,TAI,5,6,F,62,,11.26,149,09:08,ABP,spring,0,,
_APR8800,2023,TAI,4,5,M,62,,9.73,149,09:18,ABP,spring,0,,
ATR0008,2023,TAI,4,6,F,62,,10.99,149,09:18,ABP,spring,0,,
AHD7789,2023,TAI,6,6,M,67,,10.43,149,09:38,ABP,spring,1,,net
ATR0009,2023,TAI,6,5,F,61,,10.72,149,09:38,ABP,spring,0,,
ATR0032,2023,DOR,1,6,F,63,,10.4,149,10:43,ABP,spring,0,,
_APR8051,2023,DOR,1,6,M,63,,10.12,149,10:43,ABP,spring,1,,
ATR0041,2023,DOR,6,5,M,61,,10.29,149,11:06,ABP,spring,0,,
_APR7838,2023,OSP,5,6,F,63,,10.74,149,11:50,ABP,spring,1,,
AXH9852,2023,MUN,6,6,M,66,,10.1,149,14:41,ABP,spring,1,,
ATR0084,2023,MUN,5,5,F,62,,11.27,149,14:54,ABP,spring,0,,
ATR0098,2023,ART,1,6,F,61,,10.2,149,15:36,ABP,spring,0,,
ATR0099,2023,ART,2,5,M,63,,9.8,149,15:55,ABP,spring,0,,
AXH8389,2023,ART,7,6,F,64,,11.17,149,16:05,ABP,spring,1,,
AXH8390,2023,ART,7,6,M,64,,10.46,149,16:05,ABP,spring,1,,
ATR0119,2023,ART,6,5,F,62,,10.59,149,16:50,ABP,spring,0,,
ATR0162,2023,HWP,6,5,M,62,,11.01,150,10:06,ABP,spring,0,,net
AXH8194,2023,HWP,6,6,F,63,,10.67,150,10:06,ABP,spring,1,,net
ATR0163,2023,HWP,1,5,F,62,,10.12,150,10:26,ABP,spring,0,,net
ATR0164,2023,HWP,1,5,M,63,,10.67,150,10:26,ABP,spring,0,,net
_APR8194,2023,CAL,1,6,M,65,,10.97,150,11:47,ABP,spring,1,,net
_APR7676,2023,BLG,2,6,M,65,,10.65,150,12:37,ABP,spring,1,,net
ATR0165,2023,RSY,1,6,M,64,,10.95,151,06:57,ABP,spring,0,,
ATR0166,2023,RSY,1,6,F,62,,10.5,151,06:57,ABP,spring,0,,
ATR0167,2023,FOF,2,5,F,63,,10.97,151,07:29,ABP,spring,0,,
_APR7531,2023,FOF,2,6,M,65,,10.58,151,07:29,ABP,spring,1,,net
_APR7313,2023,LVN,2,6,F,61,,11.08,151,08:00,ABP,spring,1,,
_APR7742,2023,LVN,2,6,M,66,,10.23,151,08:00,ABP,spring,1,,
_APR7534,2023,LVN,3,6,F,62,,10.84,151,08:10,ABP,spring,1,,
AXH7208,2023,BAD,2,6,M,64,,10.51,151,08:46,ABP,spring,1,,net
ATR0168,2023,MCH,1,6,F,65,,10.2,153,07:12,ABP,spring,0,,net
AXH8835,2023,MCH,1,5,M,64,,10.49,153,07:12,ABP,spring,1,,net
ATR0169,2023,MCH,5,6,F,64,,9.78,153,07:38,ABP,spring,0,,net
AXH7960,2023,BIR,1,6,F,63,,10.92,153,08:52,ABP,spring,1,,net
ATR0170,2023,BIR,1,5,M,65,,10.34,153,08:52,ABP,spring,0,,
AXH7765,2023,BIR,3,6,M,64,,10.07,153,09:16,ABP,spring,1,,net
AXH9605,2023,BLG,5,6,F,60,,10.39,153,10:20,ABP,spring,1,,net
AXH9013,2023,BLG,5,6,M,67,,10.94,153,10:20,ABP,spring,1,,net
AXH9108,2023,BLG,6,6,F,62,,10.71,153,11:00,ABP,spring,1,,net
AXH7143,2023,BLG,6,6,M,66,,11.16,153,11:00,ABP,spring,1,,net
_APR7699,2023,BAD,2,6,F,63,,10.83,154,15:20,ABP,spring,1,,
_APR7179,2023,BAD,4,6,M,66,,11.46,154,15:26,ABP,spring,1,,
AXH7800,2023,BAD,4,6,F,64,,12.23,154,15:26,ABP,spring,1,,
ATR0173,2023,BAD,3,6,F,63,,11.2,154,15:50,ABP,spring,0,,net
_APR7731,2023,BAD,3,6,M,66,,10.63,154,15:50,ABP,spring,1,,net
AXH8071,2023,DOW,6,6,F,64,,11.78,154,16:21,ABP,spring,1,,net
_APR7549,2023,DOW,6,6,M,66,,11.41,154,16:21,ABP,spring,1,,net
_APR7810,2023,ART,1,6,M,63,,8.97,155,06:36,ABP,spring,1,,net
ATR0175,2023,ART,2,5,F,62,,10.26,155,06:46,ABP,spring,0,,net
ATR0176,2023,ART,3,6,M,64,,10.75,155,07:00,ABP,spring,0,,net
ATR0177,2023,ART,3,6,F,62,,10.72,155,07:00,ABP,spring,0,,net
AXH9809,2023,ART,5,6,M,65,,10.38,155,07:24,ABP,spring,1,,net
AXH7121,2023,ART,5,6,F,63,,10.55,155,07:24,ABP,spring,1,,net
AXH9827,2023,ART,6,6,M,66,,11.4,155,07:47,ABP,spring,1,,net
ATR0192,2023,FOU,2,6,F,65,,11.09,155,08:15,ABP,spring,0,,net
ATR0193,2023,DEL,6,5,F,61,,10.2,155,09:02,ABP,spring,0,,net
AXH8483,2023,DEL,6,5,M,60,,9.49,155,09:02,ABP,spring,1,,net
ATR0194,2023,TAI,1,5,M,65,,10.24,155,09:35,ABP,spring,0,,
ATR0197,2023,TAI,1,5,F,61,,9.7,155,09:35,ABP,spring,0,,net
ATR0195,2023,TAI,3,5,F,61,,10.37,155,09:42,ABP,spring,0,,net
ATR0196,2023,TAI,3,5,M,63,,10.19,155,09:42,ABP,spring,0,,net
AHD7790,2023,TAI,2,6,M,67,,10.48,155,10:18,ABP,spring,1,,net
AXH7754,2023,TAI,2,6,F,64,,10.7,155,10:18,ABP,spring,1,,net
ATR0198,2023,DOR,2,5,F,60,,10.09,155,11:14,ABP,spring,0,,net
ATR0199,2023,DOR,6,5,F,60,,9.96,155,11:35,ABP,spring,0,,net
_APR7837,2023,OSP,5,6,M,66,,10.5,155,12:11,ABP,spring,1,,net
ATR0209,2023,OSP,4,6,F,62,,10.07,155,12:38,ABP,spring,0,,net
ATR0210,2023,OSP,4,6,M,65,,11.01,155,12:38,ABP,spring,0,,net
ATR0216,2023,OSP,2,5,F,62,,11.13,155,12:54,ABP,spring,0,,
_APR7814,2023,OSP,2,5,M,65,,10.71,155,12:54,ABP,spring,1,,
ATR0237,2023,SPD,5,5,F,61,,11.96,155,13:41,ABP,spring,0,,
ATR0238,2023,SPD,5,5,M,63,,11.05,155,13:41,ABP,spring,0,,
ATR0245,2023,ALN,5,5,F,62,,10.28,155,15:16,ABP,spring,0,,
ATR0246,2023,MUN,3,5,F,63,,10.74,155,16:05,ABP,spring,0,,net
AXH8486,2023,MUN,6,6,F,63,,10.9,155,16:29,ABP,spring,1,,net
AXH8240,2023,INS,4,6,F,61,,10.31,156,06:12,ABP,spring,1,,
ATR0260,2023,INS,4,6,M,67,,10.63,156,06:12,ABP,spring,0,,
ATR0287,2023,FSH,5,6,F,62,,10.39,156,07:11,ABP,spring,0,,
_APR8035,2023,FSH,5,6,M,65,,,156,07:11,ABP,spring,1,,
ATR0295,2023,RTH,1,6,M,63,,10.31,156,07:54,ABP,spring,0,,
_APR8129,2023,RTH,6,6,F,63,,10.67,156,08:08,ABP,spring,1,,
_APR8137,2023,RTH,6,6,M,66,,11.87,156,08:08,ABP,spring,1,,
ATR0296,2023,RTH,4,6,M,65,,10.16,156,08:13,ABP,spring,0,,
ARD7391,2023,AVI,6,6,M,66,,10.39,156,09:14,ABP,spring,1,,
ARR9008,2023,AVI,6,6,F,64,,10.73,156,09:14,ABP,spring,0,,
ARR9015,2023,AVN,5,6,F,63,,10.87,156,09:52,ABP,spring,0,,
ARR9016,2023,AVN,5,5,M,66,,,156,09:52,ABP,spring,0,,
ARR9035,2023,AVN,6,5,F,62,,10.67,156,10:39,ABP,spring,0,,net
ARR9036,2023,AVN,6,5,M,64,,10.34,156,10:39,ABP,spring,0,,net
AXH9421,2023,AVN,7,6,M,67,,10.95,156,10:55,ABP,spring,1,,net
ARR9037,2023,AVN,7,5,F,63,,11.37,156,10:55,ABP,spring,0,,net
AXH9891,2023,CAR,4,6,F,63,,9.99,156,11:39,ABP,spring,1,,net
ARR9045,2023,CAR,4,6,M,64,,10.04,156,11:39,ABP,spring,0,,
ARR9072,2023,SLS,3,5,F,61,,10.54,156,12:50,ABP,spring,0,,net
ARR9067,2023,HWP,2,5,F,59,,10.15,156,13:43,ABP,spring,0,,net
ARR9077,2023,HWP,8,5,F,62,,11.19,156,14:09,ABP,spring,0,,
ARR9078,2023,DOW,3,5,F,61,,10.82,156,17:00,ABP,spring,0,,net
ARR9079,2023,ART,8,5,F,63,,9.92,162,08:00,ABP,spring,0,,net
ARR9080,2023,ART,4,5,M,65,,10.72,162,08:30,ABP,spring,0,,
ARR9081,2023,ART,4,6,F,63,,10.04,162,08:30,ABP,spring,0,,net
ARR9085,2023,MUN,1,5,F,63,,11.08,162,09:26,ABP,spring,0,,
ARR9086,2023,MUN,1,5,M,63,,9.75,162,09:26,ABP,spring,0,,
ARR9087,2023,MUN,2,6,M,68,,10.96,162,09:45,ABP,spring,0,,net
_APR7848,2023,MUN,2,6,F,63,,9.68,162,09:45,ABP,spring,1,,net
ARR9089,2023,MUN,8,5,M,65,,10.49,162,10:01,ABP,spring,0,,net
ARR9090,2023,MUN,8,5,F,60,,10.06,162,10:01,ABP,spring,0,,net
ARR9088,2023,OSP,7,5,M,63,,10.96,162,13:08,ABP,spring,0,,net
ARR9091,2023,OSP,7,5,F,61,,10.47,162,13:08,ABP,spring,0,,net
ARR9092,2023,OSP,8,6,M,66,,11.51,162,13:18,ABP,spring,0,,
_APR8404,2023,OSP,8,6,F,65,,10.33,162,13:18,ABP,spring,1,,
ARR9093,2023,OSP,3,5,M,63,,10.76,162,13:42,ABP,spring,0,,net
ARR9094,2023,OSP,3,5,F,62,,10.41,162,13:42,ABP,spring,0,,net
ARR9095,2023,ALN,6,5,F,59,,9.52,162,15:21,ABP,spring,0,,
AXH8043,2023,ALN,6,6,M,67,,,162,15:21,ABP,spring,1,,
_APR8166,2023,SLS,3,6,M,66,,11.13,162,16:36,ABP,spring,1,,net
_APR8166,2023,SLS,1,6,M,66,,11.13,162,17:04,ABP,spring,1,just copied the data down for the same bird 20 mins earlier at nb3,net
ARR9096,2023,SLS,1,5,F,63,,10.39,162,17:04,ABP,spring,0,,net
ARR9108,2023,SLS,8,5,M,66,,10.5,162,17:48,ABP,spring,0,,
ARR9112,2023,INS,5,6,M,64,,10.02,163,06:32,ABP,spring,0,,
ARR9113,2023,INS,5,5,F,62,,9.89,163,06:32,ABP,spring,0,,
ARR9114,2023,CAR,5,6,F,62,,10.02,163,07:52,ABP,spring,0,,
ARR9045,2023,CAR,1,6,M,64,,9.75,163,07:52,ABP,spring,1,,
ARR9124,2023,AVI,7,6,F,64,,9.93,163,09:25,ABP,spring,0,,
ARR9125,2023,AVI,7,5,M,66,,10.46,163,09:25,ABP,spring,0,,
ARR9138,2023,AVI,4,5,F,62,,10.23,163,09:55,ABP,spring,0,,
ARR9139,2023,AVI,4,5,M,65,,10.66,163,09:55,ABP,spring,0,,
_APR7824,2023,SLS,7,6,F,61,,10.1,165,17:19,MS,spring,1,,
ATR0648,2023,SLS,8,5,F,63,,10.84,165,17:32,MS,spring,0,,
ATR0651,2023,CAR,2,5,F,60,,10.24,165,18:45,MS,spring,0,,
ATR0652,2023,FSH,4,5,M,65,,10.8,166,07:36,MS,spring,0,,
ATR0653,2023,FSH,2,5,F,60,,9.77,166,08:00,MS,spring,0,,
AXH8589,2023,FSH,2,6,M,65,,9.74,166,08:00,MS,spring,1,,
_APR8174,2023,FSH,3,6,M,66,,10.99,166,08:21,FH,spring,1,,
_APR8175,2023,FSH,3,6,F,,,,166,08:21,FH,spring,1,FLEW AWAY BEFORE MEASUREMENTS TAKEN,
ATR0660,2023,AVI,2,5,M,64,,10.65,169,16:34,MS,spring,0,,
ATR0661,2023,AVI,2,6,F,61,,10.38,169,16:34,MS,spring,0,,
ATR0324,2023,GLF,6,5,M,65,,10.6,150,16:03,FH,spring,0,,
ATR0706,2024,SER,8,6,F,61,,10.59,146,11:56,RST,spring,0,MS SUPERVISING,
_APR7108,2024,SER,8,6,M,64,,10.55,146,11:56,RST,spring,1,MS SUPERVISING,
AXH8876,2024,SER,4,6,F,62,,9.64,146,13:04,RST,spring,1,MS SUPERVISING,
_APR7357,2024,EDI,1,6,M,67,,11.07,146,15:32,RST,spring,1,MS SUPERVISING,
S921907,2024,EDI,1,6,F,62,,11.57,146,15:32,RST,spring,1,MS SUPERVISING,
AXH9982,2024,EDI,5,6,M,66,,10.88,146,17:05,RST,spring,1,MS SUPERVISING,
_APR8914,2024,EDI,5,6,F,60,,11.1,146,17:05,RST,spring,1,MS SUPERVISING,
_APR7098,2024,PTH,7,6,M,65,,10.61,147,11:57,IL,spring,1,ABP supervising,
ARR9251,2024,PTH,7,6,F,63,,10.59,147,11:57,IL,spring,0,ABP supervising,
ARR9252,2024,DNM,3,5,M,65,,10.81,147,15:14,ABP,spring,0,,
_APR7557,2024,LVN,8,6,F,62,,11.2,148,15:31,IL,spring,1,"ABP supervising, net",net
ATR0506,2024,LVN,8,5,M,65,,10.24,148,15:31,IL,spring,1,"ABP supervising, net",net
_APR8581,2024,EDI,7,6,M,65,,9.76,148,17:00,AE,spring,1,ABP supervising,
ATR0733,2024,LVN,4,6,F,62,,9.9,148,15:15,IL,spring,0,"ABP supervising, caught on 153 and wing length corrected",
ATR0732,2024,SER,5,6,M,67,,10.52,148,13:11,IL,spring,0,ABP supervising,
ATR0734,2024,LVN,7,5,M,63,,10.54,149,09:41,RST,spring,0,MS SUPERVISING,
ATR0742,2024,LVN,7,5,F,59,,10.62,149,10:20,RST,spring,0,MS SUPERVISING,
ATR0735,2024,LVN,5,6,M,65,,10.53,149,09:53,RST,spring,0,MS SUPERVISING,
ATR0736,2024,LVN,5,5,F,62,,10.34,149,10:53,RST,spring,0,MS SUPERVISING,
ATR0743,2024,PTH,5,6,M,66,,9.9,149,12:56,RST,spring,0,MS SUPERVISING,
ARR8790,2024,BLG,7,6,F,63,,10.88,149,15:00,RST,spring,0,MS SUPERVISING,
_APR7654,2024,BLG,7,6,M,64,,10.52,149,15:00,RST,spring,1,MS SUPERVISING,
ATR0824,2024,STY,3,5,F,61,,10.81,150,12:09,MS,spring,0,,
_APR7215,2024,STY,3,6,M,66,,11.2,150,12:09,MS,spring,1,,
ATR0763,2024,NEW,1,5,F,60,,10.57,150,07:05,RST,spring,0,,
ATR0764,2024,NEW,1,6,M,65,,10.5,150,07:05,RST,spring,0,,
ATR0608,2024,CRU,7,6,F,62,,11.19,150,07:48,RST,spring,1,,
ATR0765,2024,CRU,7,6,M,65,,11.66,150,07:48,RST,spring,0,,
ATR0792,2024,SER,1,5,M,66,,10.92,150,14:14,MS,spring,0,,
AXH7953,2024,GLF,1,6,M,63,,10.4,150,14:59,MS,spring,1,,
ATR0799,2024,GLF,1,5,F,62,,10.94,150,14:59,MS,spring,0,,
ATR0417,2024,SER,6,6,F,64,,11.11,150,13:43,RST,spring,1,,
ATR0831,2024,BAD,3,6,F,63,,13.07,150,16:55,MS,spring,0,MASS MAY BE INFLATED DUE TO RAIN,
ARR9257,2024,EDI,7,5,F,62,,10.77,150,15:11,ABP,spring,0,,
ARR8951,2024,BLG,4,6,M,64,,10.53,151,14:45,RST,spring,0,,
ARR8628,2024,DNM,2,6,M,64,,11.59,151,16:58,RST,spring,1,,
ATR0404,2024,DNM,2,5,F,59,,10.9,151,16:58,RST,spring,1,originally recorded as age 6,
ATR0880,2024,NEW,2,5,F,62,,9.84,152,07:11,IL,spring,0,originally recorded as male,
ARR8979,2024,STY,1,5,F,62,,9.94,152,13:02,IL,spring,0,,
AXH7154,2024,SER,6,6,M,66,,10.56,152,15:25,RST,spring,1,,
AXH8659,2024,DNC,4,6,F,65,,10.2,152,14:29,MS,spring,1,,
ATR0419,2024,SER,1,6,F,62,,11.19,152,16:23,ABP,spring,1,,
ARR9603,2024,FOF,3,5,M,65,,10.89,153,08:18,TMH,spring,0,,
ARR8980,2024,LVN,4,5,M,64,,10.72,153,09:09,ABP,spring,0,,net
ARR8981,2024,LVN,2,5,M,65,,10.47,153,09:43,ABP,spring,0,,net
ARR8982,2024,LVN,2,5,F,61,,10.52,153,09:43,ABP,spring,0,,net
ARR8987,2024,PTH,5,6,F,61,,10.04,153,12:42,ABP,spring,0,,net
_APR7313,2024,LVN,3,6,F,61,,11.44,153,09:22,TMH,spring,1,,
ARR8855,2024,LVN,3,5,M,65,,10.58,153,09:22,TMH,spring,0,,
ATR0509,2024,MCH,4,6,M,66,,10.66,153,11:00,TMH,spring,1,,
_APR7652,2024,PTH,4,6,M,63,,10.77,153,12:46,TMH,spring,1,,
ARR8867,2024,BLG,4,5,F,61,,9.99,153,14:41,TMH,spring,0,,
ATR0915,2024,DNM,7,5,F,64,,11.43,153,16:53,TMH,spring,0,,
ATR0916,2024,DNM,7,6,M,64,,9.92,153,16:53,TMH,spring,0,,
ATR0880,2024,NEW,2,5,F,63,,10.12,154,06:50,TMH,spring,1,,
_APR8668,2024,NEW,3,6,M,66,,10.22,154,07:18,TMH,spring,1,,
ARR8630,2024,NEW,3,6,F,63,,10.39,154,07:18,TMH,spring,1,,
ARR8668,2024,CRU,1,6,M,65,,10.28,154,08:00,TMH,spring,1,,
ATR0386,2024,PIT,7,6,M,66,,10.8,154,10:25,TMH,spring,1,,
ATR0385,2024,PIT,7,6,F,64,,10.17,154,10:25,TMH,spring,1,,
ARR8881,2024,PIT,6,5,M,65,,10.92,154,10:40,TMH,spring,0,,
ARR8882,2024,PIT,6,5,F,62,,10.61,154,10:40,TMH,spring,0,,
_APR8384,2024,STY,6,5,M,66,,11.28,154,12:22,TMH,spring,1,,
ARR8883,2024,STY,6,5,F,61,,9.62,154,12:22,TMH,spring,0,,
ARR8653,2024,STY,7,6,M,66,,10.94,154,13:05,TMH,spring,1,,net
ARR8884,2024,STY,7,5,F,61,,10.34,154,13:05,TMH,spring,0,,
AXH7147,2024,STY,5,6,M,67,,10.23,154,13:34,TMH,spring,1,,
_APR7674,2024,STY,5,6,F,65,,11.45,154,13:34,TMH,spring,1,,
AXH8258,2024,SER,2,6,F,62,,10.55,154,14:40,TMH,spring,1,recruit from MCH. Last seen in 2021!,
_APR7192,2024,GLF,5,6,M,65,,10.65,154,15:19,TMH,spring,1,recruit from GLF. Last seen in 2021,
ARR8885,2024,GLF,5,5,F,60,,11.27,154,15:19,TMH,spring,0,,
AXH9505,2024,GLF,6,6,F,59,,10.89,154,15:56,TMH,spring,1,,
ATR0324,2024,GLF,6,6,M,66,,10.66,154,15:56,TMH,spring,1,,
_APR8769,2024,DOW,8,6,M,65,,11.11,154,16:51,TMH,spring,1,,
AXH7799,2024,BAD,6,6,M,64,,10.08,154,17:53,TMH,spring,1,,
ATR0430,2024,BAD,6,6,F,62,,10.83,154,17:53,TMH,spring,1,,
AXH7841,2024,EDI,2,6,M,65,,11.85,154,19:00,TMH,spring,1,,
ARR8886,2024,EDI,2,6,F,63,,11,154,19:00,TMH,spring,0,,
_APR8453,2024,NEW,6,6,F,63,,10.18,154,06:56,ABP,spring,1,,
ARR9604,2024,NEW,6,6,M,66,,10.84,154,06:56,ABP,spring,0,,
ARR9606,2024,PIT,3,6,M,66,,11.17,154,10:16,ABP,spring,0,,
ARR9607,2024,PIT,3,5,F,62,,10.72,154,10:16,ABP,spring,0,,
ARD6178,2024,STY,1,6,M,67,,11.41,154,12:26,ABP,spring,1,,net
ARR9633,2024,DOW,6,6,M,65,,11.15,154,16:50,ABP,spring,0,,
_APR8630,2024,BAD,1,5,M,65,,10.43,154,17:53,ABP,spring,1,,
ARR9647,2024,BAD,1,6,F,63,,11.19,154,18:14,ABP,spring,0,,
ATR0926,2024,RSY,6,6,F,61,,10.12,155,07:46,RST,spring,0,,
_APR7075,2024,RSY,6,6,M,63,,10.96,155,07:46,RST,spring,1,,
_APR7464,2024,RSY,3,6,M,66,,10.67,155,07:57,IL,spring,1,,
ARD6610,2024,FOF,7,6,M,66,,10.09,155,09:07,IL,spring,1,,
ATR0934,2024,FOF,7,6,F,63,,10.68,155,09:07,RST,spring,0,,
ATR0442,2024,MCH,2,6,M,63,,9.92,155,11:12,RST,spring,1,,
ATR0935,2024,MCH,2,5,F,61,,10.6,155,11:12,RST,spring,0,,
ARR8887,2024,PTH,6,6,M,66,,11.38,155,12:58,RST,spring,0,,
ATR0936,2024,BIR,7,6,M,66,,11.08,155,14:44,RST,spring,0,,
ATR0937,2024,BLG,5,5,F,61,,10.13,155,16:26,RST,spring,0,,
ATR0938,2024,BLG,5,6,M,63,,9.83,155,16:26,RST,spring,0,,
ARR8894,2024,BIR,2,5,M,61,,11,155,15:41,IL,spring,0,,
ARR8895,2024,BIR,2,5,F,61,,10.67,155,15:41,IL,spring,0,,
AXH9869,2024,BLA,1,6,M,62,,10.91,155,17:36,IL,spring,1,,
ATR0948,2024,DLW,1,5,F,62,,10.03,156,08:21,RST,spring,0,,
ATR0654,2024,CAL,7,6,F,62,,9.95,156,09:49,IL,spring,1,,
ARR9659,2024,KCK,1,6,F,62,,9.63,156,11:40,IL,spring,0,,
ARR9660,2024,PIT,5,5,F,61,,10.96,156,13:19,IL,spring,0,,
ATR0618,2024,PIT,5,6,M,66,,10.89,156,13:19,IL,spring,1,,
ARR9662,2024,STY,2,6,F,61,,10.4,156,15:06,IL,spring,0,,
_APR8370,2024,STY,2,5,M,62,,10.68,156,15:06,IL,spring,1,originally recorded as age 6,
AXH9394,2024,PIT,8,6,M,65,,11.3,156,12:53,RST,spring,1,,
ATR0964,2024,PIT,8,5,F,63,,11.27,156,12:53,RST,spring,0,,
ATR0322,2024,STY,4,5,M,64,,11.62,156,14:50,RST,spring,1,,
ATR0965,2024,STY,4,5,F,62,,11.14,156,14:50,RST,spring,0,,
ARR9547,2024,DOW,5,5,M,64,,9.99,156,08:20,ABP,spring,0,,
ARR9546,2024,DOW,5,5,F,62,,10.88,156,08:20,ABP,spring,0,,
AXH8071,2024,DOW,6,6,F,63,,11.01,156,08:14,ABP,spring,1,,
ARR9669,2024,RSY,3,5,F,60,,10.23,157,06:34,MS,spring,0,,
ATR0966,2024,FOF,8,6,F,62,,10.41,157,07:27,RST,spring,0,,
ATR0967,2024,FOF,8,6,M,65,,11.49,157,07:27,RST,spring,0,,
ATR0968,2024,PTH,3,6,M,65,,10.41,157,10:27,RST,spring,0,,
_APR8607,2024,PTH,3,6,F,60,,10.5,157,10:27,RST,spring,1,,
_APR8920,2024,FOF,1,6,F,60,,10.16,157,07:23,MS,spring,1,,
ARR9672,2024,PTH,2,5,F,60,,10.37,157,10:30,MS,spring,0,,
ARR9673,2024,PTH,4,5,F,62,,10.17,157,10:30,MS,spring,0,,
ARR9674,2024,BLA,1,5,F,62,,11,157,18:08,MS,spring,0,,
ATR0969,2024,BIR,1,6,M,64,,10.75,157,17:03,RST,spring,0,,
ATR0970,2024,BIR,1,5,F,60,,8.73,157,17:03,RST,spring,0,,
ATR0971,2024,BLA,7,6,M,64,,10.58,157,18:12,RST,spring,0,,
ATR0972,2024,BLA,7,5,F,60,,11.18,157,18:12,RST,spring,0,,
ATR0411,2024,DNC,2,5,M,65,,11.05,157,19:14,RST,spring,1,originally recorded as age 6,
ARD6615,2024,NEW,2,6,M,63,,9.5,158,07:00,MS,spring,1,,
ARR9679,2024,DNM,5,6,F,62,,10,158,08:31,MS,spring,0,,
ATR0598,2024,DNM,5,5,M,64,,10.56,158,08:31,MS,spring,1,,
AXH9108,2024,BLG,6,6,F,61,,10.46,158,13:22,RST,spring,1,,
ATR0973,2024,KCZ,2,6,M,65,,10.67,158,10:40,RST,spring,0,,
AXH9063,2024,BLG,8,6,F,61,,11.54,158,12:36,MS,spring,1,,
ARR9683,2024,BLG,8,6,M,64,,11.03,158,12:36,MS,spring,0,,
ARR9680,2024,KCZ,5,6,M,64,,10,158,10:49,MS,spring,0,,
ARR9681,2024,KCZ,5,5,F,61,,10.63,158,10:49,MS,spring,0,,
_APR7725,2024,PIT,2,6,M,64,,11.93,158,11:34,MS,spring,1,,
_APR7724,2024,PIT,2,6,F,62,,11.19,158,11:34,MS,spring,1,,
ATR0418,2024,SER,2,6,M,66,,10.52,158,15:20,MS,spring,1,,
ATR0976,2024,GLF,8,6,F,63,,10.81,158,16:30,RST,spring,0,,
ATR0977,2024,GLF,8,6,M,66,,10.2,158,16:30,RST,spring,0,,
ARR9686,2024,GLF,7,5,M,64,,11.03,158,16:49,MS,spring,0,,
_APR7675,2024,BLG,2,6,F,63,,9.85,158,15:18,ABP,spring,1,,net
ARR9771,2024,DUN,3,6,M,65,,10.45,158,15:51,ABP,spring,0,,
_APR7665,2024,DUN,3,6,F,62,,10.57,158,15:51,ABP,spring,1,,
ARR9772,2024,FOF,3,6,F,62,,10.64,159,07:37,ABP,spring,0,,net
AXH7893,2024,FOF,1,6,M,65,,9.94,159,07:58,ABP,spring,1,,net
ARR9773,2024,FOF,4,6,F,60,,10.76,159,08:10,ABP,spring,0,,
ARR9775,2024,FOF,4,6,M,67,,10.49,159,08:10,ABP,spring,0,,
ATR0510,2024,MCH,4,6,F,62,,10.52,159,10:19,ABP,spring,1,,net
_APR7676,2024,BLG,2,6,M,65,,10.48,159,14:21,ABP,spring,1,,
ARR9777,2024,BLA,2,6,F,62,,11.58,159,14:49,ABP,spring,0,,
_APR8732,2024,BLA,2,6,M,64,,10.98,159,14:49,ABP,spring,1,,
ARR9783,2024,BLA,6,6,M,66,,11.27,159,15:22,ABP,spring,0,,
ARR9787,2024,DNS,2,5,F,62,,11.37,159,18:24,ABP,spring,0,,
ARR9804,2024,CAL,7,5,M,62,,10.01,160,09:49,ABP,spring,0,,net
_APR8460,2024,CAL,2,6,M,66,,11.09,160,10:02,ABP,spring,1,,
ARR9805,2024,CAL,2,6,F,62,,10.04,160,10:02,ABP,spring,0,,
ARR8829,2024,KCZ,8,6,M,62,,11.18,160,10:40,ABP,spring,1,,
ARR9806,2024,KCZ,8,5,F,63,,10.15,160,10:40,ABP,spring,0,,
ARR9807,2024,KCZ,4,5,F,62,,10.2,160,10:58,ABP,spring,0,,
ARR9808,2024,KCZ,2,6,F,62,,10.93,160,11:09,ABP,spring,0,,
_APR8289,2024,SER,3,5,F,61,,10.93,160,14:02,ABP,spring,1,,
ARR9821,2024,SER,3,6,M,63,,10.77,160,14:02,ABP,spring,0,,
ARR9822,2024,GLF,7,6,F,62,,10.7,160,14:49,ABP,spring,0,,
ARR9687,2024,BLA,8,5,M,69,,10.35,161,13:03,MS,spring,0,,
ARR9688,2024,BLA,8,4,F,,,,161,13:03,MS,spring,0,BIRD ESCAPED BEFORE MEASUREMENTS TAKEN-guiven age =4,
ATR0978,2024,BLA,3,5,M,65,,11.44,161,13:23,IL,spring,0,,
ARR9689,2024,BLA,3,5,F,62,,11.36,161,13:23,MS,spring,0,,
ATR0980,2024,BAD,2,5,M,63,,10.33,162,15:00,IL,spring,0,,
ATR0981,2024,BAD,2,5,F,62,,10.86,162,15:00,IL,spring,0,,
AXH7800,2024,BAD,5,6,F,62,,11.88,162,15:07,MS,spring,1,,
ARR9693,2024,CRU,1,5,F,61,,10.93,162,07:43,IL,spring,0,,
ARR9695,2024,DNS,4,5,F,62,,10.44,163,16:42,MS,spring,0,,
ARR8662,2024,DNS,4,6,M,65,,10.87,163,16:44,MS,spring,1,,
ATR0607,2024,CRU,4,6,M,64,,10.3,164,08:58,RST,spring,1,,
ATR0987,2024,DUN,8,6,M,64,,10.81,164,11:46,RST,spring,0,,
ATR0988,2024,DUN,8,5,F,62,,10.65,164,11:46,RST,spring,0,,
ARR9696,2024,DUN,2,6,F,62,,10,164,11:59,MS,spring,0,,
ARR9697,2024,DUN,2,6,M,63,,10.97,164,11:59,MS,spring,0,,
ARR9698,2024,DOW,7,5,F,60,,10.06,164,15:10,MS,spring,0,Bird lethargic when processed but flew away after a few mins,
ARR9849,2024,RSY,4,6,F,63,,10.74,170,14:04,ABP,spring,0,,net
AXH7765,2024,BIR,3,6,M,64,,10.43,171,11:40,MS,spring,1,,
ARR9699,2024,BIR,3,6,F,61,,10.73,171,11:40,MS,spring,0,,
_APR7828,2024,FOU,6,6,F,63,,10.35,145,10:31,IL,spring,1,ABP supervising,
ATR0493,2024,DEL,4,5,F,60,,9.78,145,11:06,IL,spring,0,ABP supervising,
ATR0494,2024,DEL,4,5,M,62,,10.34,145,11:06,IL,spring,0,ABP supervising,
AXH8472,2024,DEL,1,6,F,63,,10.2,145,12:00,IL,spring,1,"net, ABP supervising",net
AHD7789,2024,TAI,6,6,M,67,,,145,12:30,IL,spring,1,ABP supervising,
ATR0009,2024,TAI,6,6,F,62,,11.21,145,12:30,IL,spring,1,ABP supervising,
ATR0196,2024,TAI,3,6,M,65,,10.56,145,13:14,IL,spring,1,ABP supervising,
ARR9217,2024,DOR,2,5,M,64,,11.15,145,14:01,IL,spring,0,ABP supervising,
_APR7799,2024,ALN,1,6,F,63,,11.02,146,10:04,ABP,spring,1,,net
_APR8825,2024,FOU,5,6,F,62,,9.6,146,09:03,ABP,spring,1,,
ARR9067,2024,HWP,1,6,F,62,,10.64,148,06:38,IL,spring,1,ABP supervising,
ATR0162,2024,HWP,6,6,M,65,,11.1,148,06:49,IL,spring,1,ABP supervising,
ATR0163,2024,HWP,6,6,F,63,,10.36,148,06:49,IL,spring,1,ABP supervising,
ATR0099,2024,ART,4,6,M,65,,9.5,151,09:05,MS,spring,1,,
ARR9301,2024,ART,4,5,F,61,,,151,09:05,MS,spring,0,MASS MISSED,
ARR9081,2024,ART,2,6,F,62,,9.72,151,09:35,MS,spring,1,,net
ARR9311,2024,FOU,3,5,F,60,,10.29,151,10:17,MS,spring,0,,
ARR9312,2024,FOU,3,5,M,64,,10.24,151,10:17,MS,spring,0,,
ARR9320,2024,FOU,8,6,F,62,,10.49,151,11:02,MS,spring,0,,
_APR8785,2024,FOU,8,6,M,65,,10.77,151,11:02,MS,spring,1,,
ARR9321,2024,ALN,3,6,M,63,,10.38,151,11:39,MS,spring,0,,
ARR9322,2024,ALN,3,5,F,61,,10.6,151,11:39,MS,spring,0,,
ARR9337,2024,OSP,5,6,F,61,,11.36,151,13:17,MS,spring,0,,
ARR9338,2024,OSP,5,6,M,65,,10.7,151,13:17,MS,spring,0,,
AXH8483,2024,DEL,8,6,M,62,,9.5,151,16:23,MS,spring,1,,
ARR9087,2024,MUN,2,6,M,66,,10.6,151,17:34,MS,spring,1,,
_APR7848,2024,MUN,2,6,F,61,,10.13,151,17:34,MS,spring,1,,
ARR9376,2024,INS,4,6,F,63,,12.07,152,06:56,MS,spring,0,,
ARR9377,2024,INS,4,5,M,65,,11.39,152,06:56,MS,spring,0,,
ARR9393,2024,FSH,1,5,F,64,,11.4,152,07:45,MS,spring,0,,
ARR9394,2024,FSH,1,5,M,65,,10.93,152,07:45,ABP,spring,0,,
ARD7391,2024,AVI,6,6,M,66,,10.23,152,09:12,MS,spring,1,,
ARR9008,2024,AVI,6,6,F,63,,10.72,152,09:12,MS,spring,1,,
ARR9528,2024,CAR,4,5,F,61,,10.74,152,10:30,MS,spring,0,,
ARR9529,2024,CAR,1,6,M,65,,10.5,152,10:53,MS,spring,0,,
AHD7771,2024,CAR,1,6,F,62,,11.13,152,10:53,ABP,spring,1,,
_APR7242,2024,FOU,6,6,M,67,,10.79,151,10:36,ABP,spring,1,,
ARR9270,2024,ALN,8,5,M,64,,10.08,151,11:44,ABP,spring,0,,
ARR9271,2024,ALN,8,5,F,60,,11.13,151,11:44,ABP,spring,0,,
ARR9283,2024,DOR,2,5,F,62,,10.46,151,13:53,ABP,spring,0,,
ATR0199,2024,DOR,3,6,F,61,,9.81,151,14:16,ABP,spring,1,,
ARR9296,2024,TAI,1,5,M,66,,10.62,151,15:06,ABP,spring,0,,
_APR8788,2024,DEL,1,6,M,65,,10.58,151,16:02,ABP,spring,1,,
ARR9417,2024,MUN,8,6,M,64,,10.77,151,17:30,ABP,spring,0,,
ARR9418,2024,MUN,8,6,F,61,,11.21,151,17:30,ABP,spring,0,,
AXH8485,2024,MUN,3,6,F,63,,10.47,151,18:13,ABP,spring,1,,
ATR0249,2024,MUN,3,5,M,66,,10.88,151,18:13,ABP,spring,1,,
_APR8173,2024,RTH,2,6,F,65,,9.97,152,08:31,ABP,spring,1,,
ARR9455,2024,AVI,2,5,M,65,,10.59,152,09:09,ABP,spring,0,,
ARR9456,2024,AVI,2,5,F,61,,9.78,152,09:09,ABP,spring,0,,
ARR9468,2024,AVN,5,6,F,64,,11.47,152,10:00,ABP,spring,0,changed from APR,
ARR9016,2024,AVN,5,6,M,67,,11.26,152,10:00,ABP,spring,1,,
ARR9476,2024,CAR,3,6,F,64,,10.27,152,10:40,ABP,spring,0,,
ARR9477,2024,CAR,3,6,M,64,,10.17,152,10:17,ABP,spring,0,,
ARR9495,2024,HWP,8,5,M,65,,11.31,152,12:40,ABP,spring,0,,
ARR9497,2024,HWP,8,6,F,62,,11.12,152,12:40,ABP,spring,0,,
ARR9554,2024,FOU,4,5,F,61,,10.01,157,07:44,ABP,spring,0,,
ARR9571,2024,SPD,8,5,F,62,,10.48,157,07:44,ABP,spring,0,,
ARR9572,2024,SPD,8,6,M,66,,10.42,157,09:43,ABP,spring,0,,
ARR9579,2024,SPD,1,5,M,63,,10.07,157,09:43,ABP,spring,0,"initially identified as female, but changed to male based on 2nd bird being definite female",
ARR9580,2024,SPD,1,6,F,64,,11.06,157,09:43,ABP,spring,0,,
ARR9590,2024,SPD,3,5,M,63,,9.69,157,10:02,ABP,spring,0,,
ARR9591,2024,SPD,3,6,F,62,,10.73,157,10:02,ABP,spring,0,,
ARR9592,2024,OSP,4,6,F,64,,9.79,157,11:08,ABP,spring,0,,
ARD7237,2024,OSP,4,6,M,68,,10.2,157,11:08,ABP,spring,1,,
ARR9593,2024,OSP,3,5,F,62,,,157,11:21,ABP,spring,0,,
ARR9594,2024,OSP,3,5,M,63,,11.23,157,11:21,ABP,spring,0,,
ARR9600,2024,OSP,6,6,M,67,,10.62,157,11:41,ABP,spring,0,,
ARR9701,2024,OSP,6,6,F,63,,10.8,157,11:41,ABP,spring,0,,
ARR9712,2024,DOR,1,6,F,63,,10.8,157,12:20,ABP,spring,0,,
ARR9722,2024,DOR,5,5,F,63,,10.57,157,12:43,ABP,spring,0,,
ARR9713,2024,DOR,6,6,M,66,,11.55,157,13:00,ABP,spring,0,,
ARR9714,2024,DOR,6,6,F,62,,10.42,157,13:00,ABP,spring,0,,
_APR8800,2024,TAI,4,6,M,64,,10.08,157,13:46,ABP,spring,1,,
ARR9715,2024,TAI,4,5,F,62,,11.31,157,13:46,ABP,spring,0,,
AXH7114,2024,TAI,5,6,M,64,,11.26,157,14:14,ABP,spring,1,,
_APR7286,2024,TAI,5,6,F,61,,10.58,157,14:14,ABP,spring,1,,
AHD7790,2024,TAI,2,6,M,67,,10.97,157,14:56,ABP,spring,1,,
AXH7754,2024,TAI,2,6,F,63,,10.93,157,14:56,ABP,spring,1,,
ARR9721,2024,DEL,3,5,F,62,,10.85,157,15:29,ABP,spring,0,,
ARR9723,2024,DEL,6,5,F,60,,10.15,157,16:01,ABP,spring,0,,net
ARR9724,2024,DEL,6,6,M,66,,10.71,157,16:01,ABP,spring,0,,net
ARR9732,2024,ART,7,6,F,62,,10.88,157,17:14,ABP,spring,0,,
ARR9733,2024,ART,7,6,M,64,,11.2,157,17:14,ABP,spring,0,,
ARR9734,2024,HWP,1,5,M,63,,10.59,157,19:02,ABP,spring,0,,net
_APR8814,2024,INS,3,6,F,62,,10.36,158,06:35,ABP,spring,1,,
ARR9735,2024,INS,3,6,M,64,,10.62,158,06:35,ABP,spring,0,,
ARR9736,2024,INS,7,6,F,63,,10.2,158,06:50,ABP,spring,0,,
ARR9737,2024,INS,7,6,M,66,,10.31,158,06:50,ABP,spring,0,,
ATR0636,2024,FSH,7,6,M,66,,11.14,158,07:31,ABP,spring,1,,
ATR0635,2024,FSH,7,6,F,61,,9.54,158,07:31,ABP,spring,1,,
ARR9749,2024,FSH,3,5,F,62,,10.63,158,07:43,ABP,spring,0,,
ARR9750,2024,FSH,3,5,M,64,,10.74,158,07:43,ABP,spring,0,,
_APR8035,2024,FSH,5,6,M,,,10.17,158,08:10,ABP,spring,1,,
_APR8174,2024,FSH,2,6,M,65,,11.66,158,08:23,ABP,spring,1,,
ARR9751,2024,FSH,2,5,F,63,,10.7,158,08:23,ABP,spring,0,,
ARR9752,2024,RTH,3,5,F,62,,10.3,158,09:27,ABP,spring,0,,
ARR9753,2024,RTH,3,5,M,65,,,158,09:27,ABP,spring,0,,
ARR9758,2024,AVI,8,5,M,62,,10.2,158,10:20,ABP,spring,0,,
ARR9759,2024,AVI,8,6,F,62,,10.54,158,10:20,ABP,spring,0,,
AXH9421,2024,AVN,7,6,M,66,,10.94,158,10:48,ABP,spring,1,,
ARR9096,2024,SLS,6,6,F,64,,10.62,158,12:25,ABP,spring,1,,
ARR9768,2024,SLS,6,5,M,64,,10.01,158,12:25,ABP,spring,0,,
ARR9769,2024,SLS,7,5,M,66,,11.7,158,12:45,ABP,spring,0,,
ARR9770,2024,SLS,7,6,F,61,,10.08,158,12:45,ABP,spring,0,,
ARR9037,2024,AVN,7,6,F,64,,10.98,160,06:58,ABP,spring,1,"entered as _APR9037, but must be missreading, net",
ARR9795,2024,AVN,4,6,M,65,,10.43,160,07:07,ABP,spring,0,,
ARR9796,2024,AVN,4,5,F,62,,10.25,160,07:07,ABP,spring,0,,
ARR9797,2024,AVN,8,6,F,62,,10.28,160,07:15,ABP,spring,0,,
ARR9036,2024,AVN,8,6,M,65,,10.8,160,07:15,ABP,spring,1,,
ARR9830,2024,SLS,2,6,M,67,,10.59,167,08:21,ABP,spring,0,,
ARR9831,2024,SLS,2,5,F,59,,10.14,167,08:21,ABP,spring,0,,
ARR9841,2024,AVI,5,5,M,63,,10.12,167,16:31,ABP,spring,0,,
ARR9843,2024,INS,6,6,F,63,,10.88,169,15:36,ABP,spring,0,,net
ARR9847,2024,FSH,6,6,M,65,,10.45,169,16:30,ABP,spring,0,,
ARR9848,2024,FSH,6,6,F,63,,11.23,169,16:30,ABP,spring,0,,net
_APR8813,2024,CAR,2,6,F,62,,10,169,19:16,ABP,spring,1,,net
BFE6084,2025,PTH,8,6,M,65,NA,10.5,131,12:17,RST,spring,0,,
BFE6119,2025,PTH,6,6,M,64,NA,10.77,133,11:31,RST,spring,0,,
ATR0824,2025,STY,2,6,F,62,NA,10.45,134,11:55,RST,spring,1,,
_APR8370,2025,STY,2,6,M,65,NA,10.97,134,12:19,RST,spring,1,,
BFE6203,2025,PTH,4,5,M,64,NA,10.85,135,12:25,CC,spring,0,,
BFE6204,2025,PTH,4,5,F,63,NA,11.12,135,12:25,CC,spring,0,,
ARR9251,2025,PTH,7,6,F,63,NA,11.35,135,14:39,ABP,spring,1,,
_APR7098,2025,PTH,7,6,M,66,NA,11.33,135,14:39,ABP,spring,1,,
ARR9923,2025,PTH,8,5,F,63,NA,9.8,135,14:51,ABP,spring,0,ARR but ringed in 2025,net
_APR8552,2025,STY,6,6,M,66,NA,11.38,136,12:50,CC,spring,1,,
_APR8267,2025,SER,7,6,M,65,NA,10.94,136,15:07,CC,spring,1,,
ATR0706,2025,SER,7,6,F,61,NA,10.97,136,15:07,CC,spring,1,,
_APR7674,2025,STY,5,6,F,64,NA,11.75,136,19:23,ABP,spring,1,,net
AXH7147,2025,STY,5,6,M,66,NA,11.48,136,19:23,ABP,spring,1,,net
BFE6247,2025,MCH,6,6,M,66,NA,10.48,137,10:42,CC,spring,0,,
BFE6248,2025,MCH,6,5,F,61,NA,10.3,137,10:54,CC,spring,0,,
BFE6250,2025,BLG,3,5,F,60,NA,10.55,137,14:28,CC,spring,0,,
_APR7215,2025,STY,3,6,M,67,NA,10.88,138,11:00,CC,spring,1,,
_APR8384,2025,STY,8,6,M,68,NA,11.55,138,10:26,RST,spring,1,,
ARR8884,2025,STY,8,6,F,64,NA,10.54,138,10:26,RST,spring,1,,
BFE6276,2025,GLF,2,6,M,64,NA,10.33,138,13:41,CC,spring,0,,
BFE6277,2025,GLF,2,6,F,60,NA,12.43,138,13:46,CC,spring,0,,
BFE6414,2025,DOW,7,6,M,66,NA,10.93,138,15:16,RST,spring,0,,
BFE6278,2025,DOW,6,5,F,63,NA,11.2,138,14:47,CC,spring,0,,
BFE6279,2025,DOW,6,6,M,66,NA,10.51,138,14:49,CC,spring,0,,
BFE6415,2025,BAD,1,6,F,63,NA,11.19,138,15:56,RST,spring,0,,
AXH7808,2025,EDI,8,6,F,63,NA,11.4,138,17:24,CC,spring,1,,
AXH9982,2025,EDI,5,6,M,66,NA,10.97,138,17:23,RST,spring,1,,
BFE6434,2025,EDI,5,6,F,63,NA,10.53,138,17:23,RST,spring,0,,
BFE6287,2025,EDI,6,6,M,65,NA,10.74,138,17:50,CC,spring,0,,
BFE6289,2025,RSY,2,6,M,65,NA,10.29,139,08:13,TMH,spring,0,,
BFE6288,2025,RSY,2,6,F,64,NA,11.16,139,08:13,TMH,spring,0,,
ARR9669,2025,RSY,3,6,F,62,NA,10.12,139,08:30,TMH,spring,1,,
ARR9772,2025,FOF,4,6,F,64,NA,11.08,139,10:00,TMH,spring,1,,
BFE6448,2025,LVN,6,6,M,65,NA,11.08,139,11:03,RST,spring,0,,
_APR7557,2025,LVN,6,6,F,64,NA,11,139,11:03,RST,spring,1,,
BFE6469,2025,BLG,3,5,M,65,NA,11.84,139,15:19,RST,spring,0,,
ARR8981,2025,LVN,1,6,M,67,NA,10.37,139,10:45,TMH,spring,1,,
ARR9683,2025,BLG,8,6,M,64,NA,10.62,139,15:40,TMH,spring,1,,
BFE6298,2025,CAL,1,6,F,64,NA,10.8,140,08:58,RST,spring,0,,
BFE6487,2025,PIT,6,6,M,64,NA,10.16,140,12:06,RST,spring,0,,
ARR8882,2025,PIT,6,6,F,63,NA,10.42,140,12:06,RST,spring,1,,
BFE6489,2025,SER,1,6,M,66,NA,11.46,140,15:37,RST,spring,0,,
_APR7192,2025,GLF,6,6,M,65,NA,11.27,140,18:19,RST,spring,1,,
ATR0608,2025,CRU,5,6,F,62,NA,10.47,140,07:42,TMH,spring,1,,
ATR0607,2025,CRU,5,6,M,65,NA,10.58,140,07:42,TMH,spring,1,,
BFE6299,2025,PIT,1,6,F,62,NA,10.79,140,11:50,TMH,spring,0,,
BFE6300,2025,PIT,1,6,M,63,NA,10.34,140,11:50,TMH,spring,0,,
ATR0965,2025,STY,3,6,F,62,NA,11.37,140,14:16,TMH,spring,1,,
ATR0418,2025,SER,2,6,M,65,NA,10.62,140,15:55,TMH,spring,1,,
BFE6866,2025,SER,2,6,F,62,NA,11.06,140,15:55,TMH,spring,0,,
_APR8276,2025,SER,3,6,M,65,NA,10.9,140,16:04,TMH,spring,1,,
BFE6854,2025,GLF,6,5,F,58,NA,11.24,140,18:10,TMH,spring,0,,
ATR0934,2025,FOF,7,6,F,63,NA,10.85,141,08:05,ABP,spring,1,,
BFE6673,2025,FOF,7,6,M,66,NA,10.87,141,08:05,ABP,spring,0,,
ARR9603,2025,FOF,4,6,M,67,NA,11.02,141,08:51,ABP,spring,1,,net
ARR9257,2025,EDI,6,6,F,63,NA,11.06,140,13:43,ABP,spring,1,,
AXH7841,2025,EDI,2,6,M,64,NA,11.4,140,14:37,ABP,spring,1,,
AXH8071,2025,DOW,7,6,F,63,NA,11.27,140,16:12,ABP,spring,1,,net
BFE6801,2025,MCH,3,5,M,64,NA,10.66,141,10:50,CC,spring,0,,
_APR8568,2025,MCH,3,6,F,60,NA,10.07,141,10:50,CC,spring,1,,
BFE6834,2025,BLG,1,6,M,64,NA,10.08,141,15:49,CC,spring,0,,
ATR0385,2025,PIT,7,6,F,64,NA,10.16,142,12:09,CC,spring,1,,
ATR0386,2025,PIT,7,6,M,67,NA,10.84,142,12:09,CC,spring,1,,
ARR9660,2025,PIT,2,6,F,63,NA,,142,11:45,SR,spring,1,escaped before weight could be taken.,
BFE6844,2025,PIT,2,5,M,66,NA,10.74,142,11:45,SR,spring,0,,
BFE6845,2025,SER,5,6,F,62,NA,10.66,142,14:50,SR,spring,0,,
_APR8236,2025,SER,5,6,M,67,NA,10.65,142,14:50,SR,spring,1,,
BFE6674,2025,EDI,2,6,F,64,NA,11.24,142,13:30,ABP,spring,0,,
_APR7108,2025,SER,8,6,M,66,NA,11.05,142,14:24,ABP,spring,1,,
_APR7093,2025,SER,8,6,F,63,NA,10.36,142,14:24,ABP,spring,1,,
ATR0419,2025,SER,1,6,F,62,NA,11.26,142,14:48,ABP,spring,1,,net
BFE6675,2025,SER,3,6,F,62,NA,11.27,142,15:03,ABP,spring,0,,
ARR8987,2025,PTH,6,6,F,,NA,,142,15:48,ABP,spring,1,,net
BFE7001,2025,FOF,5,6,F,61,NA,10.2,143,09:00,RST,spring,0,,
BFE7002,2025,FOF,5,6,M,66,NA,10.68,143,09:20,RST,spring,0,,
ATR0742,2025,LVN,7,6,F,62,NA,10.39,143,10:55,RST,spring,1,,
BFE6923,2025,RSY,7,5,F,62,NA,,143,08:21,CC,spring,0,escaped before weight could be taken.,
BFE6924,2025,RSY,7,6,M,64,NA,10.92,143,08:21,CC,spring,0,,
BFE6926,2025,LVN,1,6,F,63,NA,11.28,143,10:23,CC,spring,0,,
ATR0733,2025,LVN,5,6,F,63,NA,9.86,143,11:15,CC,spring,1,,
ATR0509,2025,MCH,4,6,M,67,NA,10.48,143,12:43,RST,spring,1,,
_APR7654,2025,BLG,7,6,M,63,NA,10.77,143,16:00,CC,spring,1,,
ATR0880,2025,NEW,7,6,F,63,NA,10.26,144,07:08,RST,spring,1,,
BFE7018,2025,NEW,7,6,M,67,NA,10.19,144,07:08,RST,spring,0,,
BFE7019,2025,PIT,5,6,F,64,NA,10.69,144,11:10,RST,spring,0,,
ATR0618,2025,PIT,5,6,M,67,NA,10.64,144,11:25,RST,spring,1,,
BFE6954,2025,KCK,3,6,M,67,NA,10.19,144,10:30,CC,spring,0,,
BFE7020,2025,SER,6,6,F,63,NA,10.36,144,14:10,RST,spring,0,,
BFE6956,2025,SER,4,6,F,62,NA,10.35,144,14:35,CC,spring,0,,
ATR0831,2025,BAD,3,6,F,62,NA,11.72,144,17:26,RST,spring,1,,
_APR7179,2025,BAD,4,6,M,67,NA,11.29,144,18:07,CC,spring,1,,
S921907,2025,EDI,1,6,F,61,NA,11.62,144,19:02,CC,spring,1,,
ARR8855,2025,LVN,3,6,M,65,NA,10.4,145,09:57,JTM,spring,1,,
ATR0736,2025,LVN,3,6,F,61,NA,9.92,145,09:57,JTM,spring,1,,
ATR0970,2025,BIR,2,6,F,61,NA,10.52,145,13:16,JTM,spring,1,lone bird,
BFE6974,2025,BLG,4,6,M,65,NA,10.96,145,14:08,JTM,spring,0,,
BFE6975,2025,BLG,4,6,F,61,NA,10.69,145,14:08,JTM,spring,0,,
ATR0938,2025,BLG,5,6,M,62,NA,9.77,145,15:05,JTM,spring,1,,
BFE6448,2025,LVN,7,6,M,,NA,,145,10:30,ABP,spring,1,polygamous,net
ATR0510,2025,MCH,4,6,F,63,NA,10.79,145,11:24,ABP,spring,1,,net
AXH9063,2025,BLG,8,6,F,61,NA,11.48,145,13:57,ABP,spring,1,,net
BFE6564,2025,BLG,7,5,F,,NA,11,145,14:11,ABP,spring,0,history originally recorded as 1 but ring is from 2025,net
ARR8601,2025,DNM,4,6,M,64,NA,10.81,145,16:38,ABP,spring,1,,
BFE6565,2025,DNM,4,6,F,62,NA,10.86,145,16:38,ABP,spring,0,,
ARR8601,2025,DNM,5,6,M,65,NA,10.38,145,17:07,ABP,spring,1,polygamous,
_APR8401,2025,DLW,5,6,M,65,NA,10.31,146,10:31,ABP,spring,1,,net
ATR0598,2025,DNM,6,6,M,65,NA,10.63,146,08:56,ABP,spring,1,,net
ATR0915,2025,DNM,6,6,F,64,NA,11,146,08:56,ABP,spring,1,,net
AXH8912,2025,KCK,3,6,F,62,NA,10.35,146,10:50,ABP,spring,1,,net
BFE6954,2025,KCK,3,6,M,67,NA,10.89,146,10:50,ABP,spring,1,,
ARR9821,2025,SER,4,6,M,64,NA,10.58,146,13:26,ABP,spring,1,,net
BFE6566,2025,GLF,7,5,F,61,NA,11.13,146,14:42,ABP,spring,0,,
BFE6989,2025,DNM,5,6,F,64,NA,10.44,146,08:53,JTM,spring,0,,
BFE6990,2025,KCK,5,6,M,62,NA,9.96,146,10:52,JTM,spring,0,,
BFE6567,2025,DOW,8,5,M,62,NA,10.89,146,15:51,JTM,spring,0,,
BFE6568,2025,DOW,8,6,F,63,NA,10.59,146,16:01,JTM,spring,0,,
AXH9108,2025,BLG,5,6,F,62,NA,11.19,147,14:07,JTM,spring,1,,
BFE6999,2025,BLA,4,6,F,62,NA,10.96,147,15:48,JTM,spring,0,,
_APR8732,2025,BLA,4,6,M,64,NA,11.1,147,15:58,JTM,spring,1,,
AXH7893,2025,FOF,6,6,M,65,NA,9.75,147,08:37,CC,spring,1,,
_APR8920,2025,FOF,6,6,F,62,NA,10.1,147,08:29,CC,spring,1,,
_APR7676,2025,BLG,2,6,M,65,NA,10.18,147,14:10,CC,spring,1,time not recorded but approximately 14:10.,
BFE6570,2025,BLA,7,6,M,63,NA,9.89,147,16:00,CC,spring,0,,
BFE6575,2025,DNC,2,6,F,62,NA,10.84,147,18:15,CC,spring,0,very possibly a lone bird.,
BFE7037,2025,KCK,1,6,M,66,NA,10.38,148,10:15,JTM,spring,0,,
BFE7038,2025,KCK,1,6,F,65,NA,9.89,148,10:20,JTM,spring,0,,
BFE6596,2025,DUN,5,6,F,63,NA,9.89,148,12:45,CC,spring,0,,
BFE6597,2025,DUN,5,6,M,65,NA,11.25,148,12:48,CC,spring,0,,
BFE6598,2025,GLF,7,5,M,64,NA,11.41,148,15:44,CC,spring,0,,
BFE6576,2025,NEW,4,5,M,64,NA,10.23,148,07:07,CC,spring,0,,
_APR8453,2025,NEW,4,6,F,63,NA,10.62,148,07:12,CC,spring,1,,
_APR7357,2025,EDI,1,6,M,68,NA,11.03,148,18:09,JTM,spring,1,,
ATR0735,2025,LVN,5,6,M,66,NA,10,149,11:39,CC,spring,1,,
ATR0980,2025,BAD,3,6,M,65,NA,10.6,149,10:55,ABP,spring,1,,net
AXH7800,2025,BAD,4,6,F,64,NA,11.11,149,11:41,ABP,spring,1,,
BFE7045,2025,BLA,6,6,F,61,NA,10.55,149,15:54,RST,spring,0,,
ARR9783,2025,BLA,6,6,M,65,NA,11.59,149,15:54,RST,spring,1,,
ARR8656,2025,BLG,2,6,F,62,NA,10.94,149,14:51,CC,spring,1,,
BFE7046,2025,DLW,1,5,F,62,NA,10.45,150,08:44,RST,spring,0,very possibly a lone bird.,
_APR7729,2025,KCK,5,6,F,65,NA,11.03,150,11:13,CC,spring,1,,
AXH7799,2025,BAD,6,6,M,66,NA,10.05,150,16:19,CC,spring,1,,
BFE7048,2025,BAD,6,6,F,60,NA,10.49,150,16:19,CC,spring,0,,
ARR9689,2025,BLA,2,6,F,64,NA,10.97,151,13:45,SR,spring,1,,
BFE7101,2025,BLA,2,6,M,63,NA,10.85,151,13:45,SR,spring,0,,
BFE7102,2025,DNM,2,5,F,62,NA,10.73,151,15:24,RST,spring,0,,
ARR9252,2025,DNM,2,6,M,66,NA,11.2,151,15:24,RST,spring,1,,
ARR8668,2025,CRU,2,6,M,66,NA,10.33,152,09:05,RST,spring,1,,
ARR9693,2025,CRU,2,6,F,63,NA,10.26,152,09:05,RST,spring,1,,
ATR0563,2025,KCZ,6,6,M,67,NA,10.58,152,11:00,RST,spring,1,,
ARR9696,2025,DUN,3,6,F,63,NA,9.78,152,12:50,SR,spring,1,,
BFE7120,2025,DUN,3,6,M,63,NA,9.46,152,12:50,SR,spring,0,,
BFE7049,2025,GLF,3,6,M,64,NA,10.71,152,15:05,RST,spring,0,,
BFE7121,2025,FOF,1,6,M,66,NA,11.11,153,06:55,MS,spring,0,,net
BFE7122,2025,FOF,1,6,F,61,NA,10.6,153,06:55,MS,spring,0,,net
ATR0379,2025,BLA,7,6,F,62,NA,10.28,153,10:07,ABP,spring,1,,net
ARR9681,2025,KCZ,6,6,F,62,NA,10.31,154,07:26,MS,spring,1,,
BFE7444,2025,GLF,3,6,F,63,NA,10.3,154,15:13,MS,spring,0,netted by ABP,net
BFE7449,2025,DNC,5,6,M,65,NA,10.04,155,15:20,RST,spring,0,,
BFE7450,2025,DNS,4,5,M,64,NA,11.15,155,15:54,RST,spring,0,,
ARR9695,2025,DNS,4,6,F,62,NA,10.03,155,15:54,RST,spring,1,,
_APR7710,2025,EDI,4,6,M,63,NA,10.7,159,08:20,IL,spring,1,,
AXH9505,2025,GLF,5,6,F,59,NA,10.78,160,13:27,RST,spring,1,,
BFE7451,2025,GLF,5,6,M,65,NA,10.21,160,13:27,RST,spring,0,,
_APR8825,2025,FOU,5,6,F,62,,10.26,127,16:21,ABP,spring,1,,net
_APR8785,2025,FOU,5,6,M,65,,11.19,127,16:21,ABP,spring,1,,
ARR9901,2025,DEL,5,5,F,63,,11.19,127,17:07,ABP,spring,0,,
ARR9902,2025,DEL,5,6,M,65,,11.05,127,17:07,ABP,spring,0,,
ARR9912,2025,DEL,2,6,F,62,,10.34,127,17:32,ABP,spring,0,,
_APR8788,2025,DEL,2,6,M,63,,10.67,127,17:32,ABP,spring,1,,net
ATR0009,2025,TAI,6,6,F,62,,12.43,127,17:57,ABP,spring,1,may be lone bird,
ARR9950,2025,ART,8,5,M,62,,10.86,136,06:59,ABP,spring,0,,net
ARR9951,2025,ART,8,6,F,64,,10.7,136,06:59,ABP,spring,0,,net
ATR0099,2025,ART,5,6,M,66,,9.53,136,07:38,ABP,spring,1,,net
_APR7242,2025,FOU,4,6,M,67,,10.72,136,08:29,ABP,spring,1,,net
ARR9311,2025,FOU,4,6,F,62,,10.21,136,08:29,ABP,spring,1,,net
ARR9963,2025,FOU,3,6,M,67,,10.14,136,08:47,ABP,spring,0,,net
ARR9964,2025,FOU,3,5,F,62,,10.19,136,08:47,ABP,spring,0,,net
ARR9724,2025,DEL,6,6,M,66,,10.19,136,09:41,ABP,spring,1,,net
ARR9973,2025,DEL,6,5,F,62,,10.13,136,09:41,ABP,spring,0,,net
AXH8483,2025,DEL,7,6,M,64,,9.47,136,09:59,ABP,spring,1,,
ARR9983,2025,DEL,7,5,F,59,,10.38,136,09:59,ABP,spring,0,,
ARR9997,2025,TAI,5,5,F,60,,9.94,136,10:55,ABP,spring,0,,
AXH7114,2025,TAI,5,6,M,63,,10.8,136,10:55,ABP,spring,1,,
BFE6615,2025,DOR,1,5,M,63,,10.48,136,11:52,ABP,spring,0,,
ATR0199,2025,DOR,6,6,F,62,,10.21,136,12:17,ABP,spring,1,,
_APR7774,2025,DOR,6,6,M,66,,10.08,136,12:17,ABP,spring,1,,
ARD7974,2025,ALN,4,6,M,63,,10.55,136,14:44,ABP,spring,1,,net
ARR9322,2025,ALN,4,6,F,63,,10.8,136,14:44,ABP,spring,1,,net
BFE6653,2025,MUN,7,6,M,63,,10.55,136,15:57,ABP,spring,0,,
BFE6654,2025,MUN,7,5,F,63,,10.69,136,15:57,ABP,spring,0,,
ARR8790,2025,BLG,1,6,F,64,,10.65,143,07:37,ABP,spring,1,,net
BFE6682,2025,ART,1,6,F,60,,11.99,143,10:14,ABP,spring,0,,
BFE6683,2025,ART,1,6,M,66,,10.23,143,10:14,ABP,spring,0,,
ARR9301,2025,ART,5,6,F,64,,10.87,143,10:40,ABP,spring,1,,net
BFE6684,2025,ALN,6,5,F,61,,10.33,143,11:33,ABP,spring,0,,net
ARR9270,2025,ALN,6,6,M,66,,9.93,143,11:33,ABP,spring,1,,net
ARR9321,2025,ALN,2,6,M,64,,10.63,143,11:52,ABP,spring,1,,net
BFE6685,2025,ALN,2,5,F,63,,9.8,143,11:52,ABP,spring,0,,net
BFE6692,2025,SPD,8,5,M,63,,10.95,143,12:54,ABP,spring,0,,net
BFE6693,2025,SPD,8,6,F,62,,10.68,143,12:54,ABP,spring,0,,net
ARR9590,2025,SPD,1,6,M,65,,9.89,143,13:35,ABP,spring,1,,net
BFE6700,2025,SPD,1,5,F,63,,10.54,143,13:35,ABP,spring,0,,net
BFE6501,2025,SPD,3,5,F,63,,11.06,143,13:49,ABP,spring,0,,
BFE6502,2025,OSP,4,5,M,62,,10.23,143,14:29,ABP,spring,0,,
BFE6507,2025,OSP,6,5,F,61,,10.97,143,14:41,ABP,spring,0,,
BFE6508,2025,OSP,6,5,M,62,,11,143,14:41,ABP,spring,0,,
ARR9337,2025,OSP,7,6,F,62,,10.45,143,14:59,ABP,spring,1,,net
ARR9338,2025,OSP,7,6,M,66,,11.32,143,14:59,ABP,spring,1,,net
BFE6509,2025,OSP,4,5,F,59,,10.48,143,15:27,ABP,spring,0,,net
ARR9594,2025,OSP,2,6,M,65,,11.99,143,15:45,ABP,spring,1,,net
ARR9593,2025,OSP,2,6,F,62,,10.7,143,15:45,ABP,spring,1,,net
BFE6510,2025,TAI,4,6,F,64,,11.28,143,16:47,ABP,spring,0,,net
ATR0196,2025,TAI,4,6,M,66,,10.8,143,16:47,ABP,spring,1,,net
BFE6511,2025,TAI,1,6,F,64,,11.07,143,17:06,ABP,spring,0,,net
_APR8800,2025,TAI,1,6,M,64,,9.85,143,17:06,ABP,spring,1,,net
ARR9830,2025,SLS,2,6,M,68,,10.95,144,08:01,ABP,spring,1,,net
BFE6519,2025,SLS,2,5,F,64,,10.46,144,08:01,ABP,spring,0,,net
ATR0494,2025,DEL,4,6,M,63,,10.26,144,10:00,ABP,spring,1,,net
ARR9721,2025,DEL,4,6,F,61,,10,144,10:00,ABP,spring,1,,net
ARR9086,2025,MUN,2,6,M,65,,9.73,144,11:17,ABP,spring,1,,net
_APR7848,2025,MUN,2,6,F,63,,9.87,144,11:17,ABP,spring,1,white central tail feathers,net
BFE6531,2025,MUN,4,6,M,65,,10.42,144,11:32,ABP,spring,0,,net
BFE6532,2025,MUN,4,5,F,62,,9.95,144,11:32,ABP,spring,0,,net
BFE6545,2025,AVN,4,5,M,63,,10.94,144,13:56,ABP,spring,0,,net
BFE6546,2025,AVN,4,6,F,62,,10.32,144,13:56,ABP,spring,0,,net
ARR9735,2025,INS,2,6,M,66,,10.06,144,09:00,KM,spring,1,,
_APR8814,2025,INS,2,6,F,63,,10.4,144,09:00,KM,spring,1,,
BFE7309,2025,INS,8,6,F,63,,10.5,144,09:45,KM,spring,0,,
ARR9377,2025,INS,8,6,M,67,,11.05,144,09:45,EAM,spring,1,,
BFE7315,2025,HWP,4,5,F,61,,9.6,144,11:25,KM,spring,0,,
BFE7324,2025,FSH,4,6,F,64,,10.75,144,12:45,KM,spring,0,,
BFE7325,2025,FSH,4,6,M,68,,10.46,144,12:45,EAM,spring,0,,
ARR9037,2025,AVN,7,6,F,65,,11,144,16:46,KM,spring,1,,
ARR9067,2025,HWP,2,6,F,63,,10.9,144,10:31,EAM,spring,1,,net
ATR0162,2025,HWP,2,6,M,65,,11,144,10:31,EAM,spring,1,,net
ARR9752,2025,RTH,1,6,F,64,,10.1,144,14:03,EAM,spring,1,,
BFE7123,2025,FSH,3,5,M,63,,10.74,153,12:59,MS,spring,0,,
ARR9751,2025,FSH,3,6,F,63,,10.71,153,12:59,MS,spring,1,entered as APR but must be ARR,
BFE7130,2025,AVI,3,5,F,62,,9.7,153,14:24,MS,spring,0,,
ARR9841,2025,AVI,3,6,M,65,,10.84,153,14:24,MS,spring,1,,
ARR9017,2025,AVN,8,6,F,61,,10.23,153,15:35,MS,spring,1,,
ARR9036,2025,AVN,8,6,M,65,,11.05,153,15:35,MS,spring,1,,
ATR0635,2025,FSH,8,6,F,62,,9.49,153,12:57,ABP,spring,1,,net
BFE7407,2025,RTH,4,5,F,60,,10.24,153,13:49,MS,spring,0,,
ARR9008,2025,AVI,6,6,F,63,,10.23,153,14:40,ABP,spring,1,,net
ARD7391,2025,AVI,6,6,M,66,,10.37,153,14:40,ABP,spring,1,,net
BFE7417,2025,AVN,5,5,F,62,,10.78,153,15:35,ABP,spring,0,,
ARR9468,2025,AVN,5,6,F,63,,10.74,153,15:35,ABP,spring,1,"was caught next to nestbox, so not sure if there are actually two females here",net
BFE7141,2025,SPD,2,6,M,65,,11.46,153,18:21,MS,spring,0,,
BFE7142,2025,SPD,2,6,F,60,,11.34,153,18:21,MS,spring,0,,
BFE7421,2025,SLS,6,6,F,64,,10.51,154,08:20,MS,spring,0,,
ARR9830,2025,SLS,6,6,M,66,,10.82,154,08:20,MS,spring,1,,
ATR0648,2025,SLS,8,6,F,63,,10.64,154,08:52,MS,spring,1,,
BFE7441,2025,CAR,1,6,F,59,,10.92,154,09:35,MS,spring,0,,
