year,site,box,predator_proof,species,visit_frequency,moss,n1,nl,latestfed,latestcc,fed,cc,cs,lastnotinc,fki,clutch swap treatment,extra eggs,hd_1.45,hatching_first_recorded,hatching,number hatched,weight,av.weight,time.of.day.for.hatch.weight,uhe,v1date,v1alive,v1poo,v1time,v1duration,v2date,v2alive,v2poo,v2time,v2duration,dfl,suc,UHE on removal,notes,pine marten (or other predation),2brood/relay,2suc,worms/notes,btworms,distworms,relay,ncs,eggbroke,eggcheck,helper
2014,FOF,1,,bluti,,,98,106,,,114,124,11,,124,,,136,136,,8,10,1.25,,1,142,10,0,07:40,10,148,10,1,11:16,10,156,10,,,,,,1,1,0,,,,,
2014,FOF,2,,bluti,,,118,122,,,126,133,8,,134,,,146,146,,6,7.8,1.3,,0,152,8,1,09:04,10,158,8,3,10:44,10,164,7,,,,,,1,1,0,,,,,
2014,FOF,3,,bluti,,,82,98,,,111,119,9,,120,,,133,134,,5,,,,2,140,6,0,12:01,10,146,6,0,11:15,10,154,6,,,,,,0,0,0.038952914,,,,,
2014,FOF,4,,bluti,,,90,106,,,112,123,12,,134,,,146,146,,9,10.7,1.188888889,,2,152,2,0,09:16,4,158,0,,10:44,,,-999,,predation?,predation,,,0,0,0.057068006,,,,,
2014,FOF,5,,bluti,,,98,108,,,115,122,8,,122,,,136,136,,6,8.6,1.433333333,,2,142,6,0,08:01,10,148,6,0,11:34,10,156,6,,,,,,0,0,0.046579066,,,,,
2014,FOF,6,,bluti,,,98,102,,,109,115,7,,120,,,128,128,,3,,,,1,134,6,0,13:16,5,140,5,2,11:41,10,150,5,,,,,,0,0,0.044221348,,,,,
2014,BAD,1,,bluti,,,96,106,,,113,123,11,,122,,,136,136,,8,7.2,0.9,,0,142,11,1,08:36,10,148,11,2,12:22,10,156,11,,,,,,1,0,0,,,,,
2014,BAD,2,,,,,,,,,,,,,,,,,,,,,,,,,,,,,,,,,,,,,,,,,1,0,0,,,,,
2014,BAD,3,,bluti,,,100,106,,,113,123,11,120,123,,,138,138,,9,8.7,0.966666667,,0,144,11,0,13:52,10,150,11,3,17:22,10,160,11,,,,,,0,0,0.030868075,,,,,
2014,BAD,4,,,,,,,,,,,,,,,,,,,,,,,,,,,,,,,,,,,,,,,,,0,0,0.089177108,,,,,
2014,BAD,5,,bluti,,,100,104,,,110,119,10,,120,,,132,132,,6,,,,1,138,8,0,14:21,7.5,144,8,2,14:10,10,152,8,,,,,,0,0,0.145311357,,,,,
2014,BAD,6,,bluti,,,96,108,,,117,126,10,124,126,,,138,138,,4,,,,1,144,8,0,14:26,10,150,8,3,17:39,10,160,8,,,,,,0,0,0.201375418,,,,,
2014,LVN,1,,bluti,,,92,118,,,124,130,7,,134,,,143,144,,7,12.2,1.742857143,,0,150,7,0,16:37,10,156,7,1,13:49,10,164,7,,,,,,1,1,0,,,,,
2014,LVN,2,,bluti,,,94,124,,,124,133,10,,134,,,146,146,,8,10.2,1.275,,0,152,10,0,10:14,8,158,10,4,12:04,10,166,8,,,,,,1,1,0,,,,,
2014,LVN,3,,bluti,,,116,120,,,126,133,8,,138,,,146,146,,5,6.4,1.28,,1,152,7,0,10:25,10,158,7,2,12:18,8,166,7,,,,,,0,0,0.047618257,,,,,
2014,LVN,4,,,,,78,102,,,,,,,,,,,,,,,,,,,,,,,,,,,,,,,,,,,0,0,0.093731641,,,,,
2014,LVN,5,,bluti,,,104,116,,,121,128,8,,130,,,141,142,,6,10,1.666666667,,2,148,6,0,14:07,10,154,6,5,12:10,10,160,6,,,,,,0,0,0.096284616,,,,,
2014,LVN,6,,,,,,,,,,,,,,,,,,,,,,,,,,,,,,,,,,,,,,,,,0,0,0.074147855,,,,,
2014,GLF,1,,bluti,,,94,100,,,111,119,9,,122,,,133,134,,9,,,,0,140,9,0,14:25,10,146,9,1,14:01,10,152,9,,,,,,1,0,0,,,,,
2014,GLF,2,,bluti,,,98,106,,,121,130,10,,130,,,143,144,,9,13,1.444444444,,0,150,10,0,15:55,10,156,10,3,14:45,10,164,10,,,,,,1,0,0,,,,,
2014,GLF,3,,,,,,,,,,,,,,,,,,,,,,,,,,,,,,,,,,,,,,,,,0,0,0.052060479,,,,,
2014,GLF,4,,bluti,,,96,104,,,110,120,11,,120,,,135,136,,8,13,1.625,,0,142,8,1,10:11,10,148,8,3,15:01,10,154,8,,,,,,0,0,0.076115659,,,,,
2014,GLF,5,,bluti,,,100,104,,,114,123,10,132,134,,,148,148,,4,4.9,1.225,,2,154,8,0,13:52,8,160,8,1,14:38,10,166,5,,,,,,0,0,0.087519554,,,,,
2014,GLF,6,,bluti,,,106,116,,,115,122,8,,124,,,135,136,,7,10.7,1.528571429,,0,142,7,0,10:31,10,148,7,3,15:29,10,156,7,,1 PARENT AT RINGING,,,,0,0,0.067150764,,,,,
2014,MCH,1,,,,,,,,,,,,,,,,,,,,,,,,,,,,,,,,,,,,,,,,,1,0,0,,,,,
2014,MCH,2,,,,,,,,,,,,,,,,,,,,,,,,,,,,,,,,,,,,,,,,,1,0,0,,,,,
2014,MCH,3,,bluti,,,106,108,,,112,120,9,,122,,,135,136,,9,12,1.333333333,,0,142,9,1,11:21,10,148,9,4,16:06,10,156,9,,,,,,0,0,0.036357616,,,,,
2014,MCH,4,,,,,102,,,,,,,,,,,,,,,,,,,,,,,,,,,,,,,,,,,,0,0,0.079506903,,,,,
2014,MCH,5,,bluti,,,106,110,,,113,123,11,122,124,,,137,138,,11,15.8,1.436363636,,0,144,11,1,11:49,10,150,11,5,15:16,10,158,11,,,,,,0,0,0.120384287,,,,,
2014,MCH,6,,bluti,,,100,106,,,111,120,10,120,122,,,134,134,,10,,,,0,140,10,2,15:26,10,146,10,4,15:40,10,152,9,,,,,,0,0,0.171000902,,,,,
2014,PTH,1,,bluti,,,89,103,,,109,119,11,,119,,,132,133,,,,,,0,139,11,1,08:50,10,145,11,5,09:45,10,153,11,,,,,,1,1,0,,,,,
2014,PTH,2,,,,,,,,,,,,,,,,,,,,,,,,,,,,,,,,,,,,,,,,,1,0,0,,,,,
2014,PTH,3,,bluti,,,97,109,,,113,119,7,,123,,,135,135,,,,,,0,141,7,0,09:30,10,147,7,1,10:00,10,157,7,,,,,,0,0,0.037462366,,,,,
2014,PTH,4,,bluti,,,111,115,,,125,129,5,,131,,,144,145,,,,,,0,151,5,1,08:00,10,157,5,1,07:30,10,170,5,,,,,,0,0,0.069441857,,,,,
2014,PTH,5,,,,,,,,,,,,,,,,,,,,,,,,,,,,,,,,,,,,,,,,,0,0,0.076031229,,,,,
2014,PTH,6,,bluti,,,103,109,,,116,125,10,127,129,,,141,141,,,,,,3,147,7,0,09:30,10,153,7,4,10:00,10,161,7,,,,,,0,0,0.077184599,,,,,
2014,STY,1,,bluti,,,92,100,,,107,118,12,,118,,,131,132,,,,,,0,138,12,0,18:30,10,144,12,3,14:20,10,152,12,,,,,,1,1,0,,,,,
2014,STY,2,,,,,100,,,,,,,,,,,,,,,,,,,,,,,,,,,,,,,,,,,,1,0,0,,,,,
2014,STY,3,,,,,,,,,,,,,,,,,,,,,,,,,,,,,,,,,,,,,,,,,0,0,0.043901384,,,,,
2014,STY,4,,,,,,,,,,,,,,,,,,,,,,,,,,,,,,,,,,,,,,,,,0,0,0.08869214,,,,,
2014,STY,5,,bluti,,,98,110,,,112,121,11,,122,,,136,136,,,,,,0,142,11,0,17:30,10,148,11,4,18:30,10,156,11,,,,,,0,0,0.156350956,,,,,
2014,STY,6,,bluti,,,100,108,,,111,122,12,,122,,,135,136,,,,,,0,142,12,0,17:45,10,148,12,1,18:55,13,156,12,,"1 chick left in nest on 161, didn't check ring",,,,0,0,0.208425008,,,,,
2014,BIR,1,,,,,,,,,,,,,,,,,,,,,,,,,,,,,,,,,,,,,,,,,1,0,0,,,,,
2014,BIR,2,,bluti,,,101,117,,,120,127,8,,127,,,140,141,,,,,,0,147,8,1,10:30,10,153,8,3,11:00,10,163,8,,,,,,1,0,0,,,,,
2014,BIR,3,,,,,,,,,,,,,,,,,,,,,,,,,,,,,,,,,,,,,,,,,0,0,0.04298845,,,,,
2014,BIR,4,,bluti,,,99,109,,,116,123,9,125,127,,,138,139,,,,,,0,145,9,1,10:45,10,151,9,5,09:00,10,161,9,,,,,,0,0,0.242466854,,,,,
2014,BIR,5,,,,,,,,,,,,,,,,,,,,,,,,,,,,,,,,,,,,,,,,,0,0,0.27778197,,,,,
2014,BIR,6,,bluti,,,115,123,,,123,133,11,131,133,,,145,145,,,,,,1,151,10,2,09:20,10,157,10,2,08:20,10,165,10,,,,,,0,0,0.301062082,,,,,
2014,DUN,1,,bluti,,,110,120,,,128,141,6,138,144,,,156,156,,,,,,4,162,0,,,,,0,,,,,0,,,,,,1,0,0,,,,,
2014,DUN,2,,,,,,,,,,,,,,,,,,,,,,,,,,,,,,,,,,,,,,,,,1,0,0,,,,,
2014,DUN,3,,,,,,,,,,,,,,,,,,,,,,,,,,,,,,,,,,,,,,,,,0,0,0.030535527,,,,,
2014,DUN,4,,,,,,,,,,,,,,,,,,,,,,,,,,,,,,,,,,,,,,,,,0,0,0.04885854,,,,,
2014,DUN,5,,,,,,,,,,,,,,,,,,,,,,,,,,,,,,,,,,,,,,,,,0,0,0.098598931,,,,,
2014,DUN,6,,,,,,,,,,,,,,,,,,,,,,,,,,,,,,,,,,,,,,,,,0,0,0.079503751,,,,,
2014,BLG,1,,bluti,,,115,123,,,124,132,9,131,133,,,145,145,,,,,,1,151,8,0,10:30,10,157,7,4,09:15,10,165,7,,,,,,0,0,0.173360056,,,,,
2014,BLG,2,,bluti,,,95,109,,,116,125,10,125,127,,,139,139,,,,,,1,145,9,0,12:00,10,151,9,4,10:45,10,161,9,,,,,,0,0,0.131412219,,,,,
2014,BLG,3,,bluti,,,99,109,,,122,141,12,143,143,,,153,153,,,,,,2,159,7,0,08:45,10,165,6,0,10:30,10,174,6,,,,,,0,0,0.114670806,,,,,
2014,BLG,4,,bluti,,,91,105,,,116,124,9,125,127,,,137,137,,,,,,1,143,7,1,10:45,10,149,5,1,08:25,10,157,5,,,,,,0,0,0.076423132,,,,,
2014,BLG,5,,bluti,,,105,111,,,120,127,8,127,129,,,143,143,,,,,,1,149,7,0,08:40,10,155,7,2,09:20,10,163,7,,,,,,1,1,0,,,,,
2014,BLG,6,,bluti,,,105,117,,,129,133,5,,135,,,146,147,,,,,,0,153,5,1,12:15,7,159,5,3,08:20,10,170,5,,,,,,1,1,0,,,,,
2014,KCK,1,,bluti,,,98,112,,,122,130,9,,130,,,144,144,,,,,,0,150,9,0,12:40,10,156,9,4,15:45,10,164,9,,,,,,1,1,0,,,,,
2014,KCK,2,,bluti,,,98,104,,,120,125,6,128,130,,,143,144,,,,,,0,150,6,1,12:50,10,156,6,3,16:00,10,164,6,,,,,,1,0,0,,,,,
2014,KCK,3,,bluti,,,128,130,,,130,136,7,,138,,,150,150,,,,,,2,156,5,1,16:15,10,162,5,1,18:00,10,170,5,,,,,,0,0,0.017383338,,,,,
2014,KCK,4,,,,,,,,,,,,,,,,,,,,,,,,,,,,,,,,,,,,,,,,,0,0,0.063047581,,,,,
2014,KCK,5,,,,,,,,,,,,,,,,,,,,,,,,,,,,,,,,,,,,,,,,,0,0,0.098871802,,,,,
2014,KCK,6,,bluti,,,120,124,,,126,134,9,,134,,,148,148,,,,,,0,154,8,1,17:00,10,160,8,0,16:30,5,170,8,,,,,,0,0,0.135576265,,,,,
2014,BLA,1,,,,,,,,,,,,,,,,,,,,,,,,,,,,,,,,,,,,,,,,,1,0,0,,,,,
2014,BLA,2,,,,,,,,,,,,,,,,,,,,,,,,,,,,,,,,,,,,,,,,,1,0,0,,,,,
2014,BLA,3,,bluti,,,123,127,,,129,134,6,,139,,,147,147,,,,,,0,153,4,0,13:30,5,159,4,0,09:30,5,174,3,,,,,,0,0,0.045588409,,,,,
2014,BLA,4,,bluti,,,95,119,,,120,126,7,127,129,,,141,141,,,,,,0,147,7,0,12:30,10,153,7,0,13:15,10,161,7,,,,,,0,0,0.066701729,,,,,
2014,BLA,5,,,,,,,,,,,,,,,,,,,,,,,,,,,,,,,,,,,,,,,,,0,0,0.0990227,,,,,
2014,BLA,6,,bluti,,,99,123,,,124,133,12,133,135,,,148,149,,,,,,0,155,12,0,11:00,10,161,11,1,10:00,10,174,6,,,,,,0,0,0.13980074,,,,,
2014,CAL,1,,,,,,,,,,,,,,,,,,,,,,,,,,,,,,,,,,,,,,,,,1,0,0,,,,,
2014,CAL,2,,bluti,,,112,114,,,118,,,,,,,,,,,,,,,,,,,,,,,,,,,,,,,,1,0,0,,,,,
2014,CAL,3,,bluti,,,96,116,,,120,133,14,132,134,,,147,148,,,,,,0,154,14,0,16:15,10,160,14,2,15:30,10,166,14,,,,,,0,0,0.02630323,,,,,
2014,CAL,4,,,,,,,,,,,,,,,,,,,,,,,,,,,,,,,,,,,,,,,,,0,0,0.035686181,,,,,
2014,CAL,5,,,,,,,,,,,,,,,,,,,,,,,,,,,,,,,,,,,,,,,,,0,0,0.066459386,,,,,
2014,CAL,6,,,,,,,,,,,,,,,,,,,,,,,,,,,,,,,,,,,,,,,,,0,0,0.069558166,,,,,
2014,DNM,1,,,,,,,,,,,,,,,,,,,,,,,,,,,,,,,,,,,,,,,,,0,0,0.452223028,,,,,
2014,DNM,2,,,,,,,,,,,,,,,,,,,,,,,,,,,,,,,,,,,,,,,,,0,0,0.247158821,,,,,
2014,DNM,3,,,,,,,,,,,,,,,,,,,,,,,,,,,,,,,,,,,,,,,,,0,0,0.160961652,,,,,
2014,DNM,4,,,,,,,,,,,,,,,,,,,,,,,,,,,,,,,,,,,,,,,,,0,0,0.075770219,,,,,
2014,DNM,5,,,,,,,,,,,,,,,,,,,,,,,,,,,,,,,,,,,,,,,,,1,0,0,,,,,
2014,DNM,6,,,,,,,,,,,,,,,,,,,,,,,,,,,,,,,,,,,,,,,,,1,0,0,,,,,
2014,DNC,1,,bluti,,,109,123,,,123,133,11,133,135,,,147,147,,,,,,0,153,11,0,14:45,10,159,11,5,10:40,10,174,11,,,,6,6,1,0,0,,,,,
2014,DNC,2,,,,,119,,,,,,,,,,,,,,,,,,,,,,,,,,,,,,,,,,,,1,0,0,,,,,
2014,DNC,3,,,,,,,,,,,,,,,,,,,,,,,,,,,,,,,,,,,,,,,,,0,0,0.191012476,,,,,
2014,DNC,4,,,,,115,,,,,,,,,,,,,,,,,,,,,,,,,,,,,,,,,,,,0,0,0.354513093,,,,,
2014,DNC,5,,,,,,,,,,,,,,,,,,,,,,,,,,,,,,,,,,,,,,,,,0,0,0.422718802,,,,,
2014,DNC,6,,,,,,,,,,,,,,,,,,,,,,,,,,,,,,,,,,,,,,,,,0,0,0.524690479,,,,,
2014,DLW,1,,,,,,,,,,,,,,,,,,,,,,,,,,,,,,,,,,,,,,,,,1,0,0,,,,,
2014,DLW,2,,,,,,,,,,,,,,,,,,,,,,,,,,,,,,,,,,,,,,,,,1,1,0,,,,,
2014,DLW,3,,,,,110,,,,,,,,,,,,,,,,,,,,,,,,,,,,,,,,,,,,0,0,0.051454989,,,,,
2014,DLW,4,,bluti,,,104,118,,,127,136,11,,136,,,150,150,,,,,,0,156,10,2,14:20,10,162,10,3,16:15,10,170,10,,,,,,0,0,0.109846127,,,,,
2014,DLW,5,,,,,,,,,,,,,,,,,,,,,,,,,,,,,,,,,,,,,,,,,0,0,0.150226675,,,,,
2014,DLW,6,,,,,,,,,,,,,,,,,,,,,,,,,,,,,,,,,,,,,,,,,0,0,0.208318658,,,,,
2014,CRU,1,,bluti,,,106,122,,,125,132,8,,132,,,145,146,,,,,,1,152,7,0,15:45,10,158,6,1,13:15,10,166,5,,,,,,0,0,0.160461153,,,,,
2014,CRU,2,,,,,,,,,,,,,,,,,,,,,,,,,,,,,,,,,,,,,,,,,0,0,0.127026337,,,,,
2014,CRU,3,,,,,102,,,,,,,,,,,,,,,,,,,,,,,,,,,,,,,,,,,,0,0,0.085508275,,,,,
2014,CRU,4,,bluti,,,104,118,,,126,134,9,,134,,,146,146,,,,,,1,152,8,1,15:30,10,158,7,0,13:00,10,170,6,,,,,,0,0,0.039397928,,,,,
2014,CRU,5,,,,,102,,,,,,,,,,,,,,,,,,,,,,,,,,,,,,,,,,,,1,0,0,,,,,
2014,CRU,6,,,,,,,,,,,,,,,,,,,,,,,,,,,,,,,,,,,,,,,,,1,0,0,,,,,
2014,NEW,1,,,,,,,,,,,,,,,,,,,,,,,,,,,,,,,,,,,,,,,,,1,0,0,,,,,
2014,NEW,2,,bluti,,,97,107,,,117,125,9,,125,,,138,139,,,,,,0,145,7,1,15:45,10,151,7,3,13:45,10,159,6,,,,,,1,0,0,,,,,
2014,NEW,3,,,,,,,,,,,,,,,,,,,,,,,,,,,,,,,,,,,,,,,,,0,0,0.068956179,,,,,
2014,NEW,4,,,,,,,,,,,,,,,,,,,,,,,,,,,,,,,,,,,,,,,,,0,0,0.108134445,,,,,
2014,NEW,5,,bluti,,,95,101,,,117,124,9,125,127,,,139,139,,,,,,0,145,9,1,16:15,10,151,9,4,14:15,10,159,9,,,,,,0,0,0.141816522,,,,,
2014,NEW,6,,bluti,,,91,101,,,117,124,8,125,127,,,138,139,,,,,,0,145,8,2,16:00,10,151,8,4,14:30,10,159,8,,,,,,0,0,0.200872359,,,,,
2014,INS,1,,,,,,,,,,,,,,,,,,,,,,,,,,,,,,,,,,,,,,,,,0,0,0.183739561,,,,,
2014,INS,2,,,,,,,,,,,,,,,,,,,,,,,,,,,,,,,,,,,,,,,,,0,0,0.135303376,,,,,
2014,INS,3,,,,,,,,,,,,,,,,,,,,,,,,,,,,,,,,,,,,,,,,,0,0,0.091313732,,,,,
2014,INS,4,,,,,,,,,,,,,,,,,,,,,,,,,,,,,,,,,,,,,,,,,0,0,0.050391074,,,,,
2014,INS,5,,,,,,,,,,,,,,,,,,,,,,,,,,,,,,,,,,,,,,,,,1,0,0,,,,,
2014,INS,6,,bluti,,,120,124,,,125,132,8,,132,,,146,146,,,,,,1,152,7,1,14:45,10,158,7,1,11:45,10,166,7,,,,,,1,0,0,,,,,
2014,FSH,1,,,,,,,,,,,,,,,,,,,,,,,,,,,,,,,,,,,,,,,,,0,0,0.20408249,,,,,
2014,FSH,2,,,,,,,,,,,,,,,,,,,,,,,,,,,,,,,,,,,,,,,,,0,0,0.206031425,,,,,
2014,FSH,3,,bluti,,,98,116,,,120,127,8,,130,,,142,142,,,,,,0,148,8,0,15:00,10,154,8,5,14:00,10,164,8,,,,,,0,0,0.119858261,,,,,
2014,FSH,4,,,,,,,,,,,,,,,,,,,,,,,,,,,,,,,,,,,,,,,,,0,0,0.08873205,,,,,
2014,FSH,5,,bluti,,,96,102,,,117,127,11,126,128,,,140,140,,,,,,0,146,11,0,14:00,10,152,11,2,14:15,10,160,11,,,,,,1,1,0,,,,,
2014,FSH,6,,,,,,,,,,,,,,,,,,,,,,,,,,,,,,,,,,,,,,,,,1,0,0,,,,,
2014,AVI,1,,bluti,,,95,101,,,116,123,8,,125,,,137,137,,,,,,0,143,8,0,13:45,10,149,8,7,11:45,10,157,8,,,,,,1,0,0,,,,,
2014,AVI,2,,,,,,,,,,,,,,,,,,,,,,,,,,,,,,,,,,,,,,,,,1,0,0,,,,,
2014,AVI,3,,,,,,,,,,,,,,,,,,,,,,,,,,,,,,,,,,,,,,,,,0,0,0.061012063,,,,,
2014,AVI,4,,,,,,,,,,,,,,,,,,,,,,,,,,,,,,,,,,,,,,,,,0,0,0.101483248,,,,,
2014,AVI,5,,,,,,,,,,,,,,,,,,,,,,,,,,,,,,,,,,,,,,,,,0,0,0.151772397,,,,,
2014,AVI,6,,,,,,,,,,,,,,,,,,,,,,,,,,,,,,,,,,,,,,,,,0,0,0.199288257,,,,,
2014,CAR,1,,,,,,,,,,,,,,,,,,,,,,,,,,,,,,,,,,,,,,,,,1,0,0,,,,,
2014,CAR,2,,,,,,,,,,,,,,,,,,,,,,,,,,,,,,,,,,,,,,,,,1,0,0,,,,,
2014,CAR,3,,bluti,,,88,100,,,114,121,8,,126,,,136,136,,,,,,2,142,6,1,13:00,10,148,6,2,13:45,7,158,6,,,,,,0,0,0.051843384,,,,,
2014,CAR,4,,,,,,,,,,,,,,,,,,,,,,,,,,,,,,,,,,,,,,,,,0,0,0.050837806,,,,,
2014,CAR,5,,bluti,,,92,100,,,120,125,6,,130,,,141,142,,,,,,0,148,6,1,14:00,10,154,6,3,12:45,10,162,6,,,,,,0,0,0.051859472,,,,,
2014,CAR,6,,,,,,,,,,,,,,,,,,,,,,,,,,,,,,,,,,,,,,,,,0,0,0.070979405,,,,,
2014,TOM,1,,,,,,,,,,,,,,,,,,,,,,,,,,,,,,,,,,,,,,,,,1,0,0,,,,,
2014,TOM,2,,,,,,,,,,,,,,,,,,,,,,,,,,,,,,,,,,,,,,,,,1,0,0,,,,,
2014,TOM,3,,,,,,,,,,,,,,,,,,,,,,,,,,,,,,,,,,,,,,,,,0,0,0.047473463,,,,,
2014,TOM,4,,,,,,,,,,,,,,,,,,,,,,,,,,,,,,,,,,,,,,,,,0,0,0.0928579,,,,,
2014,TOM,5,,,,,,,,,,,,,,,,,,,,,,,,,,,,,,,,,,,,,,,,,0,0,0.143249358,,,,,
2014,TOM,6,,,,,,,,,,,,,,,,,,,,,,,,,,,,,,,,,,,,,,,,,0,0,0.180702114,,,,,
2014,DAV,1,,bluti,,,92,102,,,118,126,9,,126,,,138,138,,,,,,0,144,7,0,09:00,10,150,7,3,08:30,10,160,7,,,,,,1,0,0,,,,,
2014,DAV,2,,,,,,,,,,,,,,,,,,,,,,,,,,,,,,,,,,,,,,,,,1,0,0,,,,,
2014,DAV,3,,,,,,,,,,,,,,,,,,,,,,,,,,,,,,,,,,,,,,,,,0,0,0.043208914,,,,,
2014,DAV,4,,bluti,,,96,110,,,118,126,9,,126,,,139,140,,,,,,1,146,8,3,12:30,7,152,8,1,12:20,10,160,7,,,,,,0,0,0.110488737,,,,,
2014,DAV,5,,bluti,,,96,106,,,127,134,8,130,134,,,147,148,,,,,,0,154,8,0,12:00,10,160,8,1,09:15,10,170,8,,,,,,0,0,0.173712727,,,,,
2014,DAV,6,,bluti,,,94,100,,,106,115,9,,118,,,130,130,,,,,,1,136,8,0,10:30,7,142,7,1,12:00,10,154,6,,,,,,0,0,0.231384348,,,,,
2014,MUN,1,,bluti,,,91,111,,,116,123,8,125,127,,,138,139,,,,,,1,145,7,0,18:45,7,151,1,0,16:50,5,,0,,,,,,1,1,0,,,,,
2014,MUN,2,,bluti,,,95,111,,,119,124,6,,127,,,139,139,,,,,,0,145,6,1,19:00,5,151,6,4,17:00,10,159,6,,,,,,1,1,0,,,,,
2014,MUN,3,,bluti,,,99,111,,,120,129,10,127,129,,,143,143,,,,,,1,149,9,0,15:00,10,155,9,4,16:00,10,170,9,,,,,,0,0,0.083670112,,,,,
2014,MUN,4,,,,,109,,,,,,,,,,,,,,,,,,,,,,,,,,,,,,,,,,,,0,0,0.129430258,,,,,
2014,MUN,5,,,,,117,122,,,,,,,,,,,,,,,,,,,,,,,,,,,,,,,,,,,0,0,0.170836284,,,,,
2014,MUN,6,,bluti,,,107,117,,,122,127,6,,129,,,141,141,,,,,,0,147,3,0,17:00,5,153,3,1,19:00,5,161,2,,,,,,0,0,0.209273917,,,,,
2014,FOU,1,,bluti,,,90,100,,,103,111,10,,114,,,127,128,,,,,,0,134,10,0,09:50,5,140,9,4,11:25,10,146,9,,,,,,1,0,0,,,,,
2014,FOU,2,,bluti,,,96,100,,,111,119,9,,122,,,134,134,,,,,,0,140,9,0,11:05,10,146,9,2,11:10,10,152,9,,,,,,0,0,0.036225386,,,,,
2014,FOU,3,,bluti,,,104,108,,,111,119,9,,126,,,136,136,,,,,,1,142,8,1,11:00,10,148,8,3,12:00,10,156,7,,,,,,1,1,0,,,,,
2014,FOU,4,,,,,92,,,,,,,,,,,,,,,,,,,,,,,,,,,,,,,,,,,,0,0,0.040915467,,,,,
2014,FOU,5,,bluti,,,102,114,,,115,121,7,,124,,,135,136,,,,,,0,142,7,1,10:45,10,148,7,0,11:45,10,156,7,,,,,,0,0,0.052477677,,,,,
2014,FOU,6,,,,,,,,,,,,,,,,,,,,,,,,,,,,,,,,,,,,,,,,,0,0,0.0749029,,,,,
2014,ALN,1,,bluti,,,95,113,,,118,127,10,,127,,,142,143,,,,,,0,149,9,0,16:40,10,155,9,5,16:45,10,161,9,,,,,,1,0,0,,,,,
2014,ALN,2,,,,,97,,,,,,,,,,,,,,,,,,,,,,,,,,,,,,,,,,,,0,0,0.035834831,,,,,
2014,ALN,3,,,,,101,,,,,,,,,,,,,,,,,,,,,,,,,,,,,,,,,,,,0,0,0.073998434,,,,,
2014,ALN,4,,,,,95,,,,,,,,,,,,,,,,,,,,,,,,,,,,,,,,,,,,1,0,0,,,,,
2014,ALN,5,,bluti,,,97,109,,,116,123,9,,125,,,138,139,,,,,,1,145,8,0,19:45,7,151,8,0,18:00,10,159,8,,,,,,0,0,0.039001757,,,,,
2014,ALN,6,,,,,,,,,,,,,,,,,,,,,,,,,,,,,,,,,,,,,,,,,0,0,0.074559549,,,,,
2014,DEL,1,,bluti,,,96,106,,,113,120,8,136,,,,,,,,,,,,,,,,,,,,,,,0,,,,,,0,0,0.050499275,,,,,
2014,DEL,2,,bluti,,,110,114,,,117,124,8,126,128,,,137,138,,,,,,0,144,8,1,08:00,10,150,8,1,07:00,10,156,6,,,,,,0,0,0.063037235,,,,,
2014,DEL,3,,bluti,,,98,106,,,113,121,9,,122,,,134,134,,,,,,0,140,9,0,10:30,10,146,9,3,10:30,10,156,9,,,,,,0,0,0.093393122,,,,,
2014,DEL,4,,bluti,,,102,114,,,115,122,8,,126,,,136,136,,,,,,0,142,8,0,10:00,10,148,8,1,10:45,10,156,8,,,,,,0,0,0.108855687,,,,,
2014,DEL,5,,bluti,,,106,112,,,117,122,6,124,126,,,136,136,,,,,,0,142,6,0,10:15,10,148,6,1,11:00,10,156,6,,,,,,1,0,0,,,,,
2014,DEL,6,,,,,,,,,,,,,,,,,,,,,,,,,,,,,,,,,,,,,,,,,1,0,0,,,,,
2014,TAI,1,,,,,,,,,,,,,,,,,,,,,,,,,,,,,,,,,,,,,,,,,0,0,0.075691936,,,,,
2014,TAI,2,,bluti,,,99,115,,,123,130,8,,131,,,143,143,,,,,,0,149,8,0,18:20,8,155,7,1,18:00,10,,0,,,,,,0,0,0.083654783,,,,,
2014,TAI,3,,bluti,,,105,119,,,121,128,7,,129,,,143,143,,,,,,1,149,6,1,18:10,8,155,6,0,17:45,10,165,4,,,,,,0,0,0.044969101,,,,,
2014,TAI,4,,bluti,,,97,113,,,119,126,8,,127,,,139,139,,,,,,0,145,8,0,20:15,5,151,8,3,18:45,10,161,8,,,,,,1,1,0,,,,,
2014,TAI,5,,bluti,,,91,99,,,106,111,6,,117,,,128,129,,,,,,0,135,5,0,15:45,7,141,5,1,16:30,10,149,5,,,,,,0,0,0.045143595,,,,,
2014,TAI,6,,bluti,,,95,107,,,116,117,,127,,,,,,,,,,,,,,,,,,,,,,,,,,,,,1,1,0,,,,,
2014,DOR,1,,,,,,,,,,,,,,,,,,,,,,,,,,,,,,,,,,,,,,,,,1,1,0,,,,,
2014,DOR,2,,bluti,,,96,102,,,113,120,8,,124,,,136,136,,,,,,0,142,8,1,09:00,10,148,8,1,09:00,10,158,8,,,,,,1,1,0,,,,,
2014,DOR,3,,bluti,,,134,134,,,135,141,7,,142,,,154,154,,,,,,5,160,2,0,07:30,5,166,2,0,06:10,5,170,2,,,,,,0,0,0.113007394,,,,,
2014,DOR,4,,,,,,,,,,,,,,,,,,,,,,,,,,,,,,,,,,,,,,,,,0,0,0.17125612,,,,,
2014,DOR,5,,bluti,,,96,110,,,116,123,9,126,128,,,142,142,,,,,,0,148,9,0,09:30,10,154,9,0,09:20,10,162,3,10,,,,,0,0,0.220652986,,,,,
2014,DOR,6,,bluti,,,88,112,,,116,121,6,126,128,,,142,142,,,,,,2,148,4,0,09:20,7,154,4,2,09:00,5,162,4,,,,,,0,0,0.26865437,,,,,
2015,EDI,1,,bluti,,101,107,115,,,116,124,9,"121 - 6, 123 - 8, 125 - 9",127,,,,,,,,,,,,,,,,,,,,,,0,,deserted,,,,,,,,,,,
2015,EDI,2,,bluti,,,95,103,,,113,,9,"119-7, 121 - 9, 123 - 9",125,,,138,139,,,,1.76,,0,145,9,0,12:21,10,151,8,1,09:36,10,,7,,,,,,,,,,,,,
2015,EDI,3,,bluti,,95,97,103,,,113,119,7,"119-7, 121 - 7, 123 - 7, 125 - 7",127,,,138,139,,,,1.55,,0,145,7,2,12:35,10,151,6,3,10:06,10,,0,,,,,,,,,,,,,
2015,EDI,4,,bluti,,,87,107,,,117,126,9,"123 - 6, 125 - 8",127,,,141,141,,,,1.255714286,,1,147,7,0,18:40,10,153,7,0,09:01,10,,7,,,,,,,,,,,,,
2015,EDI,5,,bluti,,91,93,101,,,124,133,8,131-6,133,,,147,147,,,,1.44,,0,153,7,0,09:14,8,159,7,0,18:24,10,167,0,,,,,,,,,,,,,
2015,EDI,6,,bluti,,97,99,109,,,136,142,7,"139 - 4, 143 - 7",145,,,156,157,,,,1.548571429,,0,163,7,0,14:41,10,169,7,2,15:41,10,,6,,,,,,,,,,,,,
2015,RSY,1,,bluti,,96,98,108,,,114,121,8,"120-7, 124 - 8, 126-8, 128 - 8",130,,,140,140,,,,1.337142857,,0,146,6,0,08:42,10,152,3,0,08:08,5,,0,,,,,,,,,,,,,
2015,RSY,2,,bluti,,110,112,116,,,117,127,11,"126-10, 128 - 11, 130 - 11, 132-11",134,,,146,146,,,,,,0,152,11,0,08:15,10,158,5,0,08:56,6,168,0,,,,,,,,,,,,,
2015,RSY,3,,bluti,,98,100,120,,,131,136,7,"134 - 4, 136-7, 138-7, 140-6?",142,,,154,154,,,,0.986,,1,160,2,0,09:07,4,166,0,,,,,0,,,,,,,,,,,,,
2015,RSY,4,,bluti,,128,130,134,,,136,141,6,140-5,142,,,156,156,,,,1.114,,1,162,3,0,10:28,10,168,0,,,,,0,,,,,,,,,,,,,
2015,RSY,5,,bluti,,108,116,128,,,128,135,8,"134 - 7, 136 - 8, 138-8",140,,,150,150,,,,0.843333333,,,156,0,,,,,,,,,,0,,,,,,,,,,,,,
2015,RSY,6,,bluti,,110,112,124,,,126,135,9,"132-6, 134 - 8",136,,,150,150,,,,-,,6,156,3,0,08:00,5,162,3,1,10:40,10,172,2,,,,,,,,,,,,,
2015,FOF,1,,bluti,,88,94,108,,,116,,9,"122 - 7, 124 - 9, 126-9",128,,,138,138,,,,0.99,,0,144,9,2,08:02,10,150,9,1,09:22,10,163,3,,,,,,,,,,,,,
2015,FOF,2,,bluti,,100,108,116,,,117,,8,"122 - 6, 124 - 8, 126-8, 128 - 8, 130 - 8",132,,,143,144,,,,1.77125,,0,150,8,0,09:36,10,156,8,0,08:27,10,163,8,,,,,,,,,,,,,
2015,FOF,3,,bluti,,104,108,116,,,122,127,6,126-5,128,,,140,140,,,,-,,0,146,6,1,09:22,10,152,6,0,09:02,10,160,6,,,,,,,,,,,,,
2015,FOF,4,,bluti,,100,108,122,,,130,138,8,"134 - 4, 136 - 6, 138-8, 140-8",142,,,152,152,,,,1.02,,0,158,8,0,09:29,10,163,0,,,,,0,,,,,,,,,,,,,
2015,FOF,5,,bluti,,96,98,116,,,116,122,7,"122 - 7, 124 - 7, 126-7, 128 - 7",130,,,140,140,,,,1.094,,0,146,7,1,09:36,10,152,7,2,09:18,10,160,7,,,,,,,,,,,,,
2015,FOF,6,,bluti,,,96,108,,,116,124,6,"122 - 4,126-6, 128-6",130,,,141,142,,,,1.34,,1,148,5,0,08:42,10,154,5,3,12:49,10,160,4,,,,,,,,,,,,,
2015,BAD,1,,bluti,6 -10 days,,,,,,,,8,,,,,144,144,,1,,,,1,150,7,0,15:30,10,,,,,,,0,,,,,,,,,,,,,
2015,BAD,2,,bluti,6 -10 days,,,,,,,,5,,,,,146,146,,5,5.96,1.192,,0,152,5,0,14:29,10,,,,,,,5,,,,,,,,,,,,,
2015,BAD,3,,bluti,6 -10 days,,,,,,,,6,,,,,152,152,,5,5.98,1.196,,1,158,5,0,10:35,6,,,,,,,3,,,,,,,,,,,,,
2015,BAD,4,,bluti,6 -10 days,,,,,,,,8,,,,,146,146,,5,5.43,1.086,,2,152,6,1,14:43,10,,,,,,,6,,,,,,,,,,,,,
2015,BAD,5,,bluti,6 -10 days,,,,,,,,7,,,,,150,150,,6,7.98,1.33,15:40,1,156,6,0,09:27,8,,,,,,,5,,,,,,,,,,,,,
2015,LVN,1,,bluti,,96,116,122,,,128,140,7,"134 - 1, 136 - 3, 138-5",140,,,154,154,,,,,,1,160,5,0,10:12,10,,,,,,,0,,,,,,,,,,,,,
2015,LVN,2,,bluti,,88,100,108,,,116,119,4,"122 - 4, 124 - 4",126,,,140,140,,,,,,0,146,4,0,10:02,10,152,4,2,13:37,10,160,4,,,,,,,,,,,,,
2015,LVN,3,,bluti,,88,108,116,,,,,,,,,,,,,,,,,,,,,,,,,,,,,,,,,,,,,,,,,,
2015,LVN,4,,bluti,,86,88,108,,,118,130,8,"124 - 3, 126-4, 128-6, 130 - 8, 132-8",134,,,144,144,,,,,,1,150,7,0,08:05,10,156,7,2,10:04,10,166,7,,,,,,,,,,,,,
2015,LVN,5,,bluti,,98,100,108,,,119,125,7,,126,,,139,140,,,,,,1,146,6,0,09:50,10,152,6,3,13:49,10,160,5,,,,,,,,,,,,,
2015,LVN,6,,bluti,,98,104,108,,,116,123,7,"122 - 6, 124 - 7,126-7, 128-7, 130 - 7",132,,,142,142,,,,,,1,148,6,0,10:01,10,154,6,1,09:12,10,164,6,,,,,,,,,,,,,
2015,GLF,1,,bluti,,97,99,113,,,117,,11,"121 - 1!, 123 - 2, 125 - 4, 127 - 4, 129-8, 131-9",133,,,147,147,,,,,,5,153,6,0,10:35,10,159,5,0,17:01,10,167,5,,,,,,,,,,,,,
2015,GLF,2,,bluti,,111,113,117,,,121,127,7,,127,,,141,141,,,,,,2,147,5,0,17:05,6,153,0,,,,,0,,,,,,,,,,,,,
2015,GLF,3,,bluti,,99,101,117,,,130,,5,133 - 4,137,,,147,147,,,,,,0,153,3,0,10:50,10,159,3,0,17:15,10,167,3,,,,,,,,,,,,,
2015,GLF,4,,bluti,,83,87,101,,,117,,9,"123 - 5, 125 - 6, 127 - 8, 129-9",131,,,143,143,,,,,,2,149,7,2,12:30,10,155,7,3,10:37,10,,5,,,,,,,,,,,,,
2015,GLF,5,,bluti,,,109,115,,,125,132,7,131-5,133,,,147,147,,,,,,1,153,5,1,11:12,10,159,5,2,17:30,10,167,4,,,,,,,,,,,,,
2015,GLF,6,,bluti,,,99,115,,,117,127,11,"123 - 7, 125 - 9",127,,,141,141,,,,,,7,147,4,1,17:25,6,153,4,1,11:30,10,,4,,,,,,,,,,,,,
2015,SER,1,,bluti,,,85,100,,,110,122,10,121 - 9,124,,,134,136,,,,,,4,139,6,0,14:17,10,146,3,0,11:40,10,,2,,,,,,,,,,,,,
2015,SER,2,,bluti,,,104,112,,,125,133,9,127 - 3,133,,,146,146,,,,,,3,153,5,0,12:24,6,159,3,0,16:15,6,166,2,,,,,,,,,,,,,
2015,SER,3,,bluti,,,85,103,,,113,121,9,121 - 9,124,,,136,136,,,,,,1,142,6,0,10:15,10,149,6,2,11:57,10,,6,,,,,,,,,,,,,
2015,SER,4,,bluti,,83,93,113,,,116,135,12,"124 - 7, 125 - 7, 127 - 7, 129-7, 133 - 10",136,,,147,147,,,,,,1,153,10,0,12:35,10,159,0,,,,,0,,,,,,,,,,,,,
2015,SER,5,,bluti,,,109,117,,,117,133,14,"124 - 5, 125 - 5, 127 - 5, 127-7",133,,,147,147,,,,,,1,153,13,0,12:49,10,159,0,,,,,0,,,,,,,,,,,,,
2015,SER,6,,bluti,,79,81,100,,,115,126,9,"121 - 6, 124 - 8, 125 - 8",127,,,141,141,,,,,,0,147,9,2,15:58,10,153,9,4,13:06,10,159,9,,,,,,,,,,,,,
2015,MCH,1,,bluti,sporadic,,,,,,,,5,,,,,,144,,5,33.75,6.75,,0,144,5,0,09:58,9,,,,,,,5,,,,,,,,,,,,,
2015,MCH,2,,bluti,sporadic,,,,,,,,8,,,,,147,148,,1,2.07,2.07,,5,161,0,,,,,,,,,,0,3,,,,,,,,,,,,
2015,MCH,3,,bluti,sporadic,,,,,,,,7,,,,,,144,,7,29.3,4.185714286,,0,144,7,0,10:11,10,,,,,,,7,,"broken egg on 131, fledging inferred from notes on sheet rather than books",,,,,,,,,,,
2015,MCH,4,,,sporadic,,,,,,,,,,,,,,,,,,,,,,,,,,,,,,,,,,,,,,,,,,,,,
2015,MCH,6,,bluti,sporadic,,,,,,,,8,,,,,,144,,7,20.47,2.924285714,,1,146,7,0,12:22,10,,,,,,,7,,,,,,,,,,,,,
2015,PTH,1,,bluti,,,98,108,,,112,123,8,120-5,124,,,138,138,,,,,,0,144,8,0,11:52,10,150,8,5,09:47,10,160,8,,,,,,,,,,,,,
2015,PTH,2,,bluti,,,98,118,,,118,137,13,"124 - 6, 128 - 7 (v. deeply buried), 130, 132 -5+, 134 - 7, 136 - 8, 138-9",140,,,150,150,,,,,,6,156,7,1,12:48,10,162,7,0,12:54,10,174,2,,,,,,,,,,,,,
2015,PTH,3,,bluti,,88,94,112,,,116,122,7,"124 - 7, 126-7, 128-7, 130 - 7",132,,,142,142,,,,,,0,148,7,0,11:53,10,154,7,4,10:58,10,164,7,,,,,,,,,,,,,
2015,PTH,4,,bluti,,98,110,116,,,124,132,7,"130 - 5, 132-7, 134 - 7",136,,,146,146,,,,,,0,152,7,1,08:50,10,158,7,0,09:36,10,168,7,,fledging inferred from sheet rather than book.,,,,,,,,,,,
2015,PTH,5,,bluti,,,104,114,,,118,127,6,"124 - 4, 126-5, 128-6, 130 - 6",132,,,143,144,,,,,,0,150,6,2,09:22,10,156,6,4,12:32,10,164,6,,,,,,,,,,,,,
2015,PTH,6,,bluti,,110,114,116,,,129,134,5,134 - 5,136,,,148,148,,,,,,1,154,4,1,10:45,6,160,4,4,11:40,10,168,4,,,,,,,,,,,,,
2015,STY,1,,bluti,,,133,135,,,135,141,7,,141,,,154,155,,,,,,1,161,6,1,12:24,10,167,5,1,13:35,10,175,5,,,,,,,,,,,,,
2015,STY,2,,bluti,,97,101,139,,,142,,6,"145-4, 147 - 7",149,,,,,,,,,,,,,,,,,,,,,,0,,deserted,,,,,,,,,,,
2015,STY,3,,bluti,,97,101,107,,,118,125,8,"123 - 6, 125 - 8",127,,,139,139,,,,,,0,145,6,0,10:08,10,151,6,1,13:24,10,161,5,,,,,,,,,,,,,
2015,STY,4,,bluti,,,133,135,,,135,140,6,,141,,,155,155,,,,,,0,161,1,0,12:43,3,,,,,,,0,,,,,,,,,,,,,
2015,STY,5,,bluti,,,97,109,,,113,125,11,"119-6, 121 - 8, 123 - 8, 125 - 11",127,,,142,143,,,,,,0,149,4,0,10:42,6,,,,,,,0,,,,,,,,,,,,,
2015,STY,6,,bluti,,,97,103,,,113,126,10,"119-7, 121 - 9, 123 - 9, 125 - 9",127,,,140,141,,,,,,0,147,9,0,14:48,10,153,0,,,,,0,,,,,,,,,,,,,
2015,BIR,1,,bluti,6 -10 days,,,,,,,,6,,,,,148,148,,5,6.8,1.36,,1,154,5,0,10:32,10,,,,,,,5,,,,,,,,,,,,,
2015,BIR,2,,bluti,6 -10 days,,,,,,,,7,,,,,147,148,,7,13.31,1.901428571,,0,154,7,1,10:43,10,,,,,,,7,,? 3 unhatched eggs on nest clear out in 2018,,,,,,,,,,,
2015,BIR,3,,bluti,6 -10 days,,,,,,,,6,,,,,154,154,,3,3.14,1.046666667,10:53,0,160,6,0,11:26,10,,,,,,,4,,,,,,,,,,,,,
2015,BIR,4,,bluti,6 -10 days,,,,,,,,8,,,,,153,154,,8,13.48,1.685,,0,160,8,0,13:18,8,,,,,,,0,,,,,,,,,,,,,
2015,BIR,5,,bluti,6 -10 days,,,,,,,,7,,,,,150,150,,3,4.27,1.423333333,,0,156,5,0,13:47,8,,,,,,,2,,,,,,,,,,,,,
2015,BIR,6,,bluti,6 -10 days,,,,,,,,8,,,,,153,154,,7,11.75,1.678571429,,0,160,8,1,13:29,8,,,,,,,5,,,,,,,,,,,,,
2015,DUN,1,,,,,,,,,,,,,,,,,,,,,,,,,,,,,,,,,,,,,,,,,,,,,,,,
2015,DUN,2,,,,,,,,,,,,,,,,,,,,,,,,,,,,,,,,,,,,,,,,,,,,,,,,
2015,DUN,3,,bluti,,125,129,,,,135,,6,"139 - 5, 141-6",143,,,,,,,,,,,,,,,,,,,,,,0,,abandoned,,,,,,,,,,,
2015,DUN,4,,bluti,,97,99,107,,,117,126,7,"123 - 5, 125 - 6, 127 - 7, 129-7, 131-7, 133 - 7, 137-7",139,,,150,151,,,,,,0,157,7,0,10:15,10,163,7,0,12:00,10,173,7,,,,,,,,,,,,,
2015,DUN,5,,,,105,107,,,,,,,,,,,,,,,,,,,,,,,,,,,,,,,,,,,,,,,,,,,
2015,DUN,6,,bluti,,,107,113,,,122,130,7,"127 - 6, 129-6, 131-7",133,,,145,145,,,,,,0,151,7,0,12:29,10,157,0,,,,,0,,,,,,,,,,,,,
2015,BLG,1,,bluti,,108,122,134,,,135,142,8,140-6,142,,,154,154,,,,,,0,160,7,0,14:01,10,166,2,0,16:14,4,174,1,,,,,,,,,,,,,
2015,BLG,2,,bluti,,96,98,108,,,123,126,4,,130,,,144,144,,,,,,0,150,4,1,11:29,10,156,4,0,14:31,10,164,4,,,,,,,,,,,,,
2015,BLG,3,,bluti,,94,96,110,,,118,126,9,"124 - 7, 126-9",128,,,140,140,,,,,,0,146,9,0,13:03,10,152,9,4,11:05,10,164,9,,,,,,,,,,,,,
2015,BLG,4,,bluti,,84,88,110,,,116,123,8,122 - 7,124,,,136,136,,,,,,0,142,8,0,12:10,10,148,8,1,14:15,10,158,8,,,,,,,,,,,,,
2015,BLG,5,,bluti,,98,100,116,,,119,,7,"124 - 3, 126-3, 128-1?",130,,,152,152,,,,,,2,158,4,0,11:30,10,164,4,2,13:07,8,172,4,,COAL TIT?,,,,,,,,,,,
2015,BLG,6,,bluti,,98,100,110,,,117,,5,124 - 5,126,,,139,140,,,,,,0,146,5,0,12:42,10,152,5,2,10:47,10,160,5,,,,,,,,,,,,,
2015,KCK,1,,bluti,,101,107,121,,,127,136,9,"133 - 6, 135 - 8, 137-9",139,,,151,151,,,,,,1,157,8,1,08:21,10,161,0,,,,,0,,,,,,,,,,,,,
2015,KCK,2,,bluti,,,135,137,,,138,143,5,"141-3,145-5",147,,,159,159,,,,,,1,165,4,0,12:27,10,,,,,,,0,,,,,,,,,,,,,
2015,KCK,3,,,,125,127,,,,,,,,,,,,,,,,,,,,,,,,,,,,,,,,,,,,,,,,,,,
2015,KCK,4,,bluti,,113,115,131,,,131,135,5,,137,,,151,151,,,,,,0,157,5,0,08:38,10,163,5,3,10:45,10,173,5,,,,,,,,,,,,,
2015,KCK,5,,bluti,,111,113,121,,,133,,5,"137-2, 139 - 4",141,,,155,155,,,,,,2,161,3,0,09:11,10,167,3,0,11:02,8,175,3,,,,,,,,,,,,,
2015,KCK,6,,,,,,,,,,,,,,,,,,,,,,,,,,,,,,,,,,,,,,,,,,,,,,,,
2015,KCZ,1,,,,111,,,,,,,,,,,,,,,,,,,,,,,,,,,,,,,,,,,,,,,,,,,,
2015,KCZ,2,,,,89,,,,,,,,,,,,,,,,,,,,,,,,,,,,,,,,,,,,,,,,,,,,
2015,KCZ,3,,bluti,,,127,not lined at 141,,,141,147,7,145-5,147,,,158,159,,,,,,0,165,7,1,13:20,10,171,7,2,11:00,10,286,7,,,,,,,,,,,,,
2015,KCZ,4,,bluti,,105,107,119,,,123,134,9,"127 - 4,129-6, 131-8, 133 - 9",135,,,147,147,,,,,,0,153,9,0,09:52,10,159,9,2,13:08,10,169,9,,,,,,,,,,,,,
2015,KCZ,5,,bluti,,109,113,119,,,128,136,8,"133 - 5, 135-7, 137-8",139,,,151,151,,,,,,1,157,7,1,08:59,10,163,7,1,11:07,10,173,7,,,,,,,,,,,,,
2015,KCZ,6,,bluti,,127,129,133,,,135,142,8,"139 - 5, 141-7",143,,,155,155,,,,,,1,161,7,1,10:03,10,167,7,0,11:23,10,173,7,,,,,,,,,,,,,
2015,BLA,1,,bluti,,106,108,112,,,120,132,8,"126-3, 128-4, 130 - 6, 132-8, 134 - 8",136,,,148,148,,,,,,3,154,5,0,13:27,10,160,5,3,14:47,10,168,5,,,,,,,,,,,,,
2015,BLA,2,,bluti,,,94,126,,,130,,7,"134 - 5, 136 - 7, 138-7",140,,,152,152,,,,,,0,158,7,0,12:16,10,164,7,0,14:39,10,174,5,,,,,,,,,,,,,
2015,BLA,3,,bluti,,100,116,,,,,,,,,,,,,,,,,,,,,,,,,,,,,,,,missed hatch date,,,,,,,,,,,
2015,BLA,4,,bluti,,,118,120,,,122,135,8,"128-2, 130 - 3, 132-5, 134 - 7",136,,,151,152,,,,,,1,158,7,0,12:47,10,164,7,1,14:53,10,172,7,,,,,,,,,,,,,
2015,BLA,5,,bluti,,,94,108,,,125,132,8,130 - 6,132,,,147,148,,,,,,1,154,7,0,13:48,10,160,4,2,15:30,10,168,4,,,,,,,,,,,,,
2015,BLA,6,,bluti,,94,96,108,,,117,,7,"124 - 7, 126-7",128,,,140,140,,,,,,0,146,6,0,14:32,10,152,6,4,12:37,10,160,6,,,,,,,,,,,,,
2015,CAL,1,,bluti,,99,101,109,,,113,125,13,"119-7, 121 - 9, 123 - 11, 125 - 13, 127 - 13",129,,,141,141,,,,,,0,147,13,0,09:33,10,153,11,2,08:28,10,163,10,,,,,,,,,,,,,
2015,CAL,2,,,,101,,,,,,,,,,,,,,,,,,,,,,,,,,,,,,,,,,,,,,,,,,,,
2015,CAL,3,,,,101,,,,,,,,,,,,,,,,,,,,,,,,,,,,,,,,,,,,,,,,,,,,
2015,CAL,4,,bluti,,,101,107,,,122,128,7,"127 - 6, 129-7, 131-7",133,,,145,145,,,,,,0,151,7,1,10:32,10,157,7,0,07:47,10,167,7,,,,,,,,,,,,,
2015,CAL,5,,,,107,,,,,,,,,,,,,,,,,,,,,,,,,,,,,,,,,,,,,,,,,,,,
2015,CAL,6,,,,,,,,,,,,,,,,,,,,,,,,,,,,,,,,,,,,,"4 eggs found on 131, fed back calculated",,,,,,,,,,,
2015,DNM,1,,,,100,108,,,,,,,,,,,,,,,,,,,,,,,,,,,,,,,,,,,,,,,,,,,
2015,DNM,2,,bluti,,,100,112,,,117,127,10,"122 - 6, 124 - 8, 126-9,128-10, 130 - 10",132,,,144,144,,,,,,0,150,0,,,,,,,,,,0,,"2 dead on ground at NB tree, at least 4 dead in nest box on 159 more dead but unattainable",,,,,,,,,,,
2015,DNM,3,,,,114,,,,,,,,,,,,,,,,,,,,,,,,,,,,,,,,,,,,,,,,,,,,
2015,DNM,4,,bluti,,,104,120,,,122,136,10,"128-2, 130 - 4, 132-6, 134 - 8, 136 - 10, 138-10",140,,,150,150,,,,,,0,156,7,0,15:54,8,162,6,1,15:24,10,174,6,,found dead on 155,,,,,,,,,,,
2015,DNM,5,,,,,,,,,,,,,,,,,,,,,,,,,,,,,,,,,,,,,,,,,,,,,,,,
2015,DNM,6,,,,104,108,144,,,,,,,,,,,,,,,,,,,,,,,,,,,,,,,,,,,,,,,,,,
2015,DNC,1,,bluti,,106,130,132,,,135,144,10,142 - 7,144,,,158,158,,,,,,1,164,9,0,16:21,10,170,0,,,,,0,,,,,,,,,,,,,
2015,DNC,2,,bluti,,102,108,116,,,,,,,,,,,,,,,,,,,,,,,,,,,,,,,,,,,,,,,,,,
2015,DNC,3,,,,104,106,,,,,,,,,,,,,,,,,,,,,,,,,,,,,,,,,,,,,,,,,,,
2015,DNC,4,,,,,,,,,,,,,,,,,,,,,,,,,,,,,,,,,,,,,,,,,,,,,,,,
2015,DNC,5,,bluti,,98,102,116,,,123,,10,"130 - 5, 132-7, 134 - 8, 136 - 10, 138-10",138,,,151,152,,,,,,0,158,6,0,14:00,10,164,6,0,15:57,10,174,6,,,,,,,,,,,,,
2015,DNC,6,,,,,,,,,,,,,,,,,,,,,,,,,,,,,,,,,,,,,,,,,,,,,,,,
2015,DNS,1,,bluti,,,108,116,,,131,,7,,138,,,152,152,,,,,,0,158,7,0,14:58,10,164,3,0,17:01,6,172,3,,,,,,,,,,,,,
2015,DNS,2,,,,,128,,,,,,,,,,,,,,,,,,,,,,,,,,,,,,,,,,,,,,,,,,,
2015,DNS,3,,,,108,,,,,,,,,,,,,,,,,,,,,,,,,,,,,,,,,,,,,,,,,,,,
2015,DNS,4,,,,,,,,,,,,,,,,,,,,,,,,,,,,,,,,,,,,,,,,,,,,,,,,
2015,DLW,1,,bluti,,99,105,119,,,127,137,10,"131 - 4, 133-6, 135 - 6+, 137-10, 139-10",141,,,151,151,,,,,,0,157,5,0,06:55,10,163,5,0,09:19,10,173,5,,,,,,,,,,,,,
2015,DLW,2,,,,,,,,,,,,,,,,,,,,,,,,,,,,,,,,,,,,,"on sheet but not in book, but confrimed by Kat",,,,,,,,,,,
2015,DLW,3,,,,,,,,,,,,,,,,,,,,,,,,,,,,,,,,,,,,2,,,,,,,,,,,,
2015,DLW,4,,,,,,,,,,,,,,,,,,,,,,,,,,,,,,,,,,,,,,,,,,,,,,,,
2015,DLW,5,,bluti,,107,113,,,,,,,,,,,,,,,,,,,,,,,,,,,,,,,0,,,,,,,,,,,,
2015,DLW,6,,bluti,,,107,109,,,115,124,10,"121, 123 - 9, 125 - 10, 127 - 10",129,,,138,139,,,,,,0,145,8,0,07:20,10,151,0,,,,,0,8,-2nd brood?,,,,,,,,,,,
2015,CRU,1,,,,111,,,,,,,,,,,,,,,,,,,,,,,,,,,,,,,,,,,,,,,,,,,,
2015,CRU,2,,bluti,,,113,143,,,144,148,5,"151 - 5, 153-5, 155 - 5, 157 - 5",155,,,166,167,,,,,,0,173,5,2,08:47,10,180,5,2,13:28,6,286,5,,,,,,,,,,,,,
2015,CRU,3,,bluti,,113,119,133,,,134,140,7,"137 - 4, 139-6",141,,,157,157,,,,,,6,163,1,0,09:25,4,169,1,0,07:25,4,180,0,,,,,,,,,,,,,
2015,CRU,4,,,,,,,,,,,,,,,,,,,,,,,,,,,,,,,,,,,,,,,,,,,,,,,,
2015,CRU,5,,,,109,,,,,,,,,,,,,,,,,,,,,,,,,,,,,,,,,,,,,,,,,,,,
2015,CRU,6,,bluti,,107,113,129,,,132,138,7,"134 - 3, 137 - 6, 139-7, 141-7",143,,,153,153,,,,,,2,159,5,0,08:19,8,165,4,3,09:15,8,180,4,,,,,,,,,,,,,
2015,NEW,1,,,,,,,,,,,,,,,,,,,,,,,,,,,,,,,,,,,,,,,,,,,,,,,,
2015,NEW,2,,bluti,,88,92,102,,,112,119,8,120 - 8,122,,,135,136,,,,,,0,142,8,0,15:04,10,148,8,1,15:39,10,154,5,,,,,,,,,,,,,
2015,NEW,3,,bluti,,106,108,112,,,116,123,7,122-6,124,,,137,138,,,,,,0,144,7,0,17:28,10,150,7,0,15:08,10,,0,,,,,,,,,,,,,
2015,NEW,4,,,,,,,,,,,,,,,,,,,,,,,,,,,,,,,,,,,,1,v2duration short due to rain ,,,,,,,,,,,
2015,NEW,5,,bluti,,,110,116,,,126,131,6,,132,,,144,144,,,,,,1,150,5,0,15:26,10,156,2,0,18:48,6,170,2,,,,,,,,,,,,,
2015,NEW,6,,bluti,,,114,118,,,120,126,8,124 - 5,126,,,141,142,,,,,,0,148,8,0,16:00,10,154,5,0,15:43,10,164,5,,,,,,,,,,,,,
2015,INS,1,,,,,130,134,,,136,,,"142-2, 144 - 2, 146 - 2",,,,,,,,,,,,,,,,,,,,,,,,,deserted,,,,,,,,,,,
2015,INS,2,,,,,,,,,,,,,,,,,,,,,,,,,,,,,,,,,,,,,,,,,,,,,,,,
2015,INS,3,,,,122,,,,,,,,,,,,,,,,,,,,,,,,,,,,,,,,,,,,,,,,,,,,
2015,INS,4,,,,108,114,122,,,,,,,,,,,,,,,,,,,,,,,,,,,,,,,,,,,,,,,,,,
2015,INS,5,,,,128,,,,,,,,,,,,,,,,,,,,,,,,,,,,,,,,,,,,,,,,,,,,
2015,INS,6,,bluti,,110,114,120,,,129,138,9,"132 - 4, 134-6, 136 - 7+, 138 - 9?, 140-10, 142-10",144,,,157,158,,,,,,0,164,0,,,,,,,,,,0,,,,,,,,,,,,,
2015,FSH,1,,,,,,,,,,,,,,,,,,,,,,,,,,,,,,,,,,,,,,,,,,,,,,,,
2015,FSH,2,,bluti,,100,102,112,,,127,136,9,"132 - 5, 134 - 7",136,,,150,150,,,,,,0,156,8,0,15:54,10,162,7,1,12:35,10,172,4,,,,,,,,,,,,,
2015,FSH,3,,bluti,,100,126,130,,,132,,5,,140,,,153,154,,,,,,0,160,5,1,14:35,10,166,5,2,13:33,10,172,5,,,,,,,,,,,,,
2015,FSH,4,,bluti,,,108,120,,,121,127,7,126 - 6,128,,,144,144,,,,,,0,150,6,0,14:20,10,156,0,,,,,-999,,"Eggs cold on 138, weasel",pine marten,,,,,,,,,,
2015,FSH,5,,bluti,,104,108,120,,,123,131,9,"126 - 4, 128 - 6, 130-8",132,,,146,146,,,,,,0,152,5,0,17:14,6,158,4,1,16:43,10,162,-999,,weasel,pine marten,,,,,,,,,,
2015,FSH,6,,bluti,,,96,116,,,126,131,6,,132,,,144,144,,,,,,0,150,4,0,14:01,10,156,4,0,15:33,8,162,-999,,weasel,pine marten,,,,,,,,,,
2015,RTH,1,,,,114,,,,,,,,,,,,,,,,,,,,,,,,,,,,,,,,,,,,,,,,,,,,
2015,RTH,2,,bluti,,98,106,116,,,128,136,8,"132 - 4, 134-6",136,,,150,150,,,,,,0,156,8,0,14:59,10,162,8,5,12:01,10,172,8,2,,,,,,,,,,,,
2015,RTH,3,,bluti,,104,112,120,,,128,,8,"132 - 3, 134-4, 136 - 6",138,,,154,154,,,,,,0,160,8,0,13:44,10,166,7,5,13:05,10,174,7,7,"cold on 131, ABANDONNED",,,,,,,,,,,
2015,RTH,4,,,,110,114,,,,,,,,,,,,,,,,,,,,,,,,,,,,,,,,A new pair moved in and got rid of the first egg?,,,,,,,,,,,
2015,RTH,5,,,,,,,,,,,,,,,,,,,,,,,,,,,,,,,,,,,,,,,,,,,,,,,,
2015,RTH,6,,,,,,,,,,,,,,,,,,,,,,,,,,,,,,,,,,,,,,,,,,,,,,,,
2015,AVI,1,,bluti,,,127,129,,,130,,,"137 - 2+, 139-2, 141-2, 143 - 2, 145 - 2",,,,,,,,,,,,,,,,,,,,,,,,,deserted,,,,,,,,,,,
2015,AVI,2,,bluti,,,115,119,,,121,127,7,"125 - 5, 127 - 7, 129-7",131,,,142,143,,,,,,2,149,5,1,08:54,10,155,5,2,08:40,10,167,5,,ONE UNACCOUNTED FOR WHEN REST DEAD AT FLEDGING CHECK- COULD BE IN NEST THOUGH,,,,,,,,,,,
2015,AVI,3,,bluti,,105,111,119,,,122,129,8,"125 - 4, 127 - 6, 129-8",131,,,144,145,,,,,,0,151,8,1,11:31,10,157,8,6,10:57,10,167,8,,,,,,,,,,,,,
2015,AVI,4,,bluti,,,105,,,,,,,,,,,,,,,,,,,,,,,,,,,,,,,,,,,,,,,,,,,
2015,AVI,5,,bluti,,103,107,115,,,129,134,6,131 - 3,135,,,148,149,,,,,,0,155,6,0,09:04,10,161,6,4,08:52,10,169,6,,,,,,,,,,,,,
2015,AVI,6,,bluti,,101,105,111,,,126,136,7,"131 - 3, 133-4",135,,,149,149,,,,,,1,155,6,0,09:16,10,161,6,2,09:09,10,169,6,,,,,,,,,,,,,
2015,AVN,1,,bluti,,,113,115,,,125,133,5,"131 - 3, 133-5",135,,,147,147,,,,,,0,153,4,1,10:26,8,159,4,3,10:34,10,169,4,,,,,,,,,,,,,
2015,AVN,2,,bluti,,105,109,111,,,117,129,9,"125 - 5, 127 - 7, 129-9, 131 - 9",133,,,145,145,,,,,,2,151,7,1,12:54,10,157,7,5,12:07,10,167,7,,,,,,,,,,,,,
2015,AVN,3,,bluti,,111,113,117,,,123,139,8,"129-4, 131 - 6, 133-6, 135 - 6, 137 - 6",139,,,150,151,,,,,,0,157,8,4,11:49,10,163,7,4,11:27,10,171,7,,,,,,,,,,,,,
2015,AVN,4,,bluti,,79,85,111,,,128,135,8,"131 - 4, 133-6",135,,,149,149,,,,,,0,155,8,1,10:21,10,161,8,3,10:40,10,169,8,,,,,,,,,,,,,
2015,AVN,5,,bluti,,101,105,111,,,131,137,6,135 - 4,137,,,151,151,,,,,,1,157,5,0,12:27,8,163,5,2,11:57,10,171,5,,,,,,,,,,,,,
2015,AVN,6,,bluti,,99,99,109,,,118,134,12,"125 - 3+ (v.buried), 127 - 4, 129-6, 131 - 6+, 133-7",135,,,150,151,,,,,,7,157,5,0,12:37,8,163,5,2,12:17,10,171,5,,,,,,,,,,,,,
2015,CAR,1,,bluti,,90,96,100,,,116,125,5,"122-3, 124 - 4",126,,,138,138,,,,,,0,144,4,0,14:31,8,150,3,1,12:08,10,158,2,,,,,,,,,,,,,
2015,CAR,2,,bluti,,,108,112,,,117,123,6,"122-5, 124 - 6 warmish",126,,,139,140,,,,,,1,146,5,0,13:57,8,152,2,1,16:04,6,160,1,,,,,,,,,,,,,
2015,CAR,3,,,,,,,,,,,,,,,,,,,,,,,,,,,,,,,,,,,,,,,,,,,,,,,,
2015,CAR,4,,bluti,,114,116,122,,,124,131,8,"130-7, 132 - 8, 134-8",136,,,148,148,,,,,,1,154,6,1,11:41,10,160,5,2,12:03,10,170,5,,,,,,,,,,,,,
2015,CAR,5,,,,,,,,,,,,,,,,,,,,,,,,,,,,,,,,,,,,,,,,,,,,,,,,
2015,CAR,6,,bluti,,,100,112,,,122,132,7,"128 - 3, 130-5",132,,,145,146,,,,,,1,152,6,0,16:13,8,158,4,3,15:13,10,170,3,,,,,,,,,,,,,
2015,SLS,1,,bluti,,99,113,131,,,133,139,7,"137 - 4, 139-7",141,,,155,155,,,,,,2,161,1,0,11:24,4,167,1,0,12:35,4,,0,,,,,,,,,,,,,
2015,SLS,2,,,,109,,,,,,,,,,,,,,,,,,,,,,,,,,,,,,,,,,,,,,,,,,,,
2015,SLS,3,,,,109,,,,,,,,,,,,,,,,,,,,,,,,,,,,,,,,,,,,,,,,,,,,
2015,SLS,4,,bluti,,,111,119,,,124,132,9,"129-6, 131 - 8, 133-9",135,,,147,147,,,,,,0,153,7,1,11:17,10,159,7,0,12:13,10,169,4,,,,,,,,,,,,,
2015,SLS,5,,,,121,,,,,,,,,,,,,,,,,,,,,,,,,,,,,,,,,,,,,,,,,,,,
2015,SLS,6,,,,,,,,,,,,,,,,,,,,,,,,,,,,,,,,,,,,,,,,,,,,,,,,
2015,TOM,1,,,,109,,,,,,,,,,,,,,,,,,,,,,,,,,,,,,,,,,,,,,,,,,,,
2015,TOM,2,,coati,,,103,109,,,112,122,9,121,123,,,133,133,,,,,,0,139,7,0,06:47,13,145,7,2,11:40,10,153,3,,,,,,,,,,,,,
2015,TOM,3,,,,,,,,,,,,,,,,,,,,,,,,,,,,,,,,,,,,,,,,,,,,,,,,
2015,TOM,4,,,,,,,,,,,,,,,,,,,,,,,,,,,,,,,,,,,,,,,,,,,,,,,,
2015,TOM,5,,,,,,,,,,,,,,,,,,,,,,,,,,,,,,,,,,,,,,,,,,,,,,,,
2015,TOM,6,,,,,,,,,,,,,,,,,,,,,,,,,,,,,,,,,,,,,,,,,,,,,,,,
2015,DAV,1,,bluti,,82,86,112,,,116,123,8,122-7,124,,,138,138,,,,,,0,144,7,1,13:32,10,150,4,0,11:00,10,162,4,,,,,,,,,,,,,
2015,DAV,2,,,,,,,,,,,,,,,,,,,,,,,,,,,,,,,,,,,,,,,,,,,,,,,,
2015,DAV,3,,bluti,,,96,106,,,117,124,9,122-6 (7),124,,,140,140,,,,,,0,146,9,0,13:09,10,152,7,0,15:17,10,160,1,,,,,,,,,,,,,
2015,DAV,4,,bluti,,,96,112,,,124,136,9,"130-3, 132 - 5, 134-7",136,,,150,150,,,,,,0,156,6,0,11:34,8,162,0,,,,,0,,,,,,,,,,,,,
2015,DAV,5,,bluti,,,86,102,,,113,123,10,"120-8, 122-9",124,,,136,136,,,,,,1,142,8,1,10:48,10,148,4,0,11:35,7.5,156,0,,,,,,,,,,,,,
2015,DAV,6,,,,,,,,,,,,,,,,,,,,,,,,,,,,,,,,,,,,,,,,,,,,,,,,
2015,MUN,1,,bluti,,82,84,114,,,116,124,8,"122-6, 124 - 8, 126 - 8, 128 - 8, 130-8",132,,,143,144,,,,,,0,150,7,2,09:37,10,156,7,0,10:22,6,166,3,,,,,,,,,,,,,
2015,MUN,2,,bluti,,,86,112,,,129,131,3,"132 - 3, 134 - 3, 136 - 3, 138 - 3",140,,,150,150,,,,,,0,156,3,1,10:34,6,162,3,1,09:43,6,170,3,,,,,,,,,,,,,
2015,MUN,3,,,,134,136,,,,,,,,,,,,,,,,,,,,,,,,,,,,,,,,,,,,,,,,,,,
2015,MUN,4,,,,,,,,,,,,,,,,,,,,,,,,,,,,,,,,,,,,,,,,,,,,,,,,
2015,MUN,5,,bluti,,98,100,108,,,118,130,12,"124 - 6, 126 - 7, 128 - 10, 130-12",132,,,146,146,,,,,,0,152,8,0,13:29,6,158,5,1,13:50,6,170,5,,,,,,,,,,,,,
2015,MUN,6,,bluti,,102,104,112,,,117,,7,"122-4, 124 - 6, 126 - 7, 128 - 7, 130-7, 132 - 7",134,,,141,142,,,,,,1,148,6,0,09:44,10,154,6,0,10:10,6,164,1,,,,,,,,,,,,,
2015,FOU,1,,bluti,,,81,99,,,107,118,9,"113, 119 - 9CE, 123 - 9",121,,,134,135,,,,,,0,141,0,,,,,,,,,,0,,,,,,,,,,,,,
2015,FOU,2,,bluti,,,113,,,,,,,,,,,,,,,,,,,,,,,,,,,,,,,,,,,,,,,,,,,
2015,FOU,3,,bluti,,,101,111,,,113,120,8,121-8,123,,,137,137,,,,,,0,143,8,0,13:34,10,149,8,3,13:31,10,159,8,,,,,,,,,,,,,
2015,FOU,4,,bluti,,97,97,103,,,114,121,7,"119-5, 121 - 7, 123 - 8, 125 - 8",125,,,139,139,,,,,,0,145,7,0,13:19,10,151,5,2,15:12,10,159,5,,,,,,,,,,,,,
2015,FOU,5,,bluti,,,111,115,,,118,,,"127 - 3, 129-3, 131 - 3,133-3, 135 - 3, 137 - 3, 139-3, 141-3, 143 - 3, 145 - 3",,,,,,,,,,,,,,,,,,,,,,,,,deserted,,,,,,,,,,,
2015,FOU,6,,bluti,,77,79,99,,,115,121,7,"123 - 7, 125 - 8",125,,,139,139,,,,,,0,145,7,0,13:32,10,151,7,3,15:30,10,159,6,,,,,,,,,,,,,
2015,ALN,1,,bluti,,97,97,119,,,,,,,,,,,,,,,,,,,,,,,,,,,,,,,,,,,,,,,,,,
2015,ALN,2,,,,101,109,,,,,,,,,,,,,,,,,,,,,,,,,,,,,,,,,,,,,,,,,,,
2015,ALN,3,,bluti,,97,99,129,,,129,,8,"131 - 3, 135 - 7, 137 - 8",141,,,152,153,,,,,,1,159,6,0,15:23,10,165,6,0,14:26,10,171,5,,,,,,,,,,,,,
2015,ALN,4,,bluti,,97,107,111,,,117,127,7,"125 - 5, 127 - 7",129,,,141,141,,,,,,0,147,7,0,14:35,10,153,6,5,14:07,10,165,5,,,,,,,,,,,,,
2015,ALN,5,,bluti,,99,101,121,,,123,133,8,"129-4, 131 - 6",133,,,147,147,,,,,,1,153,7,0,14:33,10,159,6,0,15:39,7,171,6,,,,,,,,,,,,,
2015,ALN,6,,bluti,,101,103,117,,,126,134,9,"131 - 6, 135 - 9",137,,,149,149,,,,,,1,155,0,,,,,,,,,,0,,,,,,,,,,,,,
2015,DEL,1,,bluti,,100,104,118,,,119,125,7,"126 - 7, 128 - 7",130,,,142,142,,,,,,0,148,7,0,08:23,10,154,7,2,08:13,10,162,7,,,,,,,,,,,,,
2015,DEL,2,,bluti,,94,98,104,,,112,121,9,"120-8, 122-9, 124 - 9",126,,,140,140,,,,,,3,146,5,0,10:36,10,152,0,,,,,0,,,,,,,,,,,,,
2015,DEL,3,,bluti,,90,96,102,,,117,122,6,"122-6, 124 - 6",126,,,139,140,,,,,,1,146,5,0,10:48,10,152,5,5,10:54,10,160,5,,,,,,,,,,,,,
2015,DEL,4,,bluti,,98,100,108,,,127,135,8,"132 - 5, 134-7",136,,,151,152,,,,,,4,158,4,0,11:54,10,164,4,1,13:39,6,170,4,,,,,,,,,,,,,
2015,DEL,5,,bluti,,98,100,102,,,120,127,6,"124 - 5, 126 - 5, 128 - 6",130,,,141,142,,,,,,0,148,6,0,08:36,10,154,6,4,08:26,10,162,6,,,,,,,,,,,,,
2015,DEL,6,,bluti,,100,104,118,,,121,135,6,"126 - 4, 128 - 4, 130-4, 132 - 5, 134-5",136,,,147,148,,,,,,3,154,2,1,08:40,6,160,2,1,08:51,6,170,2,,,,,,,,,,,,,
2015,TAI,1,,,sporadic,,,,,,,,,,,,,,,,,,,,,,,,,,,,,,,,,,,,,,,,,,,,,
2015,TAI,2,,bluti,sporadic,,,,,,,,7,,,,,,,,,,,,,,,,,,,,,,,,,,,,,,,,,,,,,
2015,TAI,3,,,sporadic,,,,,,,,,,,,,,,,,,,,,,,,,,,,,,,,,,,,,,,,,,,,,
2015,TAI,4,,bluti,sporadic,,,,,,,,7,,,,,,,,,,,,,,,,,,,,,,,,,,,,,,,,,,,,,
2015,TAI,5,,bluti,sporadic,,,,,,,,6,,,,,,,,,,,,2,140,4,0,09:20,7,,,,,,,4,,,,,,,,,,,,,
2015,TAI,6,,bluti,sporadic,77,,,,,,,7,,,,,,,,,,,,,,,,,,,,,,,,,,,,,,,,,,,,,
2015,SPD,1,,bluti,,113,125,139,,,145,148,4,151 - 4,153,,,163,163,,,,,,1,169,0,,,,,,,,,,0,,,,,,,,,,,,,
2015,SPD,2,,,,,131,139,,,,,,,,,,,,,,,,,,,,,,,,,,,,,,,,,,,,,,,,,,
2015,SPD,3,,,,,,,,,,,,,,,,,,,,,,,,,,,,,,,,,,,,,,,,,,,,,,,,
2015,SPD,4,,bluti,,,141,147,,,146,151,6,,151,,,165,165,,,,,,0,171,6,0,13:33,10,177,4,1,11:55,6,286,0,,,,,,,,,,,,,
2015,SPD,5,,,,,,,,,,,,,,,,,,,,,,,,,,,,,,,,,,,,,,,,,,,,,,,,
2015,SPD,6,,,,,,,,,,,,,,,,,,,,,,,,,,,,,,,,,,,,,,,,,,,,,,,,
2015,DOR,1,,bluti,,102,110,126,,,133,140,8,"136 - 4, 140-8",142,,,154,154,,,,,,0,160,7,0,07:56,10,166,4,0,08:46,10,172,2,,,,,,,,,,,,,
2015,DOR,2,,,,,,,,,,,,,,,,,,,,,,,,,,,,,,,,,,,,,,,,,,,,,,,,
2015,DOR,3,,bluti,,100,102,110,,,131,136,6,,138,,,151,152,,,,,,0,158,3,1,10:52,6,164,3,2,11:42,6,172,2,,,,,,,,,,,,,
2015,DOR,4,,bluti,,118,122,130,,,132,138,7,"138 - 7, 140-7",142,,,155,156,,,,,,0,162,7,0,08:02,10,168,6,1,11:32,10,174,0,,,,,,,,,,,,,
2015,DOR,5,,,,,,,,,,,,,,,,,,,,,,,,,,,,,,,,,,,,,,,,,,,,,,,,
2015,DOR,6,,,,,,,,,,,,,,,,,,,,,,,,,,,,,,,,,,,,,,,,,,,,,,,,
2016,EDI,1,,bluti,,,112,116,,,125,132,8,,132,,,145,146,,,,,,0,152,0,,,,,0,,,,,0,,,,,,,,,,,,,
2016,EDI,2,,bluti,,92,94,100,,,115,123,9,122 - 8,124,,,137,138,,,,,,1,144,8,0,18:24,10,150,8,0,16:32,10,,8,,,,,,,,,,,,,
2016,EDI,3,,bluti,,106,108,118,,,119,126,7,124 - 5,126,,,140,140,,,,,,1,146,6,1,14:27,10,152,0,,,,,0,,,,,,,,,,,,,
2016,EDI,4,,bluti,,102,104,112,,,127,135,9,,134,,,148,148,,,,,,1,154,8,0,16:52,10,160,8,0,15:10,10,168,8,,,,,,,,,,,,,
2016,EDI,5,,bluti,,92,94,102,,,124,132,8,130 - 6,132,,,144,144,,,,,,0,150,8,0,17:12,10,156,8,0,18:42,10,166,8,,,,,,,,,,,,,
2016,EDI,6,,bluti,,94,98,108,,,127,135,9,,134,,,147,148,,,,,,1,154,8,0,17:08,10,160,8,0,15:23,10,168,8,,,,,,,,,,,,,
2016,RSY,1,,bluti,,113,117,123,,,127,134,8,,133,,,146,147,,,,,,0,153,8,1,05:51,10,159,8,3,07:15,10,165,8,,,,,,,,,,,,,
2016,RSY,2,,,,113,,,,,,,,,,,,,,,,,,,,,,,,,,,,,,,,,,,,,,,,,,,,
2016,RSY,3,,bluti,,93,101,123,,,131,138,8,,137,,,151,151,,,,,,2,157,6,1,07:13,10,163,6,2,06:40,10,170,6,,,,,,,,,,,,,
2016,RSY,4,,bluti,,101,103,121,,,125,133,9,131-7,133,,,147,147,,,,,,0,153,9,0,06:12,10,159,0,,07:30,,,0,,,,,,,,,,,,,
2016,RSY,5,,bluti,,103,109,117,,,125,132,8,131-7,133,,,145,145,,,,,,0,151,8,0,09:28,10,157,8,0,08:10,10,167,8,,,,,,,,,,,,,
2016,RSY,6,,bluti,,103,111,119,,,128,134,7,133-6,135,,,147,147,,,,,,1,153,6,0,06:27,10,159,6,2,07:39,10,169,6,,,,,,,,,,,,,
2016,FOF,1,,bluti,,91,93,109,,,123,132,10,"129-6, 131-6",133,,,145,145,,,,,,0,151,10,0,09:58,10,157,9,2,09:12,10,165,9,,,,,,,,,,,,,
2016,FOF,2,,bluti,,97,99,115,,,127,135,9,133-7,135,,,147,147,,,,,,1,153,8,1,06:53,10,159,8,0,08:06,10,169,6,,,,,,,,,,,,,
2016,FOF,3,,bluti,,99,103,115,,,125,133,9,131-7,133,,,145,145,,,,,,0,151,9,1,10:15,10,157,9,0,09:25,10,165,9,,,,,,,,,,,,,
2016,FOF,4,,bluti,,,93,105,,,121,131,8,"127 - 4,129-6",131,,,143,143,,,,,,0,149,8,0,09:20,10,155,8,1,08:35,10,165,8,,,,,,,,,,,,,
2016,FOF,5,,bluti,,,89,97,,,114,123,10,"119 - 5, 121 - 8, 123-10, 125-10, 127 - 10",129,,,141,141,,,,,,0,147,10,0,13:58,10,153,10,2,07:38,10,165,10,,,,,,,,,,,,,
2016,FOF,6,,bluti,,93,103,115,,,127,134,8,,133,,,146,147,,,,,,0,153,8,0,07:52,10,159,8,0,08:25,10,169,8,,,,,,,,,,,,,
2016,BAD,1,,bluti,irregular visits,,,,126,,126,,8,"125-01, 133-8W",133,,,,151,,,,,,0,151,8,,12:00,,,,,,,,8,,,,,,,,,,,,,
2016,BAD,2,,,irregular visits,,,,,,,,,,,,,,,,,,,,,,,,,,,,,,,,,,,,,,,,,,,,,
2016,BAD,3,,bluti,irregular visits,,,,,,131,,7,"125-0, 133-3, 141-7w",141,,,,151,,,,,,2,161,5,,08:50,,,,,,,,5,,,,,,,,,,,,,
2016,BAD,4,,bluti,irregular visits,,,,,,128,,8,"125-0, 133-6, 141-8w",141,,,,151,,,,,,0,154,8,,15:38,,,,,,,,7,,,,,,,,,,,,,
2016,BAD,5,,bluti,irregular visits,,,,,,128,,8,"125-0, 133-6, 141-8w",141,,,,151,,,,,,2,154,6,,15:44,,,,,,,,6,,,,,,,,,,,,,
2016,BAD,6,,bluti,irregular visits,,,,,,129,,7,"125-0, 133-5, 141-7w",141,,,,151,,,,,,0,154,7,,15:53,,,,,,,,7,,,,,,,,,,,,,
2016,LVN,1,,,,,,,,,,,,,,,,,,,,,,,,,,,,,,,,,,,,,,,,,,,,,,,,
2016,LVN,2,,,,111,121,,,,,,,,,,,,,,,,,,,,,,,,,,,,,,,,,,,,,,,,,,,
2016,LVN,3,,bluti,,,115,119,,,121,129,9,127 - 7,129,,,141,141,,,,,,1,147,5,1,14:57,10,153,5,1,08:58,10,165,5,,,,,,,,,,,,,
2016,LVN,4,,bluti,,93,101,111,,,,,,,,,,,,,,,,,,,,,,,,,,,,,,,,,,,,,,,,,,
2016,LVN,5,,bluti,,93,97,123,,,124,129,6,,131,,,143,143,,,,,,0,149,3,0,10:05,7,155,3,0,10:25,6,165,3,,,,,,,,,,,,,
2016,LVN,6,,bluti,,93,97,111,,,125,131,7,,131,,,144,145,,,,,,0,151,7,1,11:03,10,157,7,1,10:17,10,165,7,,,,,,,,,,,,,
2016,GLF,1,,bluti,,98,100,128,,,129,137,9,,136,,,151,152,,,,,,0,158,8,0,14:00,10,164,0,,15:00,,,0,,,,,,,,,,,,,
2016,GLF,2,,bluti,,104,106,122,,,127,134,8,134-8,136,,,148,148,,,,,,0,154,8,0,13:41,10,160,8,2,13:00,10,168,8,,,,,,,,,,,,,
2016,GLF,3,,bluti,,106,110,120,,,127,135,9,134-8,136,,,150,150,,,,,,0,156,9,0,17:33,10,162,9,1,15:36,10,170,9,,,,,,,,,,,,,
2016,GLF,4,,bluti,,94,98,120,,,131,135,5,,138,,,149,150,,,,,,1,156,4,0,17:46,10,162,4,1,15:48,10,170,4,,,,,,,,,,,,,
2016,GLF,5,,bluti,,104,106,112,,,125,134,8,132-6,134,,,148,148,,,,,,0,154,8,0,13:55,10,160,8,1,14:00,10,168,8,,,,,,,,,,,,,
2016,GLF,6,,bluti,,94,102,112,,,118,128,10,"124 - 6,126-8",128,,,142,142,,,,,,2,148,8,1,14:30,10,154,8,2,14:14,10,166,8,,,,,,,,,,,,,
2016,SER,1,,bluti,,,98,106,,,115,123,9,"121 - 7,122-8",124,,,139,141,,,,,,0,146,9,0,13:11,10,151,9,0,11:54,10,158,9,,,,,,,,,,,,,
2016,SER,2,,bluti,,93,94,103,,,112,118,7,"118, 122-7",124,,,135,136,,,,,,1,141,6,0,10:41,10,147,6,3,15:50,10,154,6,,,,,,,,,,,,,
2016,SER,3,,bluti,,90,93,106,,,113,125,11,122-10,124,,,136,136,,,,,,2,142,9,0,10:56,10,147,9,0,16:03,10,158,9,,,,,,,,,,,,,
2016,SER,4,,bluti,,,93,121,,,123,130,8,,130,,,143,144,,,,,,0,150,8,0,13:27,10,156,8,6,15:53,10,166,8,,,,,,,,,,,,,
2016,SER,5,,bluti,,93,98,110,,,113,120,8,"122-8, 124 - 8",126,,,135,136,,,,,,0,141,8,0,10:55,10,147,8,2,16:17,10,154,8,,,,,,,,,,,,,
2016,SER,6,,bluti,,90,93,103,,,118,125,7,"122-4, 124 - 6, 126-8",126,,,139,141,,,,,,0,146,7,0,12:38,10,151,7,2,12:12,10,161,7,,,,,,,,,,,,,
2016,MCH,1,,bluti,,104,108,116,,,126,132,8,,132,,,144,144,,,,,,0,150,0,,14:00,,,0,,,,,0,,,,,,,,,,,,,
2016,MCH,2,,,,110,WASP 136,,,,,,,,,,,,,,,,,,,,,,,,,,,,,,,,,,,,,,,,,,,
2016,MCH,3,,bluti,,,98,110,,,123,130,8,,130,,,143,144,,,,,,0,150,8,1,14:04,10,156,8,4,16:32,10,166,8,,,,,,,,,,,,,
2016,MCH,4,,,,104,110,,,,,,,,,,,,,,,,,,,,,,,,,,,,,,,,,,,,,,,,,,,
2016,MCH,5,,bluti,,108,110,120,,,123,132,10,130 - 8,132,,,144,144,,,,,,0,150,10,2,14:23,10,156,10,4,16:47,10,166,10,,,,,,,,,,,,,
2016,MCH,6,,bluti,,98,100,112,,,118,129,12,"124 - 6,126-9",128,,,142,142,,,,,,0,148,11,1,13:30,10,154,0,,,,,0,,,,,,,,,,,,,
2016,PTH,1,,bluti,irregular visits due to someone camping there,,,,124,,125,,5,125-1,,,,,154,,1,,,12:40,1,161,4,,10:30,,,,,,,,4,,,,,,,,,,,,,
2016,PTH,2,,bluti,irregular visits due to someone camping there,,,,,,123,,9,125-3,,,,,154,,9,,,10:50,0,154,9,,10:50,,,,,,,,9,,,,,,,,,,,,,
2016,PTH,3,,bluti,irregular visits due to someone camping there,89,,,,,111,121,11,"117-7c, 121 -11, 125 -11W",125,,,,141,,,,,,2,145,9,,12:00,,,,,,,,8,,,,,,,,,,,,,
2016,PTH,4,,,irregular visits due to someone camping there,,,,,,129,,,,,,,,,,,,,,,,,,,,,,,,,,,,,,,,,,,,,,,
2016,PTH,5,,,irregular visits due to someone camping there,,,,,,,,,,,,,,,,,,,,,,,,,,,,,,,,,,,,,,,,,,,,,
2016,PTH,6,,bluti,irregular visits due to someone camping there,,,,,,129,,9,,,,,,154,,6,,,11:11,1,154,6,,11:11,,,,,,,,-999,,1 unringed chick at v1,,,,,,,,,,,
2016,STY,1,,bluti,,118,120,126,,,128,135,8,134-7,136,,,148,148,,,,,,0,154,7,0,09:48,10,160,6,3,11:25,10,166,4,,,,,,,,,,,,,
2016,STY,2,,bluti,,94,98,110,,,120,128,7,126-5,128,,,142,142,,,,,,1,148,6,0,12:00,10,154,6,2,10:01,10,162,6,,,,,,,,,,,,,
2016,STY,3,,bluti,,,132,134,,,137,141,5,,142,,,155,156,,,,,,1,162,4,0,13:22,10,168,0,,,,,0,,,,,,,,,,,,,
2016,STY,4,,bluti,,,98,112,,,120,129,10,126-7,128,,,142,142,,,,,,0,148,9,0,12:15,10,154,9,0,10:14,10,166,9,,,,,,,,,,,,,
2016,STY,5,,bluti,,94,98,116,,,126,132,7,,132,,,144,144,,,,,,1,150,6,0,12:44,10,156,6,2,15:00,10,166,6,,,,,,,,,,,,,
2016,STY,6,,bluti,,92,94,110,,,120,127,7,126-6,128,,,142,142,,,,,,0,148,7,0,12:30,10,154,7,3,09:32,10,162,7,,,,,,,,,,,,,
2016,BIR,1,,bluti,,,89,115,,,119,127,9,"125-6, 127 - 9?,129-9",131,,,144,145,,,,,,0,151,9,1,13:27,10,157,9,3,11:44,10,165,3,,,,,,,,,,,,,
2016,BIR,2,,bluti,,,117,,,,,,,,,,,,,,,,,,,,,,,,,,,,,,,,,,,,,,,,,,,
2016,BIR,3,,bluti,,93,103,115,,,129,134,6,"131-3, 135-6",137,,,147,147,,,,,,0,153,5,0,12:38,10,159,5,3,09:59,10,169,5,,,,,,,,,,,,,
2016,BIR,4,,bluti,,99,103,119,,,127,134,8,,133,,,145,145,,,,,,0,151,8,0,13:48,10,157,8,0,12:00,10,165,6,,,,,,,,,,,,,
2016,BIR,5,,bluti,,,113,123,,,126,133,8,,133,,,146,147,,,,,,0,153,0,,,,,,,,,,0,,,,,,,,,,,,,
2016,BIR,6,,bluti,,,129,135,,,135,137,,"143-3, 145-3, 147-3, 149-3",,,,,,,,,,,,,,,,,,,,,,,,,,,,,,,,,,,,
2016,DUN,1,,,irregular visits,,,,,,,,,,,,,,,,,,,,,,,,,,,,,,,,,,,,,,,,,,,,,
2016,DUN,2,,,irregular visits,,,,,,,,,,,,,,,,,,,,,,,,,,,,,,,,,,,,,,,,,,,,,
2016,DUN,3,,,irregular visits,,,,,,,,,,,,,,162,,,,,,,,,,,,,,,,,,,,,,,,,,,,,,,
2016,DUN,4,,bluti,irregular visits,,,,,,132,,9,,,,,,158,,,,,,0,158,9,,10:52,,,,,,,,0,,,,,,,,,,,,,
2016,DUN,5,,,irregular visits,,,,,,,,,,,,,,,,,,,,,,,,,,,,,,,,,,,,,,,,,,,,,
2016,DUN,6,,bluti,irregular visits,,,,,,134,,7,,,,,,,,,,,,0,162,7,,12:50,,,,,,,,3,,,,,,,,,,,,,
2016,BLG,1,,bluti,,93,103,129,,,129,138,10,135-7,137,,,149,149,,,,,,0,155,10,0,13:45,10,161,10,0,12:12,10,171,0,,"cs and cc updated Jan 25, as V1 > CS",,,,,,,,,,,
2016,BLG,2,,bluti,,88,93,105,,,131,137,7,,137,,,149,149,,,,,,0,155,7,1,13:30,10,161,7,2,12:39,10,171,0,,,,,,,,,,,,,
2016,BLG,3,,bluti,,91,93,119,,,126,134,9,,133,,,145,145,,,,,,0,151,9,0,14:29,10,157,9,1,12:43,10,165,7,,,,,,,,,,,,,
2016,BLG,4,,bluti,,107,111,129,,,129,143,11,"135-5, 137-5, 139-7, 141-9",143,,,155,155,,,,,,2,161,9,0,12:58,10,167,3,0,12:01,4,173,0,,,,,,,,,,,,,
2016,BLG,5,,bluti,,88,93,107,,,124,135,10,131-6,133,,,147,147,,,,,,2,153,8,0,13:29,10,159,8,4,10:39,10,169,8,,,,,,,,,,,,,
2016,BLG,6,,bluti,,93,97,109,,,128,135,8,,133,,,146,147,,,,,,0,153,7,0,13:40,10,159,7,1,11:01,10,169,7,,,,,,,,,,,,,
2016,KCK,1,,bluti,,94,110,128,,,136,141,6,142-6,144,,,156,156,,,,,,0,162,5,0,09:37,10,168,3,0,11:20,5,174,0,,,,,,,,,,,,,
2016,KCK,2,,,,,,,,,,,,,,,,,,,,,,,,,,,,,,,,,,,,,,,,,,,,,,,,
2016,KCK,3,,bluti,,102,104,124,,,132,142,11,"136-5, 138-7, 140-9",142,,,154,154,,,,,,0,160,10,0,09:35,10,166,9,1,10:01,10,172,6,,,,,,,,,,,,,
2016,KCK,4,,,,,,,,,,,,,,,,,,,,,,,,,,,,,,,,,,,,,,,,,,,,,,,,
2016,KCK,5,,,,,,,,,,,,,,,,,,,,,,,,,,,,,,,,,,,,,,,,,,,,,,,,
2016,KCK,6,,bluti,,122,124,136,,,136,142,7,,142,,,156,156,,,,,,0,162,6,0,09:54,5,166,0,,,,,0,,,,,,,,,,,,,
2016,KCZ,1,,bluti,,94,98,128,,,133,142,9,140-7,142,,,154,154,,,,,,0,160,8,0,10:25,10,166,5,0,10:44,10,181,3,,,,,,,,,,,,,
2016,KCZ,2,,,,116,,,,,,,,,,,,,,,,,,,,,,,,,,,,,,,,,,,,,,,,,,,,
2016,KCZ,3,,bluti,,98,104,120,,,133,140,8,,140,,,152,152,,,,,,0,158,8,0,09:41,10,164,8,0,13:10,10,172,8,,,,,,,,,,,,,
2016,KCZ,4,,bluti,,102,106,120,,,131,139,9,,138,,,152,152,,,,,,1,158,8,0,09:57,10,164,8,2,12:57,10,170,7,,,,,,,,,,,,,
2016,KCZ,5,,bluti,,112,114,128,,,131,139,9,,138,,,152,152,,,,,,1,158,8,0,10:09,10,164,8,0,12:44,10,170,7,,,,,,,,,,,,,
2016,KCZ,6,,bluti,,,114,128,,,134,141,8,,140,,,154,154,,,,,,0,160,8,1,10:10,10,166,0,,,,,0,,,,,,,,,,,,,
2016,BLA,1,,,,,,,,,,,,,,,,,,,,,,,,,,,,,,,,,,,,,,,,,,,,,,,,
2016,BLA,2,,bluti,,93,103,127,,,132,139,8,"137-6, 139-8",141,,,153,153,,,,,,0,159,8,1,11:48,10,165,6,0,12:20,10,171,0,,,,,,,,,,,,,
2016,BLA,3,,,,103,,,,,,,,,,,,,,,,,,,,,,,,,,,,,,,,,,,,,,,,,,,,
2016,BLA,4,,,,113,129,,,,,,,,,,,,,,,,,,,,,,,,,,,,,,,,,,,,,,,,,,,
2016,BLA,5,,bluti,,115,121,129,,,131,134,4,,137,,,151,151,,,,,,0,157,4,0,13:29,10,163,4,2,10:40,10,171,4,,,,,,,,,,,,,
2016,BLA,6,,bluti,,97,101,121,,,131,136,6,,137,,,151,151,,,,,,1,157,5,0,13:46,10,163,5,4,10:53,10,171,5,,,,,,,,,,,,,
2016,CAL,1,,bluti,,106,114,,,,,,,,,,,,,,,,,,,,,,,,,,,,,,,,,,,,,,,,,,,
2016,CAL,2,,,,,,,,,,,,,,,,,,,,,,,,,,,,,,,,,,,,,,,,,,,,,,,,
2016,CAL,3,,,,,106,,,,,,,,,,,,,,,,,,,,,,,,,,,,,,,,,,,,,,,,,,,
2016,CAL,4,,bluti,,,106,126,,,130,141,12,"136-6, 138-9, 140-11, 142-12",144,,,156,156,,,,,,0,162,10,0,09:05,10,168,7,0,10:45,7,170,0,,,,,,,,,,,,,
2016,CAL,5,,bluti,,94,98,126,,,130,138,9,136-6,138,,,151,152,,,,,,0,158,9,0,08:37,10,164,9,4,11:30,10,170,8,,,,,,,,,,,,,
2016,CAL,6,,,,,,,,,,,,,,,,,,,,,,,,,,,,,,,,,,,,,,,,,,,,,,,,
2016,DNM,1,,,,115,,,,,,,,,,,,,,,,,,,,,,,,,,,,,,,,,,,,,,,,,,,,
2016,DNM,2,,bluti,,,93,115,,,133,143,11,"137-5, 139-7, 141-9",143,,,155,155,,,,,,1,161,10,1,15:25,10,167,10,5,13:08,10,181,10,,,,,,,,,,,,,
2016,DNM,3,,,,,,,,,,,,,,,,,,,,,,,,,,,,,,,,,,,,,,,,,,,,,,,,
2016,DNM,4,,,,,,,,,,,,,,,,,,,,,,,,,,,,,,,,,,,,,,,,,,,,,,,,
2016,DNM,5,,,,,,,,,,,,,,,,,,,,,,,,,,,,,,,,,,,,,,,,,,,,,,,,
2016,DNM,6,,bluti,,,125,127,,,132,142,9,"137-4, 139-5, 141-8,143-9",145,,,158,159,,,,,,2,165,4,0,13:24,10,171,3,0,14:30,4,181,3,,,,,,,,,,,,,
2016,DNC,1,,,,,,,,,,,,,,,,,,,,,,,,,,,,,,,,,,,,,,,,,,,,,,,,
2016,DNC,2,,bluti,,,111,,,,,,,,,,,,,,,,,,,,,,,,,,,,,,,,,,,,,,,,,,,
2016,DNC,3,,bluti,,103,109,,,,152,,7,,159,,,171,171,,,,,,0,182,7,2,13:56,10,,,,,,,7,,14/3/25 - moved records from v2 to v1. Changed FKI from <165 to 159 based on the hd,,,,,,,,,,,
2016,DNC,4,,,,,,,,,,,,,,,,,,,,,,,,,,,,,,,,,,,,,,,,,,,,,,,,
2016,DNC,5,,,,,,,,,,,,,,,,,,,,,,,,,,,,,,,,,,,,,,,,,,,,,,,,
2016,DNC,6,,bluti,,,121,123,,,130,140,11,137-8,139,,,151,151,,,,,,0,157,11,0,14:51,10,163,11,3,11:55,10,173,11,,,,,,,,,,,,,
2016,DNS,1,,,,,113,,,,,,,,,,,,,,,,,,,,,,,,,,,,,,,,,,,,,,,,,,,
2016,DNS,2,,,,,,,,,,,,,,,,,,,,,,,,,,,,,,,,,,,,,,,,,,,,,,,,
2016,DNS,3,,,,,,,,,,,,,,,,,,,,,,,,,,,,,,,,,,,,,,,,,,,,,,,,
2016,DNS,4,,bluti,,,101,117,,,127,134,8,,133,,,147,147,,,,,,2,153,3,0,15:31,5,157,0,,,,,0,,,,,,,,,,,,,
2016,DLW,1,,bluti,,94,122,134,,,136,146,10,"142-7, 144-8+",146,,,158,158,,,,,,0,164,10,0,09:45,10,170,10,3,12:45,10,181,10,,,,,,,,,,,,,
2016,DLW,2,,,,,118,134,,,,,,,,,,,,,,,,,,,,,,,,,,,,,,,,,,,,,,,,,,
2016,DLW,3,,,,114,136,,,,,,,,,,,,,,,,,,,,,,,,,,,,,,,,,,,,,,,,,,,
2016,DLW,4,,,,,,,,,,,,,,,,,,,,,,,,,,,,,,,,,,,,,,,,,,,,,,,,
2016,DLW,5,,,,,,,,,,,,,,,,,,,,,,,,,,,,,,,,,,,,,,,,,,,,,,,,
2016,DLW,6,,,,,,,,,,,,,,,,,,,,,,,,,,,,,,,,,,,,,,,,,,,,,,,,
2016,CRU,1,,bluti,,106,110,132,,,138,145,8,140-3,144,,,158,158,,,,,,0,164,8,0,09:20,10,170,8,3,12:16,10,181,8,,,,,,,,,,,,,
2016,CRU,2,,bluti,,,116,,,,,,,,,,,,,,,,,,,,,,,,,,,,,,,,,,,,,,,,,,,
2016,CRU,3,,,,,,,,,,,,,,,,,,,,,,,,,,,,,,,,,,,,,,,,,,,,,,,,
2016,CRU,4,,,,,,,,,,,,,,,,,,,,,,,,,,,,,,,,,,,,,,,,,,,,,,,,
2016,CRU,5,,bluti,,96,106,120,,,133,142,10,"138-6, 140-8",142,,,156,156,,,,,,0,162,10,2,07:14,10,168,9,1,08:40,10,181,7,,,,,,,,,,,,,
2016,CRU,6,,,,,,,,,,,,,,,,,,,,,,,,,,,,,,,,,,,,,,,,,,,,,,,,
2016,NEW,1,,bluti,,102,104,122,,,126,134,9,132-7,134,,,146,146,,,,,,0,152,5,0,11:12,6,158,5,0,07:50,8,170,4,,,,,,,,,,,,,
2016,NEW,2,,bluti,,94,96,112,,,120,125,6,"122 - 3, 126-6, 128 - 6,130-6",132,,,142,142,,,,,,0,148,6,0,09:41,10,154,5,2,09:32,10,166,4,,,,,,,,,,,,,
2016,NEW,3,,bluti,,,128,140,,,142,147,6,,148,,,161,162,,,,,,0,168,6,0,10:20,10,173,6,0,14:26,10,181,6,,,,,,,,,,,,,
2016,NEW,4,,,,,,,,,,,,,,,,,,,,,,,,,,,,,,,,,,,,,,,,,,,,,,,,
2016,NEW,5,,bluti,,102,104,114,,,134,142,8,140-6,142,,,156,156,,,,,,0,162,8,0,08:08,10,168,8,4,10:33,10,181,6,,,,,,,,,,,,,
2016,NEW,6,,,,,,,,,,,,,,,,,,,,,,,,,,,,,,,,,,,,,,,,,,,,,,,,
2016,INS,1,,,,,,,,,,,,,,,,,,,,,,,,,,,,,,,,,,,,,,,,,,,,,,,,
2016,INS,2,,,,,,,,,,,,,,,,,,,,,,,,,,,,,,,,,,,,,,,,,,,,,,,,
2016,INS,3,,,,,,,,,,,,,,,,,,,,,,,,,,,,,,,,,,,,,,,,,,,,,,,,
2016,INS,4,,,,,,,,,,,,,,,,,,,,,,,,,,,,,,,,,,,,,,,,,,,,,,,,
2016,INS,5,,bluti,,99,101,117,,,127,135,9,,133,,,149,149,,,,,,0,155,9,1,15:36,10,161,9,0,18:04,10,169,9,,,,,,,,,,,,,
2016,INS,6,,,,,,,,,,,,,,,,,,,,,,,,,,,,,,,,,,,,,,,,,,,,,,,,
2016,FSH,1,,,,,,,,,,,,,,,,,,,,,,,,,,,,,,,,,,,,,,,,,,,,,,,,
2016,FSH,2,,,,89,95,,,,,,,,,,,,,,,,,,,,,,,,,,,,,,,,,,,,,,,,,,,
2016,FSH,3,,bluti,,93,95,113,,,132,139,8,,139,,,153,153,,,,,,0,159,8,0,12:50,10,165,8,5,15:05,10,173,8,,,,,,,,,,,,,
2016,FSH,4,,bluti,,93,95,113,,,127,135,9,133-7,135,,,,,,,,,,,,,,,,,,,,,,0,,,,,,,,,,,,,
2016,FSH,5,,bluti,,,107,111,,,131,139,9,,137,,,151,151,,,,,,0,157,9,1,15:20,10,163,8,3,15:45,10,171,8,,,,,,,,,,,,,
2016,FSH,6,,bluti,,101,123,137,,,,,,,,,,,,,,,,,,,,,,,,,,,,,,,,,,,,,,,,,,
2016,RTH,1,,bluti,,89,91,111,,,133,138,6,,139,,,151,151,,,,,,0,157,6,2,14:50,10,163,6,4,14:30,10,171,6,,,,,,,,,,,,,
2016,RTH,2,,,,,133,,,,,,,,,,,,,,,,,,,,,,,,,,,,,,,,,,,,,,,,,,,
2016,RTH,3,,,,,,,,,,,,,,,,,,,,,,,,,,,,,,,,,,,,,,,,,,,,,,,,
2016,RTH,4,,,,,,,,,,,,,,,,,,,,,,,,,,,,,,,,,,,,,,,,,,,,,,,,
2016,RTH,5,,bluti,,,99,113,,,134,140,7,137-4,141,,,154,155,,,,,,2,161,5,1,16:59,6,167,5,3,12:40,7,181,5,,,,,,,,,,,,,
2016,RTH,6,,bluti,,,97,111,,,131,139,9,137-7,139,,,153,153,,,,,,0,159,9,0,12:15,10,165,9,7,10:43,10,173,9,,,,,,,,,,,,,
2016,AVI,1,,bluti,,88,100,106,,,130,137,8,"134-5, 136-7",138,,,,,,,,,,,,,,,,,,,,,,0,,,,,,,,,,,,,
2016,AVI,2,,,,90,92,,,,,,,,,,,,,,,,,,,,,,,,,,,,,,,,,,,,,,,,,,,
2016,AVI,3,,bluti,,90,92,112,,,124,137,9,"128 - 5, 130-7, 132-7, 134-7, 136-8, 8 not 9?",138,,,151,152,,,,,,0,158,8,1,08:50,10,164,8,4,09:40,10,172,8,,,,,,,,,,,,,
2016,AVI,4,,bluti,,100,102,,,,,,,,,,,,,,,,,,,,,,,,,,,,,,,,,,,,,,,,,,,
2016,AVI,5,,,,,,,,,,,,,,,,,,,,,,,,,,,,,,,,,,,,,,,,,,,,,,,,
2016,AVI,6,,bluti,,,88,102,,,137,143,7,,144,,,157,158,,,,,,0,164,7,2,10:00,10,170,7,3,10:10,10,181,7,,,,,,,,,,,,,
2016,AVN,1,,bluti,,,101,113,,,129,137,8,,135,,,149,149,,,,,,2,155,6,1,14:03,10,161,6,3,15:35,10,171,6,,,,,,,,,,,,,
2016,AVN,2,,,,,,,,,,,,,,,,,,,,,,,,,,,,,,,,,,,,,,,,,,,,,,,,
2016,AVN,3,,bluti,,,105,131,,,134,142,9,,141,,,153,153,,,,,,0,159,9,1,11:20,10,165,9,2,12:05,10,173,9,,,,,,,,,,,,,
2016,AVN,4,,bluti,,,91,111,,,133,142,9,139-7,141,,,153,153,,,,,,0,159,9,0,11:10,10,165,9,4,12:40,10,173,9,,,,,,,,,,,,,
2016,AVN,5,,bluti,,107,113,123,,,133,139,7,,139,,,151,151,,,,,,0,157,7,2,14:00,10,163,7,5,13:00,10,171,7,,,,,,,,,,,,,
2016,AVN,6,,bluti,,,103,113,,,129,140,11,"135-7, 137-8",141,,,152,153,,,,,,0,159,11,1,11:00,10,165,11,2,12:30,10,173,11,,,,,,,,,,,,,
2016,CAR,1,,bluti,,95,105,113,,,130,136,7,,137,,,149,149,,,,,,0,155,6,0,13:26,6,161,4,3,14:40,10,171,4,,,,,,,,,,,,,
2016,CAR,2,,bluti,,93,99,113,,,123,133,7,"129 - 3, 131-5",135,,,147,147,,,,,,0,153,7,0,15:51,10,159,0,,,,,0,,,,,,,,,,,,,
2016,CAR,3,,,,,,,,,,,,,,,,,,,,,,,,,,,,,,,,,,,,,,,,,,,,,,,,
2016,CAR,4,,,,95,,,,,,,,,,,,,,,,,,,,,,,,,,,,,,,,,,,,,,,,,,,,
2016,CAR,5,,,,,,,,,,,,,,,,,,,,,,,,,,,,,,,,,,,,,,,,,,,,,,,,
2016,CAR,6,,,,,,,,,,,,,,,,,,,,,,,,,,,,,,,,,,,,,,,,,,,,,,,,
2016,SLS,1,,bluti,,88,96,104,,,120,126,7,"126-7, 128 - 7",130,,,141,142,,,,,,0,148,6,0,11:56,10,154,0,,,,,0,,,,,,,,,,,,,
2016,SLS,2,,,,,,,,,,,,,,,,,,,,,,,,,,,,,,,,,,,,,,,,,,,,,,,,
2016,SLS,3,,bluti,,112,120,124,,,131,138,8,,138,,,152,152,,,,,,1,158,7,0,09:40,10,164,7,4,12:00,10,172,7,,,,,,,,,,,,,
2016,SLS,4,,,,,,,,,,,,,,,,,,,,,,,,,,,,,,,,,,,,,,,,,,,,,,,,
2016,SLS,5,,bluti,,100,112,124,,,,,,,,,,,,,,,,,,,,,,,,,,,,,,,,,,,,,,,,,,
2016,SLS,6,,bluti,,,130,136,,,135,142,8,"142-8, 144-8, 146-8",148,,,160,160,,,,,,0,166,8,2,10:35,10,172,8,5,12:49,10,181,8,,,,,,,,,,,,,
2016,TOM,1,,,,,,,,,,,,,,,,,,,,,,,,,,,,,,,,,,,,,,,,,,,,,,,,
2016,TOM,2,,,,,,,,,,,,,,,,,,,,,,,,,,,,,,,,,,,,,,,,,,,,,,,,
2016,TOM,3,,,,,,,,,,,,,,,,,,,,,,,,,,,,,,,,,,,,,,,,,,,,,,,,
2016,TOM,4,,coati,,,91,95,,,106,113,8,,113,,,127,127,,,,,,0,133,8,1,13:20,10,139,6,4,11:30,10,147,5,,,,,,,,,,,,,
2016,TOM,5,,,,91,,,,,,,,,,,,,,,,,,,,,,,,,,,,,,,,,,,,,,,,,,,,
2016,TOM,6,,,,,,,,,,,,,,,,,,,,,,,,,,,,,,,,,,,,,,,,,,,,,,,,
2016,DAV,1,,bluti,,88,102,112,,,127,135,8,,134,,,147,148,,,,,,0,154,8,0,12:38,10,160,8,1,15:00,10,170,2,,,,,,,,,,,,,
2016,DAV,2,,,,,,,,,,,,,,,,,,,,,,,,,,,,,,,,,,,,,,,,,,,,,,,,
2016,DAV,3,,,,94,,,,,,,,,,,,,,,,,,,,,,,,,,,,,,,,,,,,,,,,,,,,
2016,DAV,4,,bluti,,88,100,110,,,127,135,8,,134,,,147,148,,,,,,0,154,8,0,12:20,10,160,6,0,14:47,6,170,4,,,,,,,,,,,,,
2016,DAV,5,,bluti,,,88,110,,,127,136,10,134-7,136,,,150,150,,,,,,1,156,8,0,10:20,10,162,7,0,13:47,10,170,6,,,,,,,,,,,,,
2016,DAV,6,,,,102,,,,,,,,,,,,,,,,,,,,,,,,,,,,,,,,,,,,,,,,,,,,
2016,ART,1,,bluti,,,90,104,,,114,133,10,"120 - 4. 122 - 4, 124-4, 126-4, 128 - 5, 130-4",132,,,147,148,,,,,,0,154,7,0,13:12,10,160,7,3,16:38,10,168,7,,,,,,,,,,,,,
2016,ART,2,,bluti,,116,118,126,,,131,138,8,,138,,,150,150,,,,,,0,156,8,1,11:10,10,,,,,,170,2,,,,,,,,,,,,,
2016,ART,3,,bluti,,102,104,114,,,122,130,8,128 - 6,130,,,144,144,,,,,,1,150,7,0,10:20,10,156,4,1,11:25,8,168,3,,,,,,,,,,,,,
2016,ART,4,,bluti,,88,90,,,,134,140,7,,140,,,,,,,,,,,,,,,,,,,,,,0,,,,,,,,,,,,,
2016,ART,5,,bluti,,,100,108,,,124,131,8,"128 - 5, 130-4",132,,,,,,,,,,,,,,,,,,,,,,0,,,,,,,,,,,,,
2016,ART,6,,bluti,,88,94,106,,,120,128,8,"126-6, 128 - 8, 130-8",132,,,144,144,,,,,,0,150,8,1,10:40,10,156,8,2,11:35,10,168,8,,,,,,,,,,,,,
2016,MUN,1,,bluti,,101,103,123,,,124,131,8,"131-8, 133-8, 135-8",137,,,,,,,,,,,,,,,,,,,,,,0,,,,,,,,,,,,,
2016,MUN,2,,bluti,,91,97,,,,126,132,7,,133,,,147,147,,,,,,0,153,6,0,13:13,10,159,6,2,08:00,10,167,6,,,,,,,,,,,,,
2016,MUN,3,,bluti,,93,103,117,,,125,138,9,"131-6, 133-6, 135-6, 137-8",139,,,148,149,,,,,,0,155,8,0,12:16,10,161,8,5,12:49,10,171,8,,,,,,,,,,,,,
2016,MUN,4,,,,,,,,,,,,,,,,,,,,,,,,,,,,,,,,,,,,,,,,,,,,,,,,
2016,MUN,5,,bluti,,93,101,,,,,,,,,,,,,,,,,,,,,,,,,,,,,,,,,,,,,,,,,,,
2016,MUN,6,,bluti,,,116,125,,,124,133,10,"131-8, 133-10",135,,,146,147,,,,,,0,153,10,1,12:50,10,159,10,2,08:30,10,167,10,,,,,,,,,,,,,
2016,FOU,1,,bluti,,,96,104,,,113,117,5,"120 - 5, 122 - 5",124,,,137,138,,,,,,1,144,4,0,14:30,10,150,4,2,12:00,10,162,4,,,,,,,,,,,,,
2016,FOU,2,,bluti,,,112,118,,,120,129,8,126-5,128,,,142,142,,,,,,1,148,7,0,15:53,10,154,7,0,14:28,10,164,7,,,,,,,,,,,,,
2016,FOU,3,,bluti,,88,90,94,,,128,133,6,,134,,,145,146,,,,,,0,152,3,1,16:50,10,158,3,2,11:47,7,166,3,,,,,,,,,,,,,
2016,FOU,4,,bluti,,102,104,,,,,,,,,,,,,,,,,,,,,,,,,,,,,,,,,,,,,,,,,,,
2016,FOU,5,,bluti,,100,104,124,,,124,132,9,130-7,132,,,144,144,,,,,,0,150,8,0,11:40,10,156,8,4,13:05,10,164,8,,,,,,,,,,,,,
2016,FOU,6,,,,118,WASP - 142,,,,,,,,,,,,,,,,,,,,,,,,,,,,,,,,,,,,,,,,,,,
2016,ALN,1,,,,,110,,,,,,,,,,,,,,,,,,,,,,,,,,,,,,,,,,,,,,,,,,,
2016,ALN,2,,bluti,,88,90,98,,,110,116,7,,116,,,130,130,,,,,,0,136,6,1,15:10,10,142,6,1,14:54,10,156,6,,,,,,,,,,,,,
2016,ALN,3,,bluti,,128,,,,,,,,,,,,,,,,,,,,,,,,,,,,,,,,,,,,,,,,,,,,
2016,ALN,4,,,,94,96,,,,,,,,,,,,,,,,,,,,,,,,,,,,,,,,,,,,,,,,,,,
2016,ALN,5,,bluti,,,112,116,,,120,126,7,,126,,,138,138,,,,,,0,144,6,0,15:15,10,150,3,2,12:25,7,160,3,,,,,,,,,,,,,
2016,ALN,6,,bluti,,88,90,112,,,125,131,8,128 - 4,132,,,146,146,,,,,,0,152,8,0,17:27,10,158,8,2,12:55,10,166,8,,,,,,,,,,,,,
2016,DEL,1,,bluti,,93,103,111,,,113,120,8,"119 - 7, 121 - 8, 123 - 8",125,,,137,137,,,,,,1,143,7,0,11:12,10,149,7,2,10:16,10,161,7,,,,,,,,,,,,,
2016,DEL,2,,bluti,,89,91,107,,,123,131,8,129 - 5,131,,,143,143,,,,,,1,149,7,1,10:50,10,155,7,0,10:38,10,165,7,,,,,,,,,,,,,
2016,DEL,3,,bluti,,89,91,103,,,127,133,7,,133,,,145,145,,,,,,0,151,7,0,09:40,10,157,7,2,09:15,10,167,7,,,,,,,,,,,,,
2016,DEL,4,,bluti,,89,95,111,,,127,132,6,,133,,,145,145,,,,,,1,151,5,0,09:50,10,157,5,1,09:27,10,167,5,,,,,,,,,,,,,
2016,DEL,5,,bluti,,93,101,109,,,123,128,6,,129,,,143,143,,,,,,1,149,5,0,10:34,10,155,5,3,10:12,10,165,5,,,,,,,,,,,,,
2016,DEL,6,,bluti,,,113,119,,,128,136,8,,135,,,148,149,,,,,,0,155,8,1,10:25,10,161,8,5,10:49,10,169,8,,,,,,,,,,,,,
2016,TAI,1,,bluti,,,88,100,,,116,122,7,"120 - 4, 122 - 6",124,,,138,138,,,,,,0,144,7,1,16:15,10,150,5,3,15:35,10,162,2,,,,,,,,,,,,,
2016,TAI,2,,bluti,,88,94,108,,,116,123,8,120 - 5,122,,,136,136,,,,,,1,142,6,0,15:56,10,148,3,0,17:52,6,162,3,,,,,,,,,,,,,
2016,TAI,3,,bluti,,92,96,104,,,116,123,8,120 - 5,122,,,135,136,,,,,,0,142,8,0,15:44,10,148,6,1,17:38,10,162,6,,,,,,,,,,,,,
2016,TAI,4,,bluti,,90,96,110,,,120,128,9,126-6,128,,,143,144,,,,,,1,152,7,0,18:10,6,156,7,2,15:10,10,166,7,,,,,,,,,,,,,
2016,TAI,5,,bluti,,,88,104,,,115,122,7,120 - 5,122,,,136,136,,,,,,1,142,6,0,16:15,10,148,6,1,18:07,10,162,6,,,,,,,,,,,,,
2016,TAI,6,,bluti,,88,90,104,,,119,126,8,128 - 7?,126,,,137,138,,,,,,1,144,6,2,16:00,10,150,6,2,15:20,10,162,6,,,,,,,,,,,,,
2016,SPD,1,,bluti,,124,126,130,,,131,138,8,138-8,140,,,154,154,,,,,,0,160,4,0,19:40,6,166,4,3,15:00,7,173,4,,,,,,,,,,,,,
2016,SPD,2,,,,,,,,,,,,,,,,,,,,,,,,,,,,,,,,,,,,,,,,,,,,,,,,
2016,SPD,3,,bluti,,,96,118,,,124,130,7,,130,,,144,144,,,,,,1,150,6,0,16:40,10,156,6,3,16:50,10,166,6,,,,,,,,,,,,,
2016,SPD,4,,,,100,,,,,,,,,,,,,,,,,,,,,,,,,,,,,,,,,,,,,,,,,,,,
2016,SPD,5,,,,,,,,,,,,,,,,,,,,,,,,,,,,,,,,,,,,,,,,,,,,,,,,
2016,SPD,6,,,,120,,,,,,,,,,,,,,,,,,,,,,,,,,,,,,,,,,,,,,,,,,,,
2016,DOR,1,,,,,,,,,,,,,,,,,,,,,,,,,,,,,,,,,,,,,,,,,,,,,,,,
2016,DOR,2,,bluti,,105,113,119,,,124,131,8,129 - 6,131,,,144,145,,,,,,0,151,7,1,08:30,10,157,5,0,08:15,8,165,1,,,,,,,,,,,,,
2016,DOR,3,,,,,,,,,,,,,,,,,,,,,,,,,,,,,,,,,,,,,,,,,,,,,,,,
2016,DOR,4,,,,,,,,,,,,,,,,,,,,,,,,,,,,,,,,,,,,,,,,,,,,,,,,
2016,DOR,5,,bluti,,109,113,127,,,128,133,6,135-6,137,,,149,149,,,,,,0,155,3,0,09:01,4,161,3,2,09:53,6,171,3,,,,,,,,,,,,,
2017,EDI,1,,bluti,,,111,119,,,121,130,10,"121-1,123-3,125-5,127-7",129,odd,,143,143,,7,6.62,0.945714286,,1,149,8,0,14:40,10,155,0,,,,,0,,,,,,,,,,,,,
2017,EDI,2,,bluti,,,91,97,,,106,114,9,"109-4,111-6,113-8,115-9",117,6,0,133,133,y,2,1.89,0.945,,0,139,6,0,14:40,10,145,6,2,16:46,10,155,6,,,,,,,,,,,,,
2017,EDI,3,,bluti,,,93,101,,,114,125,10,"119-4,121-4",123,8,0,133,133,,9,10.72,1.191111111,,1,139,9,1,14:51,10,145,9,6,16:32,10,153,9,,,,,,,,,,,,,
2017,EDI,4,,bluti,,,93,113,,,121,129,9,"121-1,123-3,125-5",127,odd,,141,141,,5,4.8,0.96,,0,147,5,0,16:07,10,153,0,,,,,0,,box is empty at day 10!,,,,,,,,,,,
2017,EDI,5,,bluti,,,91,97,,,115,124,9,"119-5,121-6",123,unmanipulated,,136,137,,8,12.93,1.61625,,1,143,8,0,15:56,10,149,8,2,14:55,10,157,8,,,,,,,,,,,,,
2017,EDI,6,,bluti,,,105,109,,,113,121,6,"117-5,121-6",119,2,0,131,131,,9,21.69,2.41,,1,137,8,0,13:57,10,143,8,0,16:07,10,155,8,,,,,,,,,,,,,
2017,EDI,7,,bluti,,,97,105,,,112,120,8,"117-6,119-7,121-8",121,unmanipulated,,134,135,,8,13.28,1.66,,0,141,8,0,14:06,10,147,8,4,16:22,10,155,8,,,,,,,,,,,,,
2017,EDI,8,,bluti,,,91,103,,,110,119,10,"115-8,117-8,121-10",119,3,0,137,137,,1,0.92,0.92,,,,0,,,,,,,,,,0,,10 dead chicks  - looked about day 3 - prob died in day of rain.,,,,,,,,,,,
2017,RSY,1,,bluti,,,92,118,,,114,122,9,"118-5,120-7,122-9",124,3,0,142,142,,7,8.76,1.251428571,,3,148,7,3,07:17,10,154,0,,,,,0,,,,,,,,,,,,,
2017,RSY,2,,bluti,,,104,120,,,121,131,9,"124-4,126-6, 128-6",130,6,0,134,134,,7,6.52,0.931428571,,1,140,7,0,08:32,8,146,7,2,07:11,10,154,7,,,,,,,,,,,,,
2017,RSY,3,,bluti,,,100,116,,,117,128,11,"122-6,124-7,126-9",128,1,0,136,136,,6,5.22,0.87,,0,142,9,0,07:04,10,148,9,3,07:33,14,156,5,,,,,,,,,,,,,
2017,RSY,4,,,,,104,,,,,,,,,,,,,,,,,,,,,,,,,,,,,,,,,,,,,,,,,,,
2017,RSY,5,,bluti,,,92,100,,,115,123,6,"120-5,122-5,126-6",124,unmanipulated,,136,136,,3,2.81,0.936666667,,1,142,5,0,07:19,10,148,5,1,07:46,10,156,5,,,,,,,,,,,,,
2017,RSY,6,,bluti,,,92,104,,,109,117,9,"116-8,118-9, 120-9",122,2,0,,,,,,,,,,,,,,,,,,,,0,,,,,,,,,,,,,
2017,RSY,7,,,,,,,,,,,,,,,,,,,,,,,,,,,,,,,,,,,,,,,,,,,,,,,,
2017,RSY,8,,bluti,,,98,,,,113,123,11,"118-6,120-7,122-10,124-11, 128-11",130,unmanipulated,,144,144,,7,7.97,1.138571429,,2,150,7,0,07:41,10,156,4,0,08:44,6,164,3,,,,,,,,,,,,,
2017,FOF,1,,bluti,,,92,100,,,111,118,8,"114-4,116-6, 120-8",118,unmanipulated,,132,132,,7,9.3,1.328571429,,0,138,8,0,09:14,10,144,8,5,11:21,10,154,8,,,,,,,,,,,,,
2017,FOF,2,,bluti,,,92,108,,,111,118,8,"114-4,116-6,118-8",120,unmanipulated,,132,132,,3,2.98,0.993333333,,2,138,5,0,09:25,10,144,5,1,11:08,10,154,5,,,,,,,,,,,,,
2017,FOF,3,,bluti,,,122,124,,,126,132,7,"126-1,130-5",132,odd,,144,144,,1,1.19,1.19,,0,150,7,0,08:25,10,156,7,0,09:14,10,166,3,,,,,,,,,,,,,
2017,FOF,4,,bluti,,,92,92,,,101,111,11,108-8,110,5,0,129,130,,7,12.97,1.852857143,,0,136,7,0,11:10,12,142,7,2,08:46,10,150,7,,,,,,,,,,,,,
2017,FOF,5,,bluti,,,92,100,,,108,116,9,112-5,116,4,0,124,124,,7,10.11,1.444285714,,1,130,10,2,09:00,10,136,10,4,10:53,10,146,10,,,,,,,,,,,,,
2017,FOF,6,,bluti,,,92,96,,,110,118,8,"114-4,116-6,118-8, 120-8",120,not possible,,132,132,,2,2.18,1.09,,1,138,7,1,09:37,10,144,7,1,10:33,15,154,7,,,,,,,,,,,,,
2017,FOF,7,,bluti,,,92,92,,,108,114,7,112-5,114,unmanipulated,,127,128,,7,11.98,1.711428571,,0,134,7,0,09:13,10,140,7,2,09:37,10,150,7,,,,,,,,,,,,,
2017,FOF,8,,bluti,,,92,94,,,100,108,9,"106-7,108-9",112,not possible,,122,122,,6,5.73,0.955,,0,128,8,1,09:32,13,134,8,0,09:24,10,146,8,,,,,,,,,,,,,
2017,BAD,1,,bluti,,,91,99,,,115,124,10,"117-3,119-4, 121-7,123-9,125-10",127,unmanipulated,,138,139,,6,8.8,1.466666667,,4,145,6,0,15:42,10,151,6,2,08:45,10,159,6,,,,,,,,,,,,,
2017,BAD,2,,,,,,,,,,,,,,,,,,,,,,,,,,,,,,,,,,,,,,,,,,,,,,,,
2017,BAD,3,,bluti,,,99,105,,,122,129,8,125-4,127,5,0,140,141,,5,7.44,1.488,,2,147,5,2,15:07,10,153,5,3,16:55,10,161,5,,,,,,,,,,,,,
2017,BAD,4,,,,,,,,,,,,,,,,,,,,,,,,,,,,,,,,,,,,,,,,,,,,,,,,
2017,BAD,5,,bluti,,,91,99,,,119,126,7,"121-3,123-5,125-6,127-7",129,3,0,141,141,,2,2.2,1.1,,1,147,7,0,15:21,10,153,7,1,16:58,10,161,7,,,,,,,,,,,,,
2017,BAD,6,,bluti,,,91,105,,,121,127,9,"121-1,123-3,125-5,127-7",129,unmanipulated,,141,141,,3,4.03,1.343333333,,3,147,6,0,15:13,10,153,6,3,17:13,10,161,6,,,,,,,,,,,,,
2017,LVN,1,,,,,92,,,,,,,,,,,,,,,,,,,,,,,,,,,,,,,,,,,,,,,,,,,
2017,LVN,2,,bluti,,,96,118,,,124,131,8,"126-3, 128-5,130-7",132,unmanipulated,,144,144,,5,5.85,1.17,,0,150,8,2,09:17,10,156,8,2,09:30,10,164,8,,,,,,,,,,,,,
2017,LVN,3,,,,,112,,,,,,,,,,,,,,,,,,,,,,,,,,,,,,,,,,,,,,,,,,,
2017,LVN,4,,bluti,,,92,118,,,122,129,8,"126-5, 128-7",130,unmanipulated,,142,142,,4,3.97,0.9925,,0,148,7,2,11:40,10,154,7,3,11:12,10,160,5,,,,,,,,,,,,,
2017,LVN,5,,bluti,,,108,118,,,125,130,6,126-2,130,unmanipulated,,143,144,,5,7.35,1.47,,1,150,5,0,09:34,10,157,4,1,14:32,7,164,4,,,,,,,,,,,,,
2017,LVN,6,,bluti,,,120,124,,,129,135,7,132-4,134,unmanipulated,,147,148,,6,10.08,1.68,,0,154,7,0,10:58,10,160,7,3,12:30,7,169,5,,,,,,,,,,,,,
2017,LVN,7,,bluti,,,104,112,,,122,129,8,"126-5, 128-7",130,unmanipulated,,142,142,,4,4.13,1.0325,,0,148,8,0,12:08,10,154,8,1,10:45,10,162,6,,,,,,,,,,,,,
2017,LVN,8,,bluti,,,92,102,,,120,130,11,124-5,126,unmanipulated,,141,142,,7,12.56,1.794285714,,1,148,8,2,11:57,10,154,8,4,10:28,10,162,5,,,,,,,,,,,,,
2017,DOW,1,,,,,,,,,,,,,,,,,,,,,,,,,,,,,,,,,,,,,,,,,,,,,,,,
2017,DOW,2,,,,,,,,,,,,,,,,,,,,,,,,,,,,,,,,,,,,,,,,,,,,,,,,
2017,DOW,3,,,,,125,,,,,,,,,,,,,,,,,,,,,,,,,,,,,,,,,,,,,,,,,,,
2017,DOW,4,,bluti,,,93,115,,,121,129,9,"121-1,123-3,125-5,127-7,129-9",131,8,0,143,143,,2,2.09,1.045,,6,149,3,0,13:32,10,155,3,1,10:46,10,163,3,,,,,,,,,,,,,
2017,DOW,5,,bluti,,,107,113,,,124,131,8,"127-4,129-6",131,unmanipulated,,145,145,,7,8.15,1.164285714,,0,151,8,0,13:35,10,157,0,,,,,0,,,,,,,,,,,,,
2017,DOW,6,,bluti,,,97,109,,,125,131,7,129-5,131,7,0,145,145,,4,4.33,1.0825,,0,151,6,0,13:46,10,157,2,0,14:04,3,,0,,,,,,,,,,,,,
2017,DOW,7,,bluti,,,113,,,,127,133,7,,131,6,0,145,145,,6,8.5,1.416666667,,0,151,6,2,13:57,10,157,2,0,14:08,2,,0,,,,,,,,,,,,,
2017,DOW,8,,bluti,,,93,105,,,117,128,10,"119-1,121-3,123-5,125-7",129,4,0,143,143,,1,1,1,,2,149,7,0,13:44,10,155,7,2,10:57,10,,0,,,,,,,,,,,,,
2017,GLF,1,,bluti,,,105,115,,,117,127,8,"119-1,121-3,123-4,125-6",127,6,0,137,137,,9,12.05,1.338888889,,1,143,9,0,13:24,10,149,8,3,14:37,10,157,8,,,,,,,,,,,,,
2017,GLF,2,,,,,,,,,,,,,,,,,,,,,,,,,,,,,,,,,,,,,,,,,,,,,,,,
2017,GLF,3,,bluti,,,97,117,,,125,135,9,"129-5,131-7,133-7",135,4,0,143,143,,5,5.79,1.158,,0,149,6,1,14:53,12,155,6,0,17:34,10,,0,,,,,,,,,,,,,
2017,GLF,4,,bluti,,,103,115,,,122,128,6,"125-4,127-5",129,3,0,147,147,,6,6.57,1.095,,0,153,9,0,14:31,10,159,0,,,,,0,,,,,,,,,,,,,
2017,GLF,5,,bluti,,,119,123,,,122,129,8,"125-3,127-6",129,unmanipulated,,144,145,,7,11.26,1.608571429,,1,151,7,0,12:01,10,157,0,,,,,0,,,,,,,,,,,,,
2017,GLF,6,,bluti,,,97,103,,,113,122,10,"117-5,119-7,121-9",123,1,0,141,141,,5,5.87,1.174,,2,147,6,0,13:49,10,153,6,4,14:33,10,161,6,,,,,,,,,,,,,
2017,GLF,7,,,,,101,123,,,,,,,,,,,,,,,,,,,,,,,,,,,,,,,,,,,,,,,,,,
2017,GLF,8,,bluti,,,95,115,,,122,131,9,125-3,127,unmanipulated,,141,141,,3,3.55,1.183333333,,2,147,7,0,13:54,10,153,6,0,14:42,10,159,1,,,,,,,,,,,,,
2017,SER,1,,bluti,,,91,99,,,108,115,8,"111-4,113-6,115-8",117,7,0,127,127,,5,4.36,0.872,,0,133,8,0,11:18,10,139,8,3,11:29,10,147,8,,,,,,,,,,,,,
2017,SER,2,,bluti,,,97,101,,,110,118,8,"115-5,117-7,119-9,121-8",121,unmanipulated,,133,133,,1,0.88,0.88,,0,139,8,1,11:40,10,145,8,3,12:45,12,153,8,,,,,,,,,,,,,
2017,SER,3,,bluti,,,91,99,,,108,116,9,"113-6,115-8,117-9,121-9",119,8,0,133,133,,4,4.77,1.1925,,0,139,7,0,11:51,10,145,7,4,13:20,10,153,7,,,,,,,,,,,,,
2017,SER,4,,bluti,,,91,105,,,111,120,10,"115-5,117-7,119-9,121-10",123,unmanipulated,,135,135,,5,4.91,0.982,,0,141,9,0,11:01,15,147,8,0,13:02,10,159,3,,,,,,,,,,,,,
2017,SER,5,,bluti,,,91,95,,,101,113,9,"105-5,107-7,109-9, 111-8,121-10",113,unmanipulated,,123,123,y,,,,,0,129,9,0,11:52,13,135,9,3,10:18,10,143,9,,,,,,,,,,,,,
2017,SER,6,,bluti,,,97,101,,,112,122,9,"117-5,119-7,121-8",123,unmanipulated,,135,135,,7,7.46,1.065714286,,2,141,7,0,11:02,10,147,7,3,12:57,14,155,7,,,,,,,,,,,,,
2017,SER,7,,bluti,,,91,95,,,107,114,8,111-5,113,1,0,128,129,,7,10.4,1.485714286,,0,135,8,3,09:57,9,141,7,1,11:24,16,149,7,,,,,,,,,,,,,
2017,SER,8,,bluti,,,105,111,,,114,120,7,"117-4,119-6,121-7",121,3,0,132,133,,8,12.83,1.60375,,1,139,7,0,12:24,10,145,7,6,15:54,15,151,7,,,,,,,,,,,,,
2017,MCH,1,,,,,,,,,,,,,,,,,,,,,,,,,,,,,,,,,,,,,,,,,,,,,,,,
2017,MCH,2,,bluti,,,108,116,,,121,126,6,"124-4,",126,unmanipulated,,140,140,,4,4.07,1.0175,,0,146,5,0,09:14,10,152,5,3,10:45,10,158,5,,,,,,,,,,,,,
2017,MCH,3,,bluti,,,92,108,,,116,120,5,"120-5,122-5,124-5",126,unmanipulated,,136,136,,2,1.99,0.995,,0,142,5,1,10:36,10,148,5,3,09:20,10,156,5,,,,,,,,,,,,,
2017,MCH,4,,,,,,,,,,,,,,,,,,,,,,,,,,,,,,,,,,,,,,,,,,,,,,,,
2017,MCH,5,,,,,,,,,,,,,,,,,,,,,,,,,,,,,,,,,,,,,,,,,,,,,,,,
2017,MCH,6,,bluti,,,92,98,,,104,113,10,112-9,114,unmanipulated,,128,128,,9,7.68,0.853333333,,0,134,10,1,11:06,10,140,10,2,11:40,10,156,10,,,,,,,,,,,,,
2017,PTH,1,,bluti,,,92,102,,,107,121,10,"112-6, 114-8,116-9, 118-9,120-9",120,2,0,136,136,,7,9.68,1.382857143,,1,142,9,0,12:25,10,148,9,4,10:08,10,156,9,,,,,,,,,,,,,
2017,PTH,2,,bluti,,,96,114,,,114,123,10,"118-5,120-7",122,1,0,132,132,,5,5.1,1.02,,0,138,10,0,12:57,10,144,10,3,14:09,13,152,10,,,,,,,,,,,,,
2017,PTH,3,,bluti,,,92,96,,,101,113,7,"108-8, 112-6,114-7,116-7",118,unmanipulated,,128,128,,3,4.31,1.436666667,,3,134,3,0,12:26,10,140,3,3,12:45,5,146,3,,,,,,,,,,,,,
2017,PTH,4,,bluti,,,96,108,,,110,120,10,"114-5,116-7,118-8, 120-10,122-10",124,5,0,135,136,,7,11.05,1.578571429,,1,142,8,0,13:16,10,148,8,4,10:26,10,156,8,,,,,,,,,,,,,
2017,PTH,5,,bluti,,,112,,,,114,122,9,"118-5,120-7",122,4,0,136,136,,4,3.76,0.94,,0,142,9,0,12:56,10,148,8,0,10:38,10,156,2,,,,,,,,,,,,,
2017,PTH,6,,bluti,,,98,108,,,115,123,9,"118-4,120-6",122,unmanipulated,,136,136,,6,5.62,0.936666667,,0,142,9,0,12:44,10,148,9,4,09:21,10,156,9,,,,,,,,,,,,,
2017,PTH,7,,,,,118,,,,,,,,,,,,,,,,,,,,,,,,,,,,,,,,,,,,,,,,,,,
2017,PTH,8,,bluti,,,106,114,,,120,129,9,124-4,126,unmanipulated,,142,142,,7,9.94,1.42,,0,148,9,0,09:57,10,154,9,3,13:35,13,160,6,,,,,,,,,,,,,
2017,STY,1,,bluti,,,91,107,,,122,132,10,"125-3,127-4,129-7",131,not possible,,143,143,,2,1.62,0.81,,0,149,10,0,11:55,10,155,8,6,15:47,13,,5,,,,,,,,,,,,,
2017,STY,2,,,,,117,,,,,,,,,,,,,,,,,,,,,,,,,,,,,,,,,,,,,,,,,,,
2017,STY,3,,bluti,,,109,119,,,119,122,4,123-4,123,unmanipulated,,138,139,,3,5.11,1.703333333,,1,145,3,0,10:17,10,151,3,1,16:07,10,159,3,,,,,,,,,,,,,
2017,STY,4,,bluti,,,99,107,,,115,124,9,"3-119,121-7,123-8",125,8,0,139,139,,7,6.78,0.968571429,,1,145,9,0,10:30,11,151,9,0,15:53,10,157,5,,,,,,,,,,,,,
2017,STY,5,,bluti,,,91,113,,,113,126,11,"3-115,5-117,4-119,121-6,123-8",125,unmanipulated,,137,137,,3,3.03,1.01,,1,143,9,0,10:57,10,149,9,3,12:31,14,159,9,,,,,,,,,,,,,
2017,STY,6,,,,,113,,,,,,,,,,,,,,,,,,,,,,,,,,,,,,,,,,,,,,,,,,,
2017,STY,7,,bluti,,,97,99,,,107,119,11,"111-5,113-7,115-9,117-9,119-11,121-10",123,not possible,,133,133,,9,10.93,1.214444444,,0,139,10,0,09:59,10,145,10,5,10:24,11,155,10,,,,,,,,,,,,,
2017,STY,8,,bluti,,,91,,,,115,124,10,"119-5,121-7,123-9,125-10",127,4,0,139,139,,9,10.48,1.164444444,,0,145,9,1,10:42,12,151,9,4,15:33,10,159,9,,,,,,,,,,,,,
2017,BIR,1,,bluti,,,96,118,,,126,133,8,"130-5,132-7",134,6,0,137,138,,9,15.04,1.671111111,,0,144,11,0,14:50,16,150,11,6,12:16,11,156,11,,,,,,,,,,,,,
2017,BIR,2,,bluti,,,98,,,,122,130,9,"124-3,126-5, 128-7",130,unmanipulated,,143,144,,9,13.84,1.537777778,,0,150,9,2,12:02,10,156,9,4,12:10,10,162,0,,,,,,,,,,,,,
2017,BIR,3,,bluti,,,104,112,,,120,122,3,124-3,128,unmanipulated,,,,,,,,,,,,,,,,,,,,,0,,,,,,,,,,,,,
2017,BIR,4,,,,,,,,,,,,,,,,,,,,,,,,,,,,,,,,,,,,,,,,,,,,,,,,
2017,BIR,5,,,,,,,,,,,,,,,,,,,,,,,,,,,,,,,,,,,,,,,,,,,,,,,,
2017,BIR,6,,bluti,,,98,102,,,111,127,11,"114-4,116-6,118-8,120-9,122-10,126-10",126,1,0,146,146,,5,6.92,1.384,,0,152,8,0,12:45,10,158,2,1,13:30,10,166,2,,,,,,,,,,,,,
2017,BIR,7,,,,,,,,,,,,,,,,,,,,,,,,,,,,,,,,,,,,,,,,,,,,,,,,
2017,BIR,8,,,,,,,,,,,,,,,,,,,,,,,,,,,,,,,,,,,,,,,,,,,,,,,,
2017,DUN,1,,,,,,,,,,,,,,,,,,,,,,,,,,,,,,,,,,,,,,,,,,,,,,,,
2017,DUN,2,,,,,,,,,,,,,,,,,,,,,,,,,,,,,,,,,,,,,,,,,,,,,,,,
2017,DUN,3,,bluti,,,105,117,,,121,130,9,"121-1,123-3,125-5,127-6",129,7,0,143,143,,3,2.94,0.98,,4,151,1,0,13:24,10,157,1,0,11:29,5,163,1,,,,,,,,,,,,,
2017,DUN,4,,,,,,,,,,,,,,,,,,,,,,,,,,,,,,,,,,,,,,,,,,,,,,,,
2017,DUN,5,,,,,105,,,,,,,,,,,,,,,,,,,,,,,,,,,,,,,,,,,,,,,,,,,
2017,DUN,6,,bluti,,,107,121,,,123,128,6,"125-3,127-4,129-5",131,unmanipulated,,143,143,,3,2.94,0.98,,2,149,4,0,11:39,10,155,4,2,15:02,10,163,2,,"cs updated Jan 25, (V1 +UHE) > CS",,,,,,,,,,,
2017,DUN,7,,bluti,,,111,115,,,122,130,8,"125-4,127-6,129-7",131,3,0,141,141,,1,0.46,0.46,,3,147,3,0,11:30,10,153,3,1,11:37,10,161,3,the one chick born on 141 was dead on this date,,,,,,,,,,,,
2017,DUN,8,,,,,,,,,,,,,,,,,,,,,,,,,,,,,,,,,,,,,,,,,,,,,,,,
2017,BLG,1,,bluti,,,92,100,,,116,120,5,120-5,122,unmanipulated,,136,136,,4,4.9,1.225,,1,142,4,0,14:31,10,148,4,3,12:14,10,156,4,,,,,,,,,,,,,
2017,BLG,2,,bluti,,,92,102,,,113,120,8,"118-6,120-8",122,8,0,127,128,,6,10.02,1.67,,1,134,6,2,13:54,10,140,6,3,14:04,10,,6,,,,,,,,,,,,,
2017,BLG,3,,bluti,,,92,108,,,114,121,8,"118-5,120-7",122,unmanipulated,,136,136,,7,8.36,1.194285714,,0,142,8,0,14:42,10,148,8,3,11:53,14,156,8,,,,,,,,,,,,,
2017,BLG,4,,bluti,,,92,100,,,112,123,12,"114-3,116-5,118-7,120-9",122,6,0,,,,,,,,,,,,,,,,,,,,0,abandoned on eggs,,,,,,,,,,,,
2017,BLG,5,,bluti,,,92,104,,,112,121,8,"114-3,116-5,118-6,120-7,122-8,126-9?",124,unmanipulated,,136,136,,3,3.25,1.083333333,,5,142,3,1,14:56,10,148,3,3,11:37,10,156,3,,,,,,,,,,,,,
2017,BLG,6,,bluti,,,92,108,,,114,124,10,"118-5,120-6",122,4,0,137,138,,11,16.63,1.511818182,,0,144,11,0,15:44,15,150,11,3,13:58,10,156,11,,,,,,,,,,,,,
2017,BLG,7,,bluti,,,98,112,,,119,125,7,122-4,124,odd,,136,136,,6,8.57,1.428333333,,0,144,6,0,16:13,10,150,6,0,13:39,10,156,5,,,,,,,,,,,,,
2017,BLG,8,,bluti,,,94,100,,,107,113,7,112-6,114,2,0,134,134,,5,5.8,1.16,,2,140,6,0,13:51,10,146,6,4,13:54,10,154,6,,,,,,,,,,,,,
2017,PIT,1,,,,,91,121,,,,,,,,,,,,,,,,,,,,,,,,,,,,,,,,,,,,,,,,,,
2017,PIT,2,,bluti,,,105,109,,,119,128,10,"123-5,125-5,127-9",129,3,0,141,141,,3,2.97,0.99,,0,147,9,0,09:58,11,153,9,3,10:20,10,163,9,,,,,,,,,,,,,
2017,PIT,3,,bluti,,,97,113,,,121,129,9,"121-1,123-3,124-4,127-7,129-9",131,2,0,141,141,,4,4.05,1.0125,,2,147,8,0,09:54,10,153,8,5,10:30,10,163,8,,,,,,,,,,,,,
2017,PIT,4,,bluti,,,91,111,,,118,128,9,"123-3,125-5,127-8,129-9",131,8,0,144,145,,10,15.1,1.51,,0,151,10,0,11:19,10,157,9,2,10:08,9,163,9,,,,,,,,,,,,,
2017,PIT,5,,bluti,,,91,113,,,122,128,6,"125-3,127-5,129-6",131,unmanipulated,,143,143,,6,8.19,1.365,,0,149,6,0,10:18,10,155,6,5,12:27,10,163,6,,,,,,,,,,,,,
2017,PIT,6,,bluti,,,93,109,,,117,127,11,"121-5,123-7,125-9",127,unmanipulated,,139,139,,7,7.63,1.09,,0,145,11,2,08:49,17,151,11,7,12:01,10,161,11,,,,,,,,,,,,,
2017,PIT,7,,,,,,,,,,,,,,,,,,,,,,,,,,,,,,,,,,,,,,,,,,,,,,,,
2017,PIT,8,,bluti,,,101,115,,,122,131,10,"125-4,127-6,129-8",131,4,0,143,143,,7,8.74,1.248571429,,2,149,7,0,10:38,10,155,7,6,12:49,10,163,7,,,,,,,,,,,,,
2017,KCK,1,,bluti,,,97,115,,,122,129,8,"125-4,127-6",129,8,0,141,141,,5,5.73,1.146,,1,147,6,1,09:08,9,153,6,1,08:27,10,161,6,,,,,,,,,,,,,
2017,KCK,2,,bluti,,,99,121,,,124,133,10,"129-6,131-8",133,unmanipulated,,145,145,,6,7.1,1.183333333,,1,151,8,0,09:44,10,157,7,0,09:19,6,165,5,,,,,,,,,,,,,
2017,KCK,3,,,,,,,,,,,,,,,,,,,,,,,,,,,,,,,,,,,,,,,,,,,,,,,,
2017,KCK,4,,,,,,,,,,,,,,,,,,,,,,,,,,,,,,,,,,,,,,,,,,,,,,,,
2017,KCK,5,,,,,,,,,,,,,,,,,,,,,,,,,,,,,,,,,,,,,,,,,,,,,,,,
2017,KCK,6,,,,,,,,,,,,,,,,,,,,,,,,,,,,,,,,,,,,,,,,,,,,,,,,
2017,KCK,7,,,,,,,,,,,,,,,,,,,,,,,,,,,,,,,,,,,,,,,,,,,,,,,,
2017,KCK,8,,bluti,,,91,109,,,121,127,7,"121-1,123-3,125-5,127-8,129-7",131,1,0,143,143,,2,1.64,0.82,,3,149,3,1,08:41,10,155,3,1,09:38,10,161,3,,,,,,,,,,,,,
2017,KCZ,1,,,,,,,,,,,,,,,,,,,,,,,,,,,,,,,,,,,,,,,,,,,,,,,,
2017,KCZ,2,,,,,,,,,,,,,,,,,,,,,,,,,,,,,,,,,,,,,,,,,,,,,,,,
2017,KCZ,3,,,,,,,,,,,,,,,,,,,,,,,,,,,,,,,,,,,,,,,,,,,,,,,,
2017,KCZ,4,,bluti,,,111,121,,,131,137,7,"125-4,127-5,131-1?,131-3,135-5,137-7",139,5,0,143,143,,7,8.08,1.154285714,,5,149,8,0,09:24,10,155,8,5,10:25,12,163,8,,"First clutch started on 122, but another clutch added on top starting 131",,,,,,,,,,,
2017,KCZ,5,,bluti,,,91,99,,,122,130,8,"125-4,127-6,129-7",131,4,0,,,,,,,,,,,,,,,,,,,,0,,,,,,,,,,,,,
2017,KCZ,6,,bluti,,,103,119,,,116,125,10,"121-6,123-8,125-10,127-9,129-9",131,unmanipulated,,143,143,,8,8.67,1.08375,,0,149,8,0,09:07,10,,,,,,,-999,,exclude fitness metrics from analyses - accidental death of offspring,,,,,,,,,,,
2017,KCZ,7,,,,,,,,,,,,,,,,,,,,,,,,,,,,,,,,,,,,,,,,,,,,,,,,
2017,KCZ,8,,,,,91,111,,,,,,,,,,,,,,,,,,,,,,,,,,,,,,,,,,,,,,,,,,
2017,BLA,1,,bluti,,,100,108,,,116,124,8,"120-4,122-4,124-8,126-9",126,5,0,145,146,,6,9.73,1.621666667,,0,152,6,0,15:05,6,158,6,4,15:05,10,166,6,,,,,,,,,,,,,
2017,BLA,2,,bluti,,,104,112,,,124,131,8,128-5,130,unmanipulated,,144,144,,7,8.56,1.222857143,,0,150,8,0,14:59,10,156,8,1,14:11,10,162,5,,,,,,,,,,,,,
2017,BLA,3,,,,,,,,,,,,,,,,,,,,,,,,,,,,,,,,,,,,,,,,,,,,,,,,
2017,BLA,4,,,,,,,,,,,,,,,,,,,,,,,,,,,,,,,,,,,,,,,,,,,,,,,,
2017,BLA,5,,bluti,,,114,120,,,123,129,6,"128-5,130-6,132-6",134,2,0,140,140,,6,8.4,1.4,,1,146,6,2,15:49,10,152,6,1,15:18,10,158,6,,,,,,,,,,,,,
2017,BLA,6,,,,,100,102,,,,,,,,,,,,,,,,,,,,,,,,,,,,,,,,,,,,,,,,,,
2017,BLA,7,,,,,108,114,,,,,,,,,,,,,,,,,,,,,,,,,,,,,,,,,,,,,,,,,,
2017,BLA,8,,,,,120,,,,,,,,,,,,,,,,,,,,,,,,,,,,,,,,,,,,,,,,,,,
2017,CAL,1,,,,,,,,,,,,,,,,,,,,,,,,,,,,,,,,,,,,,,,,,,,,,,,,
2017,CAL,2,,bluti,,,93,113,,,122,134,11,"125-4,127-6,129-8,131-9,133-10",135,unmanipulated,,147,147,,7,8.81,1.258571429,,3,153,8,0,07:40,10,159,8,1,07:40,10,167,8,,,,,,,,,,,,,
2017,CAL,3,,,,,97,,,,,,,,,,,,,,,,,,,,,,,,,,,,,,,,,,,,,,,,,,,
2017,CAL,4,,,,,,,,,,,,,,,,,,,,,,,,,,,,,,,,,,,,,,,,,,,,,,,,
2017,CAL,5,,,,,,,,,,,,,,,,,,,,,,,,,,,,,,,,,,,,,,,,,,,,,,,,
2017,CAL,6,,,,,,,,,,,,,,,,,,,,,,,,,,,,,,,,,,,,,,,,,,,,,,,,
2017,CAL,7,,bluti,,,99,109,,,125,134,10,"129-5,131-7,133-9,135-10",137,unmanipulated,,147,147,,1,0.89,0.89,,0,153,10,1,07:52,10,159,10,3,07:53,10,169,8,,,,,,,,,,,,,
2017,CAL,8,,,,,113,,,,,,,,,,,,,,,,,,,,,,,,,,,,,,,,,,,,,,,,,,,
2017,DNM,1,,,,,120,,,,,,,,,,,,,,,,,,,,,,,,,,,,,,,,,,,,,,,,,,,
2017,DNM,2,,,,,96,120,,,,,,,,,,,,,,,,,,,,,,,,,,,,,,,,,,,,,,,,,,
2017,DNM,3,,bluti,,,98,104,,,122,131,10,"124-3,126-5",128,unmanipulated,,144,144,,7,8.56,1.222857143,,1,150,9,1,15:53,10,156,9,4,15:39,10,164,8,,,,,,,,,,,,,
2017,DNM,4,,,,,,,,,,,,,,,,,,,,,,,,,,,,,,,,,,,,,,,,,,,,,,,,
2017,DNM,5,,,,,,,,,,,,,,,,,,,,,,,,,,,,,,,,,,,,,,,,,,,,,,,,
2017,DNM,6,,,,,,,,,,,,,,,,,,,,,,,,,,,,,,,,,,,,,,,,,,,,,,,,
2017,DNM,7,,bluti,,,98,112,,,127,135,9,"128-2,130-4,132-7,134-8",136,unmanipulated,,147,148,,7,10.21,1.458571429,,0,154,7,0,18:19,10,160,4,2,16:30,10,169,4,,,,,,,,,,,,,
2017,DNM,8,,,,,,,,,,,,,,,,,,,,,,,,,,,,,,,,,,,,,,,,,,,,,,,,
2017,DNC,1,,,,,,,,,,,,,,,,,,,,,,,,,,,,,,,,,,,,,,,,,,,,,,,,
2017,DNC,2,,bluti,,,106,122,,,126,138,13,130-5,132,unmanipulated,,152,152,,9,10.65,1.183333333,,0,158,12,2,16:55,13,164,11,5,16:22,11,,11,,,,,,,,,,,,,
2017,DNC,3,,,,,,,,,,,,,,,,,,,,,,,,,,,,,,,,,,,,,,,,,,,,,,,,
2017,DNC,4,,,,,128,,,,,,,,,,,,,,,,,,,,,,,,,,,,,,,,,,,,,,,,,,,
2017,DNC,5,,,,,,,,,,,,,,,,,,,,,,,,,,,,,,,,,,,,,,,,,,,,,,,,
2017,DNC,6,,,,,,,,,,,,,,,,,,,,,,,,,,,,,,,,,,,,,,,,,,,,,,,,
2017,DNC,7,,bluti,,,112,122,,,123,131,9,128-6,130,unmanipulated,,145,146,,8,12.88,1.61,,0,152,8,1,16:36,6,158,8,5,17:29,10,166,8,,,,,,,,,,,,,
2017,DNC,8,,,,,112,,,,,,,,,,,,,,,,,,,,,,,,,,,,,,,,,,,,,,,,,,,
2017,DNS,1,,,,,96,,,,,,,,,,,,,,,,,,,,,,,,,,,,,,,,,,,,,,,,,,,
2017,DNS,2,,,,,,,,,,,,,,,,,,,,,,,,,,,,,,,,,,,,,,,,,,,,,,,,
2017,DNS,3,,bluti,,,92,120,,,132,138,7,,136,unmanipulated,,151,152,,7,12.88,1.84,,0,158,7,0,18:03,10,164,6,0,17:01,10,,5,,,,,,,,,,,,,
2017,DNS,4,,,,,114,,,,,,,,,,,,,,,,,,,,,,,,,,,,,,,,,,,,,,,,,,,
2017,DLW,1,,bluti,,,121,,,,139,143,5,,143,unmanipulated,,157,157,,4,3.51,0.8775,,0,163,4,3,08:52,10,169,4,3,15:03,10,,4,,,,,,,,,,,,,
2017,DLW,2,,,,,,,,,,,,,,,,,,,,,,,,,,,,,,,,,,,,,,,,,,,,,,,,
2017,DLW,3,,bluti,,,105,125,,,129,138,10,"133-5,135-8,137-9",141,unmanipulated,,153,153,,8,10.56,1.32,,2,159,8,0,08:26,10,165,8,6,09:14,10,,8,,,,,,,,,,,,,
2017,DLW,4,,,,,,,,,,,,,,,,,,,,,,,,,,,,,,,,,,,,,,,,,,,,,,,,
2017,DLW,5,,,,,,,,,,,,,,,,,,,,,,,,,,,,,,,,,,,,,,,,,,,,,,,,
2017,DLW,6,,,,,,,,,,,,,,,,,,,,,,,,,,,,,,,,,,,,,,,,,,,,,,,,
2017,CRU,1,,bluti,,,91,115,,,124,129,6,"125-2, 127-4",129,unmanipulated,,143,143,,5,6.25,1.25,,0,149,6,3,9.32,10,155,4,4,08:37,10,163,4,,,,,,,,,,,,,
2017,CRU,2,,,,,111,,,,,,,,,,,,,,,,,,,,,,,,,,,,,,,,,,,,,,,,,,,
2017,CRU,3,,,,,,,,,,,,,,,,,,,,,,,,,,,,,,,,,,,,,,,,,,,,,,,,
2017,CRU,4,,,,,,,,,,,,,,,,,,,,,,,,,,,,,,,,,,,,,,,,,,,,,,,,
2017,CRU,5,,bluti,,,99,121,,,126,135,10,"127-2,129-4,131-6,133-8",135,unmanipulated,,,,,,,,,,,,,,,,,,,,,0,,abandoned on eggs,,,,,,,,,,,
2017,CRU,6,,,,,,,,,,,,,,,,,,,,,,,,,,,,,,,,,,,,,,,,,,,,,,,,
2017,CRU,7,,,,,,,,,,,,,,,,,,,,,,,,,,,,,,,,,,,,,,,,,,,,,,,,
2017,CRU,8,,,,,,,,,,,,,,,,,,,,,,,,,,,,,,,,,,,,,,,,,,,,,,,,
2017,NEW,1,,bluti,,,96,110,,,121,126,6,"122-2, 128-6",126,unmanipulated,,139,140,,6,9.87,1.645,,0,146,6,0,17:17,10,152,6,1,18.46,10,160,6,,,,,,,,,,,,,
2017,NEW,2,,,,,,,,,,,,,,,,,,,,,,,,,,,,,,,,,,,,,,,,,,,,,,,,
2017,NEW,3,,,,,94,110,,,,,,,,,,,,,,,,,,,,,,,,,,,,,,,,,,,,,,,,,,
2017,NEW,4,,,,,114,,,,,,,,,,,,,,,,,,,,,,,,,,,,,,,,,,,,,,,,,,,
2017,NEW,5,,bluti,,,112,122,,,132,139,8,136-5,138,unmanipulated,,152,152,,4,6.17,1.5425,,1,158,7,0,18:14,10,164,6,1,17:01,10,,6,,,,,,,,,,,,,
2017,NEW,6,,,,,,,,,,,,,,,,,,,,,,,,,,,,,,,,,,,,,,,,,,,,,,,,
2017,NEW,7,,bluti,,,94,110,,,118,124,7,122-5,124,unmanipulated,,138,138,,3,3.67,1.223333333,,0,145,0,,,,,0,,,,,0,,,,,,,,,,,,,
2017,NEW,8,,bluti,,,92,116,,,133,136,4,134-2,136,unmanipulated,,152,152,,4,5.98,1.495,,0,158,4,0,18:15,10,164,3,0,17:23,10,,1,,,,,,,,,,,,,
2017,HWP,1,,,,,,,,,,,,,,,,,,,,,,,,,,,,,,,,,,,,,,,,,,,,,,,,
2017,HWP,2,,,,,135,,,,,,,,,,,,,,,,,,,,,,,,,,,,,,,,,,,,,,,,,,,
2017,HWP,3,,,,,,,,,,,,,,,,,,,,,,,,,,,,,,,,,,,,,,,,,,,,,,,,
2017,HWP,4,,,,,,,,,,,,,,,,,,,,,,,,,,,,,,,,,,,,,,,,,,,,,,,,
2017,HWP,5,,,,,,,,,,,,,,,,,,,,,,,,,,,,,,,,,,,,,WASP 147,,,,,,,,,,,
2017,HWP,6,,bluti,,,93,119,,,124,131,8,"125-2,129-6",131,unmanipulated,,143,143,,3,1.05,0.35,,0,149,8,2,10:34,10,155,8,8,09:32,10,162,8,,,,,,,,,,,,,
2017,HWP,7,,,,,,,,,,,,,,,,,,,,,,,,,,,,,,,,,,,,,,,,,,,,,,,,
2017,HWP,8,,,,,135,,,,,,,,,,,,,,,,,,,,,,,,,,,,,,,,,,,,,,,,,,,
2017,INS,1,,,,,128,,,,,,,,,,,,,,,,,,,,,,,,,,,,,,,,,,,,,,,,,,,
2017,INS,2,,,,,94,,,,,,,,,,,,,,,,,,,,,,,,,,,,,,,,,,,,,,,,,,,
2017,INS,3,,bluti,,,98,110,,,122,133,10,"122-1, 126-5, 128-7,130-7",130,4,0,146,146,,5,5.77,1.154,,0,152,8,0,17.28,10,158,8,2,17:19,10,166,1,,,,,,,,,,,,,
2017,INS,4,,bluti,,,94,116,,,126,133,8,"126-1,130-5,132-7",134,3,0,144,144,,7,9.33,1.332857143,,0,150,10,0,17:10,10,156,10,0,15:59,10,162,5,,,,,,,,,,,,,
2017,INS,5,,,,,,,,,,,,,,,,,,,,,,,,,,,,,,,,,,,,,,,,,,,,,,,,
2017,INS,6,,,,,,,,,,,,,,,,,,,,,,,,,,,,,,,,,,,,,,,,,,,,,,,,
2017,INS,7,,bluti,,,94,114,,,127,134,8,132-6,134,unmanipulated,,148,148,,8,11.25,1.40625,,0,154,8,0,19:08,10,160,8,6,17:18,10,166,8,,,,,,,,,,,,,
2017,INS,8,,,,,,,,,,,,,,,,,,,,,,,,,,,,,,,,,,,,,,,,,,,,,,,,
2017,FSH,1,,,,,,,,,,,,,,,,,,,,,,,,,,,,,,,,,,,,,,,,,,,,,,,,
2017,FSH,2,,bluti,,,114,124,,,133,139,7,"134-2,138-6",136,unmanipulated,,154,154,,6,8.76,1.46,,0,160,7,0,15:29,10,166,6,1,14:39,10,,5,,,,,,,,,,,,,
2017,FSH,3,,bluti,,,120,128,,,130,135,6,,136,6,0,147,148,,5,11.98,2.396,,1,154,6,0,18:18,10,160,6,1,15:47,10,169,5,,,,,,,,,,,,,
2017,FSH,4,,bluti,,,104,116,,,124,136,9,"124-1, 126-2,128-3,132-5",134,5,0,156,156,,8,10.9,1.3625,,0,162,8,0,15:59,10,169,8,6,12:19,10,,8,,,,,,,,,,,,,
2017,FSH,5,,bluti,,,94,120,,,135,142,8,"136-2,138-4,140-6",142,4,0,148,148,,7,9.04,1.291428571,,0,154,8,2,18:31,12,160,3,2,16:10,10,169,3,,,,,,,,,,,,,
2017,FSH,6,,bluti,,,122,128,,,127,133,7,132-6,134,3,0,149,150,,5,8.35,1.67,,1,156,5,1,15:10,10,162,5,2,16:18,10,169,4,,,,,,,,,,,,,
2017,FSH,7,,,,,104,,,,,,,,,,,,,,,,,,,,,,,,,,,,,,,,,,,,,,,,,,,
2017,FSH,8,,bluti,,,120,,,,128,137,7,"132-3,134-4",136,unmanipulated,,152,152,,7,11.02,1.574285714,,,160,0,,,,,,,,,,0,,,,,,,,,,,,,
2017,RTH,1,,bluti,,,114,120,,,124,134,10,"124-1,128-5,130-6",132,unmanipulated,,144,144,,3,3.21,1.07,,0,150,5,1,15:41,12,156,2,1,14:20,10,166,2,,,,,,,,,,,,,
2017,RTH,2,,,,,134,,,,,,,,,,,,,,,,,,,,,,,,,,,,,,,,,,,,,,,,,,,
2017,RTH,3,,,,,,,,,,,,,,,,,,,,,,,,,,,,,,,,,,,,,,,,,,,,,,,,
2017,RTH,4,,,,,,,,,,,,,,,,,,,,,,,,,,,,,,,,,,,,,,,,,,,,,,,,
2017,RTH,5,,,,,116,,,,,,,,,,,,,,,,,,,,,,,,,,,,,,,,,,,,,,,,,,,
2017,RTH,6,,bluti,,,106,122,,,126,132,7,"126-1,130-5",132,unmanipulated,,145,146,,4,6.47,1.6175,,2,152,4,1,16.19,10,158,4,4,15:47,6,166,4,,,,,,,,,,,,,
2017,AVI,1,,,,,,,,,,,,,,,,,,,,,,,,,,,,,,,,,,,,,,,,,,,,,,,,
2017,AVI,2,,,,,125,,,,,,,,,,,,,,,,,,,,,,,,,,,,,,,,,,,,,,,,,,,
2017,AVI,3,,bluti,,,91,117,,,126,133,8,"129-4,131-6",135,4,0,,,,,,,,,,,,,,,,,,,,0,,abandoned on eggs,,,,,,,,,,,
2017,AVI,4,,bluti,,,91,113,,,123,125,3,"123-1,127-5,129-5",133,3,0,147,147,,7,10.08,1.44,,0,153,8,0,11:25,10,159,8,8,10:28,10,,8,,odd how clutch size dwindled?,,,,,,,,,,,
2017,AVI,5,,,,,,,,,,,,,,,,,,,,,,,,,,,,,,,,,,,,,,,,,,,,,,,,
2017,AVI,6,,bluti,,,107,117,,,124,133,8,"125-2,129-3,131-5, 133-8",137,unmanipulated,,149,149,,7,9.84,1.405714286,,,155,7,0,10:25,10,161,7,3,10:35,10,169,7,,no info in book on uhe,,,,,,,,,,,
2017,AVI,7,,bluti,,,91,109,,,123,132,9,"123-1, 125-3,129-6,131-8",133,unmanipulated,,144,145,,8,11.88,1.485,,0,151,9,1,08:58,10,157,9,6,09:07,12,165,9,,,,,,,,,,,,,
2017,AVI,8,,,,,99,,,,,,,,,,,,,,,,,,,,,,,,,,,,,,,,,,,,,,,,,,,
2017,AVN,1,,,,,,,,,,,,,,,,,,,,,,,,,,,,,,,,,,,,,,,,,,,,,,,,
2017,AVN,2,,bluti,,,92,104,,,118,123,6,122-5,124,4,0,142,142,,6,6.75,1.125,,0,148,10,0,14:51,10,154,10,7,15:50,13,,10,,,,,,,,,,,,,
2017,AVN,3,,bluti,,,108,118,,,122,130,7,122-1,126,6,2,140,140,,1,1.11,1.11,,1,146,9,0,14:15,10,152,9,3,14.53,14,162,9,,,,,,,,,,,,,
2017,AVN,4,,bluti,,,92,98,,,121,131,10,"122-2, 126-6,128-6,130-9",130,2,0,138,138,,1,1.03,1.03,,1,144,5,1,13:26,10,150,5,0,14:31,10,158,5,,,,,,,,,,,,,
2017,AVN,5,,bluti,,,94,104,,,121,131,9,"122-2, 125-5,128-7,130-8",130,unmanipulated,,142,142,,4,4.69,1.1725,,0,148,9,3,14:18,10,154,9,6,16:13,11,162,9,,,,,,,,,,,,,
2017,AVN,6,,bluti,,,94,120,,,121,128,8,122-2,126,3,0,141,142,,7,10.09,1.441428571,,0,148,7,1,14:33,10,154,7,5,16:29,11,160,7,,,,,,,,,,,,,
2017,AVN,7,,bluti,,,102,124,,,128,135,9,130-3,132,odd,,146,146,,2,1.78,0.89,,1,152,8,0,03:21,10,158,8,2,14:30,10,169,8,,,,,,,,,,,,,
2017,AVN,8,,,,,,,,,,,,,,,,,,,,,,,,,,,,,,,,,,,,,,,,,,,,,,,,
2017,CAR,1,,,,,118,124,,,,,,,,,,,,,,,,,,,,,,,,,,,,,,,,,,,,,,,,,,
2017,CAR,2,,,,,,,,,,,,,,,,,,,,,,,,,,,,,,,,,,,,,,,,,,,,,,,,
2017,CAR,3,,bluti,,,102,116,,,121,131,7,"122-2, 126-6,128-6,130-6",132,unmanipulated,,144,144,,6,6.98,1.163333333,,0,150,6,1,13:01,11,156,6,3,12:07,10,166,6,,,,,,,,,,,,,
2017,CAR,4,,,,,,,,,,,,,,,,,,,,,,,,,,,,,,,,,,,,,,,,,,,,,,,,
2017,CAR,5,,,,,,,,,,,,,,,,,,,,,,,,,,,,,,,,,,,,,,,,,,,,,,,,
2017,CAR,6,,bluti,,,118,120,,,128,136,9,"132-5,134-7",136,unmanipulated,,149,150,,9,14.18,1.575555556,,0,156,9,3,12:04,10,162,1,1,13:34,10,166,0,,,,,,,,,,,,,
2017,SLS,1,,bluti,,,124,132,,,133,143,11,"134-2,136-6,138-4,140-8,142-10",144,6,0,152,152,,10,14.36,1.436,,0,158,10,0,13:40,11,164,10,5,12:49,12,,10,,,,,,,,,,,,,
2017,SLS,2,,bluti,,,110,124,,,128,135,9,"132-5,134-8",138,unmanipulated,,150,150,,5,5.11,1.022,,1,156,8,0,11:30,10,162,8,7,12:59,11,,8,,,,,,,,,,,,,
2017,SLS,3,,,,,,,,,,,,,,,,,,,,,,,,,,,,,,,,,,,,,,,,,,,,,,,,
2017,SLS,4,,,,,102,,,,,,,,,,,,,,,,,,,,,,,,,,,,,,,,,,,,,,,,,,,
2017,SLS,5,,,,,,,,,,,,,,,,,,,,,,,,,,,,,,,,,,,,,,,,,,,,,,,,
2017,SLS,6,,bluti,,,114,124,,,129,140,10,"130-2,136-6",138,1,0,156,156,,NA - FEMALE ON NEST,WEIGHED 2,1.045,,0,162,10,1,12:20,10,169,10,6,10:29,10,,10,,,,,,,,,,,,,
2017,SLS,7,,,,,,,,,,,,,,,,,,,,,,,,,,,,,,,,,,,,,,,,,,,,,,,,
2017,SLS,8,,,,,,,,,,,,,,,,,,,,,,,,,,,,,,,,,,,,,,,,,,,,,,,,
2017,TOM,1,,bluti,,,119,121,,,130,140,10,"133-4,135-6,137-7",139,unmanipulated,,151,151,,5,4.97,0.994,,0,157,10,0,10:58,12,163,10,2,12:41,14,,8,,,,,,,,,,,,,
2017,TOM,2,,,,,,,,,,,,,,,,,,,,,,,,,,,,,,,,,,,,,,,,,,,,,,,,
2017,TOM,3,,,,,,,,,,,,,,,,,,,,,,,,,,,,,,,,,,,,,,,,,,,,,,,,
2017,TOM,4,,,,,,,,,,,,,,,,,,,,,,,,,,,,,,,,,,,,,,,,,,,,,,,,
2017,TOM,5,,coati,,,91,97,,,105,114,8,113-7,119,,,129,129,,,,,,,,,,,,,,,,,,,,,,,,,,,,,,,
2017,TOM,6,,bluti,,,101,123,,,130,141,12,"135-6,137-8",141,unmanipulated,,155,155,,11,14.05,1.277272727,,1,161,11,0,12:00,11,167,10,0,12:12,13,,9,,,,,,,,,,,,,
2017,TOM,7,,,,,,,,,,,,,,,,,,,,,,,,,,,,,,,,,,,,,,,,,,,,,,,,
2017,TOM,8,,,,,105,,,,,,,,,,,,,,,,,,,,,,,,,,,,,,,,WASP 147,,,,,,,,,,,
2017,DAV,1,,bluti,,,91,115,,,125,130,6,"125-1,127-3",129,unmanipulated,,145,145,,5,6.5,1.3,,1,151,5,0,11:43,10,157,0,,,,,0,,,,,,,,,,,,,
2017,DAV,2,,bluti,,,127,133,,,135,141,7,139-5,141,odd,,155,155,,7,9.8,1.4,,0,161,7,0,12:46,10,167,6,3,12:37,10,,6,,,,,,,,,,,,,
2017,DAV,3,,bluti,,,108,,,,132,139,7,"133-2,135-3,137-5",139,odd,,153,153,,4,4.81,1.2025,,1,159,3,0,12:03,10,165,3,1,12:52,10,,3,,?ONLY ONE,,,,,,,,,,,
2017,DAV,4,,bluti,,,91,103,,,121,132,10,"121-1, 125-5,127-6,129-7",131,8,0,149,149,,4,4.08,1.02,,1,155,6,0,12:25,10,161,5,0,13:02,10,,5,,,,,,,,,,,,,
2017,DAV,5,,bluti,,,91,97,,,122,131,7,"125-4,127-5,129-5,131-6",133,not possible,,146,147,,7,11.62,1.66,,0,153,7,0,13:01,10,159,0,,,,,0,,,,,,,,,,,,,
2017,DAV,6,,bluti,,,105,111,,,127,,,"127-1,131-2,133-2,135-2,137-2,139-2,141-2",,,,,,,,,,,,,,,,,,,,,,,,,"11/3/25 - cs was recorded as 2, but no incubation recorded.",,,,,,,,,,,
2017,DAV,7,,,,,105,,,,,,,,,,,,,,,,,,,,,,,,,,,,,,,,,,,,,,,,,,,
2017,DAV,8,,bluti,,,111,,,,131,137,7,135-5,137,4,0,145,145,,7,7.55,1.078571429,,0,151,10,0,11:57,10,157,8,0,11:35,12,163,0,,,,,,,,,,,,,
2017,MUN,1,,bluti,,,98,116,,,119,124,6,"120-2, 122-4, 124-6, 126-6,128-5,130-6",132,unmanipulated,,142,142,,5,4.76,0.952,,1,148,5,0,11:48,10,154,5,1,11:41,10,162,2,,,,,,,,,,,,,
2017,MUN,2,,bluti,,,94,118,,,121,129,7,"122-2, 126-5,128-6,130-7",132,unmanipulated,,143,144,,6,9.18,1.53,,0,150,7,1,11:12,10,156,3,2,10:30,10,164,3,,,,,,,,,,,,,
2017,MUN,3,,bluti,,,118,,,,129,134,6,132-4,134,8,0,146,146,,2,1.93,0.965,,5,152,3,0,01:55,10,158,3,2,12:36,10,164,3,,,,,,,,,,,,,
2017,MUN,4,,,,,118,,,,,,,,,,,,,,,,,,,,,,,,,,,,,,,,,,,,,,,,,,,
2017,MUN,5,,bluti,,,108,120,,,123,136,10,"123-2,128-7,130-4,132-4,134-5",136,7,0,140,140,,,,,,3,146,6,0,11:18,10,152,6,5,11.31,10,160,6,,,,,,,,,,,,,
2017,MUN,6,,,,,,,,,,,,,,,,,,,,,,,,,,,,,,,,,,,,,,,,,,,,,,,,
2017,MUN,7,,bluti,,,102,116,,,116,126,11,"118-3, 120-5, 122-7, 124-8, 126-11,127-9?",130,5,0,150,150,y,,,,,0,156,9,0,10:19,11,162,0,,,,,0,,,,,,,,,,,,,
2017,MUN,8,,bluti,,,94,122,,,123,130,8,"128-6,130-8",132,3,0,149,150,,6,13.45,2.241666667,,0,156,6,2,10:15,11,162,6,2,10:29,10,,2,,,,,,,,,,,,,
2017,ART,1,,bluti,,,93,99,,,115,129,9,"117-3, 119-5, 121-7, 125-9,127-9",129,4,0,142,143,,6,10.77,1.795,,1,149,7,0,14:52,10,155,7,6,14:12,10,161,7,,,,,,,,,,,,,
2017,ART,2,,bluti,,,107,115,,,122,129,8,"123-2,127-6",129,unmanipulated,,143,143,,7,10.12,1.445714286,,0,149,8,0,14:57,10,155,8,5,14:29,10,161,8,,,,,,,,,,,,,
2017,ART,3,,bluti,,,107,121,,,123,130,8,"123-1,127-5",129,5,0,137,137,,4,3.71,0.9275,,0,143,9,0,13:03,11,149,9,4,15:26,12,159,9,,,,,,,,,,,,,
2017,ART,4,,bluti,,,111,123,,,123,130,8,"123-1,127-5",129,1,0,139,139,,4,3.58,0.895,,2,145,7,0,13:22,10,151,7,2,13:44,10,159,7,,,,,,,,,,,,,
2017,ART,5,,bluti,,,93,113,,,117,125,9,"121-5, 123-7",125,3,0,143,143,,5,6.18,1.236,,2,149,6,0,15:28,10,155,6,3,14:28,10,163,6,,,,,,,,,,,,,
2017,ART,6,,bluti,,,121,125,,,128,134,7,131-4,133,,,,,,,,,,,,,,,,,,,,,,0,,abandoned,,,,,,,,,,,
2017,ART,7,,,,,,,,,,,,,,,,,,,,,,,,,,,,,,,,,,,,,,,,,,,,,,,,
2017,ART,8,,bluti,,,97,105,,,112,124,11,"115-4,117-5,119-7, 121-9, 123-10, 125-11",127,unmanipulated,,139,139,,8,9.39,1.17375,,2,145,9,0,13:36,10,151,9,6,13:16,13,159,3,,,,,,,,,,,,,
2017,FOU,1,,bluti,,,93,108,,,108,115,8,"113-6, 117-8, 119-8",119,unmanipulated,,131,131,,7,12.36,1.765714286,,0,137,8,1,,14,143,8,5,14:37,10,151,8,,,,,,,,,,,,,
2017,FOU,2,,bluti,,,91,95,,,125,134,9,"125-1,127-4,129-4,131-6",135,odd,,149,149,,6,6.23,1.038333333,,1,155,0,,,,,,,,,,0,,,,,,,,,,,,,
2017,FOU,3,,bluti,,,93,109,,,119,128,9,"119-1, 123-5",125,4,1,135,135,,5,5.82,1.164,,1,141,6,0,13:41,10,147,6,3,15:15,10,155,6,,Laid 1 egg after swap?,,,,,,,,,,,
2017,FOU,4,,bluti,,,91,105,,,116,121,6,,121,3,0,139,139,,1,0.96,0.96,,1,145,7,0,15:02,10,151,7,1,14:46,10,161,7,,,,,,,,,,,,,
2017,FOU,5,,bluti,,,91,109,,,120,125,6,"121-2,123-4",125,6,0,135,135,,2,1.6,0.8,,2,141,6,0,14:00,10,147,6,3,15:52,10,157,6,,,,,,,,,,,,,
2017,FOU,6,,bluti,,,95,105,,,115,123,8,"119-4, 121-6",123,5,0,137,137,,2,2.11,1.055,,2,143,4,1,14:07,10,149,4,1,17:20,10,157,4,,,,,,,,,,,,,
2017,FOU,7,,,,,,,,,,,,,,,,,,,,,,,,,,,,,,,,,,,,,,,,,,,,,,,,
2017,FOU,8,,coati,,,113,113,,,118,124,7,"119-2,123-6",125,,,137,137,,,,,,,,,,,,,,,,,,,,,,,,,,,,,,,
2017,ALN,1,,,,,127,,,,,,,,,,,,,,,,,,,,,,,,,,,,,,,,,,,,,,,,,,,
2017,ALN,2,,,,,131,131,,,,,,,,,,,,,,,,,,,,,,,,,,,,,,,,,,,,,,,,,,
2017,ALN,3,,bluti,,,119,133,,,131,137,7,"133-3,135-5,137-7,139-7, 145-7",,odd,,,,,,,,,,,,,,,,,,,,,,,,,,,,,,,,,,
2017,ALN,4,,bluti,,,101,115,,,124,131,8,"125-2,127-4",129,8,0,145,145,,1,0.76,0.76,,2,151,6,1,15:45,10,157,4,1,14:50,4,165,2,,,,,,,,,,,,,
2017,ALN,5,,,,,129,,,,,,,,,,,,,,,,,,,,,,,,,,,,,,,,,,,,,,,,,,,
2017,ALN,6,,bluti,,,123,,,,129,136,8,135-7,137,unmanipulated,,149,149,,7,9.98,1.425714286,,0,155,8,0,17:02,10,161,3,1,15:48,10,,3,,,,,,,,,,,,,
2017,ALN,7,,,,,,,,,,,,,,,,,,,,,,,,,,,,,,,,,,,,,,,,,,,,,,,,
2017,ALN,8,,bluti,,,109,121,,,126,133,8,127-2,131,4,0,145,145,,7,9.62,1.374285714,,1,151,7,0,16:01,10,157,3,3,15:00,4,167,3,,,,,,,,,,,,,
2017,DEL,1,,bluti,,,100,110,,,112,121,9,"116-5,118-6,120-8",122,1,0,136,136,,5,5.84,1.168,,4,142,5,0,10.07,10,148,5,4,10:15,10,156,5,,,,,,,,,,,,,
2017,DEL,2,,bluti,,,92,104,,,113,123,9,"116-4,118-5,120-8, 122-8",124,2,0,134,134,,7,7.55,1.078571429,,1,140,8,1,10:05,14,146,7,1,10:06,10,154,7,,,,,,,,,,,,,
2017,DEL,3,,bluti,,,96,116,,,124,130,7,"124-1,130-7",130,unmanipulated,,142,142,y,1,,0,,2,148,5,0,10:00,10,154,4,1,10:07,10,162,2,,,,,,,,,,,,,
2017,DEL,4,,bluti,,,94,110,,,122,129,8,"122-1, 126-5,128-7,130-8",138,unmanipulated,,,,,,,,,,,,,,,,,,,,,0,,"eggs cold 140, 142 abandoned",,,,,,,,,,,
2017,DEL,5,,bluti,,,96,106,,,121,127,7,"122-2,128-7",126,8,0,142,142,,1,0.91,0.91,,2,148,6,2,09:47,10,154,6,3,10:23,10,164,5,,,,,,,,,,,,,
2017,DEL,6,,,,,,,,,,,,,,,,,,,,,,,,,,,,,,,,,,,,,,,,,,,,,,,,
2017,DEL,7,,,,,,,,,,,,,,,,,,,,,,,,,,,,,,,,,,,,,,,,,,,,,,,,
2017,DEL,8,,bluti,,,120,122,,,124,131,8,"124-1,128-5",130,5,0,140,140,,5,5.07,1.014,,0,146,7,0,09:41,10,152,7,1,9.58,10,158,7,,,,,,,,,,,,,
2017,TAI,1,,bluti,,,91,97,,,114,126,9,"119-4, 121-5, 123-6",125,4,0,142,143,,8,17.88,2.235,,0,149,7,0,19:28,10,155,0,,,,,0,,,,,,,,,,,,,
2017,TAI,2,,bluti,,,91,97,,,115,123,8,"119-4, 121-6",121,unmanipulated,,135,135,,4,4.79,1.1975,,2,141,6,0,15:30,10,149,6,3,19:14,10,155,5,,,,,,,,,,,,,
2017,TAI,3,,bluti,,,99,117,,,125,130,4,"125-1,129-3,131-4 133-4,135-4",129,odd,,143,143,,1,0.69,0.69,,0,149,4,0,19:06,5,155,4,2,19:20,6,161,0,,"inc on 129, cold on 131, 133, warm on 135",,,,,,,,,,,
2017,TAI,4,,bluti,,,91,105,,,121,132,8,"121-1, 125-5,127-?,129-4",127,1,0,139,139,,4,4.13,1.0325,,3,145,6,1,17:08,10,151,5,2,16:48,12,161,4,,,,,,,,,,,,,
2017,TAI,5,,bluti,,,121,,,,131,138,7,133-2,137,odd,,151,151,,6,7.75,1.291666667,,0,157,4,0,15:40,4,163,4,0,17:45,10,,4,,,,,,,,,,,,,
2017,TAI,6,,bluti,,,97,97,,,125,129,5,125-1,129,odd,,143,143,,2,2.63,1.315,,1,149,4,0,19:07,10,155,4,1,19:28,5,163,4,,,,,,,,,,,,,
2017,OSP,1,,,,,,,,,,,,,,,,,,,,,,,,,,,,,,,,,,,,,,,,,,,,,,,,
2017,OSP,2,,,,,,,,,,,,,,,,,,,,,,,,,,,,,,,,,,,,,,,,,,,,,,,,
2017,OSP,3,,bluti,,,124,126,,,132,136,5,"134-3,136-5",136,unmanipulated,,152,152,,3,7.96,2.653333333,,2,158,3,2,08:35,10,164,3,2,08:45,10,169,3,,,,,,,,,,,,,
2017,OSP,4,,,,,112,,,,,,,,,,,,,,,,,,,,,,,,,,,,,,,,,,,,,,,,,,,
2017,OSP,5,,,,,,,,,,,,,,,,,,,,,,,,,,,,,,,,,,,,,,,,,,,,,,,,
2017,OSP,6,,,,,,,,,,,,,,,,,,,,,,,,,,,,,,,,,,,,,,,,,,,,,,,,
2017,OSP,7,,bluti,,,110,116,,,122,129,8,"122-1, 126-5, 128-7, 130-8",128,unmanipulated,,141,142,,5,8.34,1.668,,0,148,6,0,07:53,10,154,4,1,07:46,10,162,3,,,,,,,,,,,,,
2017,OSP,8,,bluti,,,104,120,,,140,143,4,"140-1,144-4",142,unmanipulated,,158,158,,1,0.94,0.94,,0,164,2,0,08:31,10,169,2,1,08:40,10,,2,,,,,,,,,,,,,
2017,SPD,1,,bluti,,,92,110,,,122,138,13,"122-1,128-7,130-9,132-9,134-11,136-11",138,unmanipulated,,147,148,,12,18.02,1.501666667,,0,154,13,0,08:31,14,160,13,3,09:09,10,166,13,,,,,,,,,,,,,
2017,SPD,2,,,,,,,,,,,,,,,,,,,,,,,,,,,,,,,,,,,,,,,,,,,,,,,,
2017,SPD,3,,,,,124,,,,,,,,,,,,,,,,,,,,,,,,,,,,,,,,,,,,,,,,,,,
2017,SPD,4,,bluti,,,102,,,,122,130,8,"122-1, 126-4,128-6,130-8",130,not possible,,,,,,,,,,,,,,,,,,,,,0,,,,,,,,,,,,,
2017,SPD,5,,,,,,,,,,,,,,,,,,,,,,,,,,,,,,,,,,,,,,,,,,,,,,,,
2017,SPD,6,,,,,134,,,,,,,,,,,,,,,,,,,,,,,,,,,,,,,,,,,,,,,,,,,
2017,SPD,7,,bluti,,,106,120,,,124,132,9,"124-1,128-5,130-7",132,unmanipulated,,146,146,,2,2.21,1.105,,7,152,2,1,8.02,10,158,2,1,09:46,3,166,2,,,,,,,,,,,,,
2017,SPD,8,,bluti,,,92,110,,,122,131,9,"122-1, 126-5,128-6,130-8",132,not possible,,144,144,,6,6.02,1.003333333,,2,150,7,0,08:21,10,156,6,4,07:53,10,164,6,,,,,,,,,,,,,
2017,DOR,1,,bluti,,,93,109,,,123,137,10,"123-1,127-5,133-6,135-8,137-10",,unmanipulated,,,,,,,,,,,,,,,,,,,,,0,,abandoned,,,,,,,,,,,
2017,DOR,2,,bluti,,,97,117,,,134,141,8,"123-1,127-1,129-1,131-0,135-2",137,unmanipulated,,151,151,,3,3.84,1.28,,2,157,6,0,16:34,10,163,5,0,19:03,10,,5,,"new birds moving in, got rid of the old egg, fed for the new pair is 134",,,,,,,,,,,
2017,DOR,3,,bluti,,,105,111,,,116,129,9,"121-6, 123-8",125,6,1,145,145,,7,9.93,1.418571429,,2,151,8,1,05:50,10,157,8,2,16:48,10,163,5,,,,,,,,,,,,,
2017,DOR,4,,,,,,,,,,,,,,,,,,,,,,,,,,,,,,,,,,,,,,,,,,,,,,,,
2017,DOR,5,,,,,,,,,,,,,,,,,,,,,,,,,,,,,,,,,,,,,,,,,,,,,,,,
2017,DOR,6,,bluti,,,111,117,,,123,131,9,"123-1,127-5",129,3,0,139,139,,7,9.19,1.312857143,,1,145,8,0,18:11,10,151,7,4,18:10,15,159,1,,,,,,,,,,,,,
2018,EDI,1,,bluti,,,109,113,,,116,126,11,"121-6,123-8,125-10, 127-10, 129-11w 131-11",127,2,0,137,137,,5,5.23,1.046,,1,143,10,0,12:45,10,149,10,1,16:55,9,161,10,0,,,,,,,,,,,,
2018,EDI,2,,bluti,,,99,109,,,114,124,11,"119-6,121-8,123-10, 124-11w, 127-9?, 131-11",125,1,0,140,141,,10,15.21,1.521,,1,147,10,1,15:41,10,153,10,3,07:46,8,163,10,0,,,,,,,,,,,,
2018,EDI,3,,bluti,,,97,107,,,113,125,12,"117-5,119-7,121-7,123-10",125,5,0,142,143,,6,9.31,1.551666667,12:55,1,149,8,1,16:43,6,155,7,3,19:40,7,163,7,0,,,,,,,,,,,,
2018,EDI,4,,bluti,,,111,113,,,117,125,7,"121-4,123-6, 125-w",125,unmanipulated,0,139,139,0,4,3.84,0.96,,1,145,6,0,17:08,8,151,6,0,21:01,7,161,6,0,,,,,,,,,,,,
2018,EDI,5,,bluti,,,107,113,,,122,130,9,125,127,3,0,138,139,0,10,15.45,1.545,,1,145,2,0,16:50,6,151,2,0,21:09,2,161,2,0,,,,,,,,,,,,
2018,EDI,6,,bluti,,,107,113,,,116,124,9,"121-6,123-8",125,unmanipulated,0,137,137,,6,6.13,1.021666667,,0,144,9,0,08:14,8,149,9,0,16:10,6,159,9,0,2AD,,,,,,,,,,,
2018,EDI,7,,bluti,,,109,113,,,128,,6,133-6,133,odd,0,,,,,,,,,,,,,,,,,,,,0,,deserted on eggs,,,,,,,,,,,
2018,EDI,8,,bluti,,,109,117,,,121,131,10,"125-4, 127-6,129-8, 131-10, 133-10",133,unmanipulated,0,145,145,,10,14.35,1.435,,0,151,10,0,20:53,8,157,10,1,20:19,13,165,10,,,,,,,,,,,,,
2018,RSY,1,,bluti,,,106,116,,,118,127,8,"122-5,124-6, 126-7, 128-8",126,unmanipulated,0,140,140,,7,7.73,1.104285714,,1,146,7,2,07:51,10,152,7,2,06:38,10,160,7,1,,,,,,,,,,,,
2018,RSY,2,,,,,,,,,,,,,,,,,,,,,,,,,,,,,,,,,,,,,,,,,,,,,,,,
2018,RSY,3,,,,,,,,,,,,,,,,,,,,,,,,,,,,,,,,,,,,,,,,,,,,,,,,
2018,RSY,4,,bluti,,,112,116,,,119,125,7,"124-6, 126-7, 128-7",126,unmanipulated,0,140,140,,6,7.14,1.19,,1,146,6,1,08:07,9,152,6,1,06:57,8,160,6,1,,,,,,,,,,,,
2018,RSY,5,,bluti,,,110,118,,,127,135,9,"130-4 132-6, 134-8, 136-9, 138-9",136,odd,0,148,148,,7,6.29,0.898571429,,0,154,9,1,13:35,9,160,0,,,,,0,0,,,,,,,,,,,,
2018,RSY,6,,bluti,,,108,116,,,126,133,8,"130-5, 132-7, 134-8",132,8,0,144,144,,7,9.53,1.361428571,,0,150,7,1,13:11,5,156,7,1,08:50,7,166,7,0,,,,,,,,,,,,
2018,RSY,7,,,,,,,,,,,,,,,,,,,,,,,,,,,,,,,,,,,,,,,,,,,,,,,,
2018,RSY,8,,bluti,,,108,118,,,121,127,7,"126-4, 128-6",130,6,0,146,146,,5,6.35,1.27,08:00,1,152,7,2,07:15,6,158,7,1,08:05,6,164,0,0,,,,,,,,,,,,
2018,FOF,1,,bluti,,,98,112,,,118,133,9,"122-1, 130-6, 132-8, 134-9, 136-9",134,unmanipulated,0,146,146,,4,5.15,1.2875,08:30,2,152,6,1,07:42,7,158,6,2,09:00,6,166,6,2,1 EGG IS MICRO,,,,,,,,,,,
2018,FOF,2,,bluti,,,112,120,,,120,139,4,"126-1, 128-1,130-2, 132-1,134-1, 136-2, 138-3, 142-4",140,not possible,0,154,154,,3,3.38,1.126666667,12:30,0,160,4,1,09:51,4,166,4,3,08:48,5,,4,0,,,,,,,,,,,,
2018,FOF,3,,bluti,,,112,118,,,119,126,8,124,126,6,0,140,140,,6,5.26,0.876666667,,1,146,8,2,08:37,10,152,8,0,07:52,7,162,8,0,,,,,,,,,,,,
2018,FOF,4,,bluti,,,112,112,,,120,126,7,124,126,not possible,0,140,140,,6,7.62,1.27,,0,146,7,3,08:55,9,152,7,2,08:02,6,160,7,0,,,,,,,,,,,,
2018,FOF,5,,bluti,,,106,116,,,116,128,9,"122-2,124-4,126-6",128,unmanipulated,0,142,142,,7,8.05,1.15,,1,148,8,1,08:10,10,154,8,0,12:37,7,164,8,1,,,,,,,,,,,,
2018,FOF,6,,bluti,,,108,116,,,120,128,9,126-7,128,3,0,140,140,,8,9.91,1.23875,,0,146,8,0,08:47,7,152,8,3,08:18,8,160,8,0,,,,,,,,,,,,
2018,FOF,7,,,,,108,,,,,,,,,,,,,,,,,,,,,,,,,,,,,,,,,,,,,,,,,,,
2018,FOF,8,,,,,,,,,,,,,,,,,,,,,,,,,,,,,,,,,,,,,,,,,,,,,,,,
2018,BAD,1,,bluti,,,107,111,,,123,133,10,"127-4, 129-6, 131-7, 133-10, 135-10",133,3,0,149,149,,5,5.48,1.096,,0,155,8,0,18:34,8,161,8,0,10:04,7,169,8,0,,,,,,,,,,,,
2018,BAD,2,,,,,,,,,,,,,,,,,,,,,,,,,,,,,,,,,,,,,,,,,,,,,,,,
2018,BAD,3,,bluti,,,127,127,,,131,138,8,"135-5, 139-8",135,1,0,144,145,,,,,,0,151,9,0,20:04,9,157,9,1,19:34,9,167,9,0,1 DEAD CHICK AT V1,,,,,,,,,,,
2018,BAD,4,,bluti,,,99,113,,,119,124,6,123-5,125,odd?,0,141,141,,5,6.38,1.276,,1,147,5,0,14:46,5,153,5,3,08:41,5,161,5,1,,,,,,,,,,,,
2018,BAD,5,,bluti,,,93,133,,,129,135,7,"133-5, 135-7, 137-7",135,unmanipulated,0,149,149,,4,4.66,1.165,15:30,3,155,4,0,18:09,4,161,4,4,09:30,12,169,4,2,,,,,,,,,,,,
2018,BAD,6,,bluti,,,99,119,,,129,137,9,"133-5, 135-7, 137-9",137,unmanipulated,0,149,149,,4,4.86,1.215,15:30,2,155,7,2,17:58,6,161,7,3,09:15,3,169,7,,,,,,,,,,,,,
2018,LVN,1,,,,,106,118,,,,,,bumblebee nest,,,,,,,,,,,,,,,,,,,,,,,,,,,,,,,,,,,,
2018,LVN,2,,bluti,,,96,114,,,125,130,7,"130-6, 132-6, 134-7",132,unmanipulated,0,146,146,,6,8.33,1.388333333,09:30,1,152,6,3,09:12,7,158,6,4,10:00,8,164,6,,,,,,,,,,,,,
2018,LVN,3,,bluti,,,96,114,,,120,127,6,124-3,126,unmanipulated,0,140,140,,5,5.41,1.082,,0,146,6,1,09:30,7,152,6,1,09:20,6,160,6,,,,,,,,,,,,,
2018,LVN,4,,bluti,,,114,120,,,124,132,9,"128-4,130-7, 132-9, 134-9",132,unmanipulated,0,146,146,,8,9.81,1.22625,09:30,0,152,9,2,09:35,6,158,9,3,10:20,9,166,9,0,,,,,,,,,,,,
2018,LVN,5,,,,,112,,,,,,,,,,,,,,,,,,,,,,,,,,,,,,,,,,,,,,,,,,,
2018,LVN,6,,bluti,,,112,116,,,122,130,7,"126-3, 128-5",130,unmanipulated,0,144,144,,5,6.4,1.28,,0,150,7,0,12:00,6,156,7,2,11:43,9,164,7,0,,,,,,,,,,,,
2018,LVN,7,,bluti,,,112,118,,,125,139,9,"130-2, 132-2, 134-4, 136-7, 138-8, 140-9, 142-9",140,unmanipulated,0,150,150,,2,2.07,1.035,12:10,2,156,7,0,12:47,7,163,7,5,15:07,7,170,6,0,,,,,,,,,,,,
2018,LVN,8,,bluti,,,116,124,,,124,135,8,"128-1,130-3, 132-5, 136-8",134,unmanipulated,0,147,148,,7,11.16,1.594285714,09:00,0,154,8,0,11:03,6,160,8,6,11:20,10,168,8,0,,,,,,,,,,,,
2018,DOW,1,,bluti,,,109,115,,,121,129,8,"125-3, 127-6, 133-8",129,unmanipulated,0,143,143,,6,7.88,1.313333333,11:30,1,149,6,0,14:52,5,155,6,2,16:00,7,163,6,0,,,,,,,,,,,,
2018,DOW,2,,bluti,,,147,147,,,146,151,6,"149-4, 151-6",149,odd,0,163,163,,3,3.83,1.276666667,15:30,1,169,3,0,16:00,3,177,3,1,16:00,5,,3,0,,,,,,,,,,,,
2018,DOW,3,,bluti,,,107,115,,,119,125,7,123-5,125,5,0,143,145,,11,23.61,2.146363636,,0,149,11,1,15:00,9,155,11,3,16:09,11,163,11,0,,,,,,,,,,,,
2018,DOW,4,,,,,,,,,,,,,,,,,,,,,,,,,,,,,,,,,,,,,,,,,,,,,,,,
2018,DOW,5,,bluti,,,109,113,,,119,129,11,"123-5,125-6, 127-8",129,3,0,139,139,0,5,7.22,1.444,,2,145,5,0,15:25,8,151,5,0,18:30,8,157,5,2,,,,,,,,,,,,
2018,DOW,6,,bluti,,,109,115,,,119,126,7,"123-5,125-6",127,7,0,142,143,,8,11.64,1.455,11:30,0,149,10,0,15:06,12,155,10,2,16:54,8,163,10,0,,,,,,,,,,,,
2018,DOW,7,,bluti,,,107,121,,,121,130,10,125-5,127,6,0,141,141,,6,6.77,1.128333333,,1,147,6,0,14:06,6,153,6,2,11:07,6,161,6,0,,,,,,,,,,,,
2018,DOW,8,,bluti,,,105,111,,,119,126,8,"123-5,125-7, cold on 131",127,unmanipulated,0,141,141,,6,6.46,1.076666667,,1,147,6,0,14:02,6,153,6,4,10:54,5,161,6,1,,,,,,,,,,,,
2018,GLF,1,,bluti,,,127,131,,,131,136,6,"135-5, 137-6, 139-6",137,odd,0,149,149,,4,4.57,1.1425,,0,155,6,0,15:00,6,161,5,0,11:36,5,169,3,0,,,,,,,,,,,,
2018,GLF,2,,bluti,,,107,109,,,115,118,4,"119-4,121-4,123-4",125,unmanipulated,0,138,139,0,3,5.52,1.84,,1,145,3,2,14:25,5,151,3,3,16:04,6,157,3,0,,,,,,,,,,,,
2018,GLF,3,,bluti,,,111,125,,,126,133,8,"131-6, 133-8, 135-7, 137-8",135,odd,0,147,147,,7,8.74,1.248571429,13:20,1,154,7,0,09:56,6,159,7,3,13:06,10,167,7,0,,,,,,,,,,,,
2018,GLF,4,,bluti,,,107,113,,,119,128,6,"123-2,125-?, 127-5",129,8,0,141,141,,9,8.52,0.946666667,,0,147,10,0,13:11,8,153,10,3,13:23,8,161,10,0,,,,,,,,,,,,
2018,GLF,5,,bluti,,,105,113,,,116,126,11,"121-5,123-8, 133-11",125,unmanipulated,0,139,139,0,7,7.4,1.057142857,,1,145,10,1,14:35,14,151,10,4,16:42,12,161,10,1,,,,,,,,,,,,
2018,GLF,6,,bluti,,,125,133,,,129,136,5,"133-4, 135-4, 137-5, 139-5",137,odd,0,149,149,,1,0.98,0.98,13:50,0,155,5,0,15:49,8,161,5,0,11:14,7,167,0,0,,,,,,,,,,,,
2018,GLF,7,,bluti,,,103,118,,,131,135,5,"135-5, 137-5",135,odd,0,147,147,,1,0.99,0.99,13:00,0,154,4,0,09:50,4,159,4,2,13:23,4,169,4,,,,,,,,,,,,,
2018,GLF,8,,bluti,,,97,113,,,116,126,10,"121-6,123-8,125-9",127,4,0,141,141,,3,2.44,0.813333333,,1,147,5,0,13:10,4,153,5,1,13:12,5,163,5,0,,,,,,,,,,,,
2018,SER,1,,bluti,,,99,107,,,113,123,11,"117-5,119-7,121-?,123-11",125,6,0,139,139,1,8,11.1,1.3875,,0,145,8,0,12:50,10,151,8,2,14:23,10,159,8,0,,,,,,,,,,,,
2018,SER,2,,bluti,,,105,113,,,113,120,8,117-5,119,unmanipulated,0,134,135,,8,12.88,1.61,,0,141,8,2,11:32,11,147,8,0,12:14,7,155,8,0,,,,,,,,,,,,
2018,SER,3,,bluti,,,99,113,,,116,127,12,"121-6,123-8,125-10",127,5,0,139,139,0,7,9.96,1.422857143,,1,145,9,0,13:20,12,151,8,2,14:45,9,159,8,0,,,,,,,,,,,,
2018,SER,4,,bluti,,,119,127,,,130,135,6,"135-6, 137-6",135,odd,0,148,149,,5,8.99,1.798,10:50,1,155,5,0,14:56,4,161,5,2,12:29,11,169,5,1,,,,,,,,,,,,
2018,SER,5,,bluti,,,103,113,,,116,126,10,"121-5,123-7",125,3,0,140,141,,2,2.91,1.455,11:30,4,147,2,0,12:06,2,153,2,0,13:43,2,159,2,4,,,,,,,,,,,,
2018,SER,6,,bluti,,,107,113,,,116,124,9,"121-6,123-8",125,1,0,135,135,,6,5.88,1.020408163,,0,141,10,0,11:40,7,147,10,1,11:48,9,157,10,0,,,,,,,,,,,,
2018,SER,7,,bluti,,,91,113,,,116,126,11,"121-6,123-8 (127-7), 129-11",127,unmanipulated,0,137,137,,5,5.18,1.036,,0,143,11,0,10:15,12,149,11,7,12:30,15,157,11,0,,,,,,,,,,,,
2018,SER,8,,bluti,,,91,107,,,113,121,9,117-5,119,unmanipulated,0,135,135,,7,9.37,1.338571429,,2,141,7,0,11:16,8,147,7,2,12:34,10,155,7,2,,,,,,,,,,,,
2018,MCH,1,,bluti,,,104,116,,,118,130,12,"124-7,126-8, 128-10",130,unmanipulated,0,,,,,,,,,,,,,,,,,,,,,,,,,,,,,,,,,
2018,MCH,2,,,,,114,,,,,,,,,,,,,,,,,,,,,,,,,,,,,,,,,,,,,,,,,,,
2018,MCH,3,,bluti,,,106,116,,,122,128,7,126-5,128,4,0,144,144,,8,11.41,1.42625,,0,150,9,0,09:35,8,156,9,5,14:39,8,164,9,,,,,,,,,,,,,
2018,MCH,4,,bluti,,,106,118,,,120,130,10,"124-4,126-6, 128-8",130,3,0,141,142,,7,10.83,1.547142857,,0,148,7,1,09:38,6,154,7,3,08:32,10,162,7,0,,,,,,,,,,,,
2018,MCH,5,,,,,112,,,,,,,,,,,,,,,,,,,,,,,,,,,,,,,,,,,,,,,,,,,
2018,MCH,6,,bluti,,,104,112,,,119,128,10,"124-6,126-7",128,unmanipulated,0,140,140,,5,4.16,0.832,,0,146,9,1,10:37,10,152,9,3,10:58,9,160,9,0,,,,,,,,,,,,
2018,PTH,1,,bluti,,,110,112,,,116,128,11,"120-5,122-7,124-9,126-9, 128-12w",128,unmanipulated,0,140,140,,3,2.52,0.84,,3,146,7,3,12:00,9,152,7,0,11:15,10,160,7,3,,,,,,,,,,,,
2018,PTH,2,,bluti,,,126,126,,,127,132,7,130-4 132-6,132,odd,0,146,146,,4,4.28,1.07,12:20,1,152,6,0,11:06,5,158,6,0,12:22,7,166,5,0,,,,,,,,,,,,
2018,PTH,3,,bluti,,,112,116,,,117,128,10,124-7,126,4,0,138,138,0,9,10.6,1.177777778,,0,144,10,1,11:15,12,150,10,7,11:46,12,158,10,0,2AD,,,,,,,,,,,
2018,PTH,4,,bluti,,,96,108,,,114,123,10,"118-5,120-7, 122-9",124,3,0,139,140,0,8,13.36,1.67,,0,146,10,2,12:12,13,152,10,5,11:07,14,160,10,0,,,,,,,,,,,,
2018,PTH,5,,bluti,,,132,134,,,134,139,6,"134-1, 136-3, 138-5",138,odd,0,151,152,,5,7.25,1.45,11:30,0,158,6,0,12:03,5,164,6,4,13:31,9,,3,0,,,,,,,,,,,,
2018,PTH,6,,bluti,,,106,112,,,122,130,7,"126-4, 128-5",130,7,0,140,140,,2,2.12,1.06,,1,146,9,0,11:59,8,152,9,5,11:27,11,160,9,1,,,,,,,,,,,,
2018,PTH,7,,bluti,,,106,112,,,117,126,10,"122-6,124-8, 126-10",126,6,0,143,144,,6,9.53,1.588333333,,0,150,7,0,12:30,,156,7,1,10:18,8,162,7,0,,,,,,,,,,,,
2018,PTH,8,,,,,,,,,,,,,,,,,,,,,,,,,,,,,,,,,,,,,,,,,,,,,,,,
2018,STY,1,,bluti,,,109,111,,,115,126,12,"119-5, 121-?,123-9, 125-11",127,5,0,136,137,,6,8.82,1.47,,0,143,6,0,09:20,8,149,6,3,10:41,5,155,6,0,,,,,,,,,,,,
2018,STY,2,,,,,109,,,,,,,,,,,,,,,,,,,,,,,,,,,,,,,,,,,,,,,,,,,
2018,STY,3,,bluti,,,109,119,,,119,127,9,"123-5,125-7",127,6,0,143,143,,10,10.69,1.069,,0,149,13,0,10:25,14,155,13,3,13:45,15,165,13,,,,,,,,,,,,,
2018,STY,4,,bluti,,,109,133,,,134,140,7,137-4,137,odd,0,151,151,,3,2.35,0.783333333,,0,157,6,0,16:21,9,163,3,3,13:22,7,171,3,0,,,,,,,,,,,,
2018,STY,5,,bluti,,,99,111,,,114,123,8,"119-7?, 121-5, 123-8w",123,1,0,139,139,0,7,6.5,0.928571429,,2,145,10,0,11:30,13,151,10,7,12:11,11,159,10,0,,,,,,,,,,,,
2018,STY,6,,bluti,,,109,111,,,117,130,13,"121-4,123-6,125-8, 127-10, 133-13",129,3,0,141,141,0,8,9.38,1.1725,10:30,0,147,9,0,10:15,8,153,9,3,10:50,10,161,9,0,,,,,,,,,,,,
2018,STY,7,,bluti,,,111,119,,,118,129,11,"123-6,125-8, 127-10, 129-11",131,unmanipulated,0,145,145,0,11,15.17,1.379090909,,0,151,11,1,12:19,10,157,11,6,14:51,13,165,11,,,,,,,,,,,,,
2018,STY,8,,,,,,,,,,,,,,,,,,,,,,,,,,,,,,,,,,,,,,,,,,,,,,,,
2018,BIR,1,,,,,100,,,,,,,,,,,,,,,,,,,,,,,,,,,,,,,,,,,,,,,,,,,
2018,BIR,2,,bluti,,,100,116,,,124,132,9,"128-4, 130-5, 132-9, 134-9",134,7,0,146,146,,9,10.7,1.188888889,,0,152,11,0,12:32,8,158,11,3,10:55,11,166,11,0,,,,,,,,,,,,
2018,BIR,3,,bluti,,,108,114,,,118,126,9,"122-4,124-7,126-9, 138-cold",128,unmanipulated,0,,,,,,,,,,,,,,,,,,,,,,,,,,,,,,,,,
2018,BIR,4,,bluti,,,114,122,,,125,132,7,126-2 132-7,130,5,0,149,150,,8,12.51,1.56375,,0,156,9,1,11:17,8,162,7,4,13:37,11,166,0,0,all dead 166,,,,,,,,,,,
2018,BIR,5,,bluti,,,122,126,,,128,136,9,"132-7, 134-7, 136-9, 138-9",136,4,0,144,144,,4,5,1.25,,1,150,6,1,14:39,5,156,6,2,11:28,6,166,6,1,,,,,,,,,,,,
2018,BIR,6,,,,,,,,,,,,,,,,,,,,,,,,,,,,,,,,,,,,,,,,,,,,,,,,
2018,BIR,7,,bluti,,,108,116,,,122,132,11,"126-5, 128-7, 130-?, 132-11, 134-11",132,2,0,146,146,,9,12.43,1.381111111,13:00,0,152,9,0,12:30,7,158,8,3,11:35,8,164,8,0,,,,,,,,,,,,
2018,BIR,8,,,,,,,,,,,,,,,,,,,,,,,,,,,,,,,,,,,,,,,,,,,,,,,,
2018,DUN,1,,bluti,,,121,127,,,132,139,8,"135-4, 137-6, 139-8, 141-8",139,4,0,148,149,,8,12.99,1.62375,09:30,0,155,9,2,11:50,7,161,9,3,15:54,8,169,9,0,,,,,,,,,,,,
2018,DUN,2,,,,,125,,,,,,,,,,,,,,,,,,,,,,,,,,,,,,,,,,,,,,,,,,,
2018,DUN,3,,,,,,,,,,,,,,,,,,,,,,,,,,,,,,,,,,,,,,,,,,,,,,,,
2018,DUN,4,,bluti,,,115,123,,,127,135,9,"131-5, 133-7, 135-9, 137-9",135,1,0,151,151,,4,3.57,0.8925,10:30,0,157,8,0,13:50,11,163,8,2,12:15,10,171,7,0,,,,,,,,,,,,
2018,DUN,5,,,,,,,,,,,,,,,,,,,,,,,,,,,,,,,,,,,,,,,,,,,,,,,,
2018,DUN,6,,bluti,,,108,123,,,126,134,8,"131-5, 133-7, 135-8, 137-8",135,unmanipulated,0,147,147,,4,4.98,1.245,09:30,2,153,6,1,09:19,7,159,6,3,12:32,5,167,6,0,,,,,,,,,,,,
2018,DUN,7,,,,,118,,,,,,,,,,,,,,,,,,,,,,,,,,,,,,,,,,,,,,,,,,,
2018,DUN,8,,,,,,,,,,,,,,,,,,,,,,,,,,,,,,,,,,,,,,,,,,,,,,,,
2018,BLG,1,,bluti,,,92,110,,,118,130,9,"122-3,124-3,126-4, 128-7",130,5,0,140,140,,3,3.01,1.003333333,,0,146,9,0,13:36,7,152,9,4,13:26,10,160,9,0,,,,,,,,,,,,
2018,BLG,2,,bluti,,,112,120,,,120,124,5,134-11,124,8,0,140,140,,4,3.42,0.855,,1,,0,,,,,,,,,,0,2,"144 CHECK, PULLUS DEAD",,,,,,,,,,,
2018,BLG,3,,bluti,,,92,112,,,126,132,7,134-7,132,odd,0,146,146,,4,4.46,1.115,13:50,0,152,7,0,13:43,8,158,6,3,13:10,7,166,6,0,,,,,,,,,,,,
2018,BLG,4,,bluti,,,92,112,,,118,127,10,"122-5,124-7,126-9, 134-10",128,unmanipulated,0,140,140,,4,3.45,0.8625,,0,146,10,0,13:30,13,152,10,4,13:58,9,162,10,0,,,,,,,,,,,,
2018,BLG,5,,bluti,,,96,110,,,116,125,9,"120-4,122-6,122-8,124-8, 126-9",128,1,0,142,142,,6,7.6,1.266666667,,0,148,9,0,12:40,6,154,9,3,16:05,9,162,9,,,,,,,,,,,,,
2018,BLG,6,,bluti,,,100,112,,,119,128,9,124-5,126,unmanipulated,0,142,142,,8,11.07,1.38375,,0,148,9,0,12:29,7,154,9,3,16:30,9,162,9,0,,,,,,,,,,,,
2018,BLG,7,,bluti,,,94,112,,,118,123,6,122-5,124,unmanipulated,0,138,138,,6,8.3,1.383333333,,0,144,6,1,13:45,8,150,6,1,17:30,7,158,6,0,2AD,,,,,,,,,,,
2018,BLG,8,,bluti,,,92,108,,,118,128,11,"122-5,124-7,126-9",128,2,0,140,140,,5,5.7,1.14,,0,146,5,0,13:23,5,152,5,1,13:16,5,160,5,0,,,,,,,,,,,,
2018,PIT,1,,bluti,,,127,127,,,131,141,8,"135-4, 137-5, 139-6, 141-8",139,2,0,149,149,,6,6,1,,3,155,9,1,11:25,8,161,9,3,14:43,6,169,9,3,,,,,,,,,,,,
2018,PIT,2,,bluti,,,109,119,,,122,136,12,"127-4, 129-6,131-7, 133-10, 135-11, 137-12, 139-12",137,1,0,153,153,,,,,,5,159,3,0,11:40,4,165,3,3,12:10,5,,3,5,,,,,,,,,,,,
2018,PIT,3,,bluti,,,99,119,,,123,136,11,"127-5, 129-7,131-8, 133-11, 135-10, 137-11",135,4,0,151,151,,8,10.1,1.2625,,2,157,9,0,13:05,7,163,9,3,11:32,7,171,9,2,,,,,,,,,,,,
2018,PIT,4,,bluti,,,101,117,,,128,140,11,"133-6, 135-8, 137-10, 139-10, 141-11",137,3,0,146,147,,8,13.04,1.63,09:07,1,153,9,0,08:30,8,159,9,4,11:20,9,167,9,1,,,,,,,,,,,,
2018,PIT,5,,bluti,,,105,121,,,129,140,12,"133-5, 135-7, 137-9, 139-11",139,unmanipulated,0,153,153,,10,12.96,1.296,,0,159,12,,00:00,10,166,10,0,13:05,11,,0,,found dead 169,,,,,,,,,,,
2018,PIT,6,,bluti,,,105,127,,,127,135,9,"131-4, 133-6, 135-9, 137-9",135,unmanipulated,0,148,149,,8,13.44,1.68,09:00,0,155,9,1,11:35,7,161,9,3,14:32,7,167,9,0,,,,,,,,,,,,
2018,PIT,7,,bluti,,,118,126,,,127,137,11,"131-5, 133-7, 135-8, 137-11, 139-11 (1 broken, 10 left)",137,unmanipulated,0,151,151,,9,12.26,1.362222222,09:50,0,157,9,0,12:20,7,163,9,4,11:04,8,171,9,0,,,,,,,,,,,,
2018,PIT,8,,bluti,,,111,119,,,129,137,10,"133-6, 135-7, 137-10, 139-10",137,unmanipulated,0,150,151,,8,13.03,1.62875,09:45,2,157,8,1,12:09,5,163,8,5,11:12,8,171,8,2,,,,,,,,,,,,
2018,KCK,1,,bluti,,,109,117,,,129,138,10,"133-5, 135-7, 137-9, 139-?",137,unmanipulated,0,150,151,,8,13.51,1.68875,08:47,0,157,10,1,10:56,9,163,10,5,08:40,12,169,10,0,,,,,,,,,,,,
2018,KCK,2,,,,,,,,,,,,,,,,,,,,,,,,,,,,,,,,,,,,,,,,,,,,,,,,
2018,KCK,3,,bluti,,,109,127,,,129,138,10,"133-5, 135-7, 137-9, 139-10",137,unmanipulated,0,151,151,,8,10.1,1.2625,09:00,0,157,8,0,11:15,7,163,8,0,09:30,9,171,8,0,,,,,,,,,,,,
2018,KCK,4,,,,,121,,,,,,,,,,,,,,,,,,,,,,,,,,,,,,,,,,,,,,,,,,,
2018,KCK,5,,bluti,,,111,121,,,127,135,9,"131-5, 133-7, 135-9, 137-9",135,6,0,148,149,,7,11.89,1.698571429,08:30,0,155,7,0,10:17,6,161,7,2,10:34,9,165,-999,0,"NB found open 165, all chicks gone",,,,,,,,,,,
2018,KCK,6,,bluti,,,105,113,,,128,134,7,"133-6, 135-7, 137-7",135,5,0,148,149,,8,11.79,1.47375,08:30,0,155,8,1,10:25,6,161,8,3,10:45,9,169,8,0,,,,,,,,,,,,
2018,KCK,7,,,,,,,,,,,,,,,,,,,,,,,,,,,,,,,,,,,,,,,,,,,,,,,,
2018,KCK,8,,coati,,,113,119,,,129,135,7,"133-5, 135-7, 137-7",135,,,149,149,,,,,,,,,,,,,,,,,,,,,,,,,,,,,,,
2018,KCZ,1,,,,,,,,,,,,,,,,,,,,,,,,,,,,,,,,,,,,,,,,,,,,,,,,
2018,KCZ,2,,,,,,,,,,,,,,,,,,,,,,,,,,,,,,,,,,,,,,,,,,,,,,,,
2018,KCZ,3,,,,,,,,,,,,,,,,,,,,,,,,,,,,,,,,,,,,,,,,,,,,,,,,
2018,KCZ,4,,,,,,,,,,,,,,,,,,,,,,,,,,,,,,,,,,,,,,,,,,,,,,,,
2018,KCZ,5,,bluti,,,107,127,,,127,135,9,"131-4, 133-7, 135-9, 137-9 139-9",137,unmanipulated,0,149,149,,8,11.3,1.4125,08:30,0,155,9,0,10:42,7,161,9,3,12:31,10,169,9,0,,,,,,,,,,,,
2018,KCZ,6,,bluti,,,111,123,,,128,135,8,"133-6, 135-8, 137-8, 139-8",137,8,0,151,151,,7,9.8,1.4,09:10,1,157,9,3,11:22,6,163,9,3,09:03,10,171,9,1,,,,,,,,,,,,
2018,KCZ,7,,,,,125,127,,,,,,,,,,,,,,,,,,,,,,,,,,,,,,,,,,,,,,,,,,
2018,KCZ,8,,bluti,,,111,131,,,130,139,10,"133-4, 135-5, 137-8, 139-10",137,6,0,149,149,,6,6.66,1.11,08:30,1,155,7,1,10:23,7,161,7,3,12:15,11,169,6,0,,,,,,,,,,,,
2018,BLA,1,,,,,,,,,,,,,,,,,,,,,,,,,,,,,,,,,,,,,,,,,,,,,,,,
2018,BLA,2,,bluti,,,102,110,,,127,133,9,"130-4, 132-6, 134-7",132,unmanipulated,0,148,148,,6,7.09,1.181666667,13:40,1,154,8,0,17:58,10,160,8,1,16:41,9,168,8,0,,,,,,,,,,,,
2018,BLA,3,,,,,110,122,,,,,,,,,,,,,,,,,,,,,,,,,,,,,,,,,,,,,,,,,,
2018,BLA,4,,bluti,,,110,128,,,129,136,8,"134-6, 136-8, 138-8",136,unmanipulated,0,150,150,,7,8.51,1.215714286,,0,156,8,0,14:01,7,162,8,2,15:27,9,168,8,,,,,,,,,,,,,
2018,BLA,5,,,,,98,112,,,,,,,,,,,,,,,,,,,,,,,,,,,,,,,,,,,,,,,,,,
2018,BLA,6,,bluti,,,100,112,,,122,128,6,"126-4, 134-7",128,unmanipulated,0,142,142,,4,4.39,1.0975,,0,148,6,0,13:45,6,154,6,0,18:17,7,162,6,0,,,,,,,,,,,,
2018,BLA,7,,,,,,,,,,,,,,,,,,,,,,,,,,,,,,,,,,,,,,,,,,,,,,,,
2018,BLA,8,,bluti,,,98,106,,,119,127,8,124-5,126,unmanipulated,0,140,140,,1,0.99,0.99,,3,146,2,1,14:19,3,152,2,2,15:25,4,160,2,0,1 egg broken,,,,,,,,,,,
2018,CAL,1,,,,,,,,,,,,,,,,,,,,,,,,,,,,,,,,,,,,,,,,,,,,,,,,
2018,CAL,2,,bluti,,,113,119,,,121,129,9,"123-3,127-7, 129-9, 131-9, 133-9",133,unmanipulated,0,144,145,,8,14.37,1.79625,,0,151,8,0,08:03,9,157,8,1,10:19,10,165,8,0,,,,,,,,,,,,
2018,CAL,3,,,,,,,,,,,,,,,,,,,,,,,,,,,,,,,,,,,,,,,,,,,,,,,,
2018,CAL,4,,,,,103,129,,,,,,,,,,,,,,,,,,,,,,,,,,,,,,,,,,,,,,,,,,
2018,CAL,5,,,,,,,,,,,,,,,,,,,,,,,,,,,,,,,,,,,,,,,,,,,,,,,,
2018,CAL,6,,,,,,,,,,,,,,,,,,,,,,,,,,,,,,,,,,,,,,,,,,,,,,,,
2018,CAL,7,,bluti,,,101,113,,,117,125,9,"121-5,123-7",125,unmanipulated,0,138,139,0,9,13.5,1.5,,0,145,9,1,08:35,14,151,9,4,08:09,10,159,9,0,,,,,,,,,,,,
2018,CAL,8,,,,,,,,,,,,,,,,,,,,,,,,,,,,,,,,,,,,,,,,,,,,,,,,
2018,DNM,1,,bluti,,,98,112,,,118,125,8,"122-5,124-7, 126-8, 128-8",126,odd,0,140,140,,2,2.23,1.115,,1,146,2,0,14:45,5,152,2,2,16:49,3,162,2,0,,,,,,,,,,,,
2018,DNM,2,,,,,,,,,,,,,,,,,,,,,,,,,,,,,,,,,,,,,,,,,,,,,,,,
2018,DNM,3,,bluti,,,98,116,,,133,140,8,"134-2, 136-4, 138-6",138,unmanipulated,0,152,152,,5,6.23,1.246,16:20,1,158,7,0,17:46,6,164,0,,,,,0,0,dead on 162,,,,,,,,,,,
2018,DNM,4,,bluti,,,122,132,,,133,140,8,"134-2, 136-3, 138-6",140,8,0,150,150,,7,10.09,1.441428571,19:30,0,156,8,1,14:38,8,162,8,1,17:13,7,170,8,0,,,,,,,,,,,,
2018,DNM,5,,,,,118,,,,,,,,,,,,,,,,,,,,,,,,,,,,,,,,,,,,,,,,,,,
2018,DNM,6,,,,,104,110,,,,,,,,,,,,,,,,,,,,,,,,,,,,,,,,,,,,,,,,,,
2018,DNM,7,,,,,120,,,,132,,,"136-no eggs?, 138-1, 140-?, 142-1, 144-1, 150-1",,unmanipulated,0,,,,,,,,,,,,,,,,,,,,,,,,,,,,,,,,,
2018,DNM,8,,bluti,,,120,126,,,130,137,8,"134-5, 136-7, 138-8",136,4,0,152,152,,6,7.13,1.188333333,16:30,0,158,8,0,17:58,11,164,8,4,16:53,8,172,8,,,,,,,,,,,,,
2018,DNC,9,,bluti,,,122,126,,,131,140,10,"138-8, 140-10, 142-10, 144-10",142,unmanipulated,0,152,152,,7,9.74,1.391428571,17:00,0,158,10,0,18:31,10,164,10,1,17:29,9,172,10,,,,,,,,,,,,,
2018,DNC,2,,,,,,,,,,,,,,,,,,,,,,,,,,,,,,,,,,,,,,,,,,,,,,,,
2018,DNC,3,,,,,,,,,,,,,,,,,,,,,,,,,,,,,,,,,,,,,,,,,,,,,,,,
2018,DNC,4,,,,,,,,,,,,,,,,,,,,,,,,,,,,,,,,,,,,,,,,,,,,,,,,
2018,DNC,5,,,,,,,,,,,,,,,,,,,,,,,,,,,,,,,,,,,,,,,,,,,,,,,,
2018,DNC,6,,,,,,,,,,,,,,,,,,,,,,,,,,,,,,,,,,,,,,,,,,,,,,,,
2018,DNC,7,,,,,,,,,,,,,,,,,,,,,,,,,,,,,,,,,,,,,,,,,,,,,,,,
2018,DNC,8,,,,,,,,,,,,,,,,,,,,,,,,,,,,,,,,,,,,,,,,,,,,,,,,
2018,DNS,1,,,,,,,,,,,,,,,,,,,,,,,,,,,,,,,,,,,,,,,,,,,,,,,,
2018,DNS,2,,coati,,,102,104,,,113,,8,,120,,,< 136,136,,,,,,,,,,,,,,,,,,,,,,,,,,,,,,,
2018,DNS,3,,,,,,,,,,,,,,,,,,,,,,,,,,,,,,,,,,,,,,,,,,,,,,,,
2018,DNS,4,,coati,,,116,116,,,122,,,"126-3, 136-7",,,,136,136,,,,,,,,,,,,,,,,,,,,,,,,,,,,,,,
2018,DLW,1,,,,,119,,,,,,,,,,,,,,,,,,,,,,,,,,,,,,,,,,,,,,,,,,,
2018,DLW,2,,,,,125,,,,,,,,,,,,,,,,,,,,,,,,,,,,,,,,,,,,,,,,,,,
2018,DLW,3,,,,,,,,,,,,,,,,,,,,,,,,,,,,,,,,,,,,,,,,,,,,,,,,
2018,DLW,4,,bluti,,,107,123,,,131,138,8,"135-5, 137-7, 139-8",139,unmanipulated,0,151,151,,5,5.12,1.024,07:52,0,157,8,1,09:25,10,163,8,4,08:19,7,171,8,0,,,,,,,,,,,,
2018,DLW,5,,bluti,,,99,117,,,130,137,8,"133-4, 135-6, 137-8, 139-8",137,unmanipulated,0,149,149,,5,5.7,1.14,07:45,0,155,7,0,08:21,8,161,7,6,09:28,8,169,7,0,,,,,,,,,,,,
2018,DLW,6,,,,,,,,,,,,,,,,,,,,,,,,,,,,,,,,,,,,,,,,,,,,,,,,
2018,CRU,1,,,,,,,,,,,,,,,,,,,,,,,,,,,,,,,,,,,,,,,,,,,,,,,,
2018,CRU,2,,bluti,,,97,115,,,127,132,7,"131-6, 133-7, 135-7",133,4,0,141,141,,5,4.94,0.988,,1,147,7,1,18:42,6,153,7,4,08:25,10,161,7,0,2AD,,,,,,,,,,,
2018,CRU,3,,bluti,,,97,111,,,127,133,6,"131-4, 133-6, 135-6",133,unmanipulated,0,147,147,,6,7.95,1.325,09:00,0,153,5,0,08:15,6,159,4,2,08:04,5,169,4,0,,,,,,,,,,,,
2018,CRU,4,,bluti,,,103,111,,,120,127,8,"125-6, 127-8, 129-8, 131-8",129,2,0,147,147,,6,8.48,1.413333333,09:00,0,153,5,0,08:04,6,159,5,2,07:52,4,165,5,0,,,,,,,,,,,,
2018,CRU,5,,,,,105,,,,,,,,,,,,,,,,,,,,,,,,,,,,,,,,,,,,,,,,,,,
2018,CRU,6,,,,,,,,,,,,,,,,,,,,,,,,,,,,,,,,,,,,,,,,,,,,,,,,
2018,CRU,7,,,,,,,,,,,,,,,,,,,,,,,,,,,,,,,,,,,,,,,,,,,,,,,,
2018,CRU,8,,,,,,,,,,,,,,,,,,,,,,,,,,,,,,,,,,,,,,,,,,,,,,,,
2018,NEW,1,,,,,,,,,,,,,,,,,,,,,,,,,,,,,,,,,,,,,,,,,,,,,,,,
2018,NEW,2,,bluti,,,108,120,,,129,135,7,"134-6, 136-7",134,8,0,144,144,,9,9.79,1.087777778,,0,150,9,0,17:20,8,156,9,4,17:58,10,166,9,0,,,,,,,,,,,,
2018,NEW,3,,,,,,,,,,,,,,,,,,,,,,,,,,,,,,,,,,,,,,,,,,,,,,,,
2018,NEW,4,,bluti,,,96,118,,,128,132,5,132-5,132,unmanipulated,0,146,146,,5,7.11,1.422,,0,152,5,2,05:35,5,158,5,3,17:02,5,166,5,0,,,,,,,,,,,,
2018,NEW,5,,,,,,,,,,,,,,,,,,,,,,,,,,,,,,,,,,,,,,,,,,,,,,,,
2018,NEW,6,,,,,,,,,,,,,,,,,,,,,,,,,,,,,,,,,,,,,,,,,,,,,,,,
2018,NEW,7,,,,,98,,,,,,,,,,,,,,,,,,,,,,,,,,,,,,,,,,,,,,,,,,,
2018,NEW,8,,bluti,,,92,108,,,120,129,10,"124-5, 126-7, 128-9, 130-10, 132-10",132,2,0,147,147,,5,8.31,1.662,16:44,1,154,6,2,18:42,6,160,6,3,19:35,9,168,5,1,,,,,,,,,,,,
2018,HWP,1,,bluti,,,97,117,,,120,128,9,"125-6, 127-8, 129-9, 131-9",129,6,0,139,140,,2,,,,0,145,9,0,10:00,14,151,9,0,09:53,13,161,9,0,,,,,,,,,,,,
2018,HWP,2,,,,,101,,,,,,,,,,,,,,,,,,,,,,,,,,,,,,,,,,,,,,,,,,,
2018,HWP,3,,,,,97,,,,,,,,,,,,,,,,,,,,,,,,,,,,,,,,,,,,,,,,,,,
2018,HWP,4,,,,,95,111,,,,,,,,,,,,,,,,,,,,,,,,,,,,,,,,,,,,,,,,,,
2018,HWP,5,,,,,111,117,,,,,,,,,,,,,,,,,,,,,,,,,,,,,,,,,,,,,,,,,,
2018,HWP,6,,bluti,,,99,113,,,119,127,9,"121-2, 123-5, 127-9, 129-9",127,1,0,141,141,,7,8.19,1.17,,0,147,9,3,09:33,9,153,9,0,09:34,12,161,9,0,,,,,,,,,,,,
2018,HWP,7,,bluti,,,117,137,,,140,146,7,"147-7, 149-7",147,unmanipulated,0,158,157,,5,9.1,1.82,,0,165,7,1,11:08,8,,0,,,,,0,,ALL DEAD DAY 10,,,,,,,,,,,
2018,HWP,8,,bluti,,,97,121,,,123,130,8,"127-5, 129-7, 131-8",131,unmanipulated,0,143,143,,5,5.94,1.188,,1,149,7,1,08:36,8,155,7,4,09:50,10,161,7,1,,,,,,,,,,,,
2018,INS,1,,,,,,,,,,,,,,,,,,,,,,,,,,,,,,,,,,,,,,,,,,,,,,,,
2018,INS,2,,bluti,,,110,112,,,127,134,8,"132-6, 134-8, 136-8",134,4,0,148,148,,1,0.79,0.79,16:06,0,154,7,0,17:57,7,160,7,0,19:00,4,170,7,0,,,,,,,,,,,,
2018,INS,3,,,,,,,,,,,,,,,,,,,,,,,,,,,,,,,,,,,,,,,,,,,,,,,,
2018,INS,4,,bluti,,,102,112,,,129,135,7,"134-6, 136-7, 138-7",136,2,0,146,146,,2,1.69,0.845,,2,152,6,0,05:59,7,158,6,5,15:49,6,166,6,2,,,,,,,,,,,,
2018,INS,5,,,,,,,,,,,,,,,,,,,,,,,,,,,,,,,,,,,,,,,,,,,,,,,,
2018,INS,6,,bluti,,,112,126,,,131,137,7,"136-6, 138-7, 140-6",138,unmanipulated,0,150,150,,5,7.1,1.42,16:53,0,156,7,0,17:09,8,162,7,5,17:10,7,170,7,0,,,,,,,,,,,,
2018,INS,7,,bluti,,,124,126,,,129,137,8,"134-6, 136-7, 138-8",136,unmanipulated,0,149,150,1,6,9.08,1.513333333,16:45,0,156,7,0,17:06,7,162,7,2,16:41,8,170,7,0,,,,,,,,,,,,
2018,INS,8,,,,,110,120,,,,,,,,,,,,,,,,,,,,,,,,,,,,,,,,,,,,,,,,,,
2018,FSH,1,,,,,118,,,,,,,,,,,,,,,,,,,,,,,,,,,,,,,,,,,,,,,,,,,
2018,FSH,2,,bluti,,,98,104,,,116,120,5,,120,unmanipulated,0,136,136,0,4,4.8,1.2,,1,142,4,0,14:00,4,148,4,1,15:05,8,154,4,0,,,,,,,,,,,,
2018,FSH,3,,bluti,,,96,132,,,132,140,9,"136-5, 138-7, 140-9",138,odd,0,152,156,,,,,,0,158,9,0,15:21,8,164,8,1,15:05,8,,8,0,,,,,,,,,,,,
2018,FSH,4,,,,,120,,,,,,,,,,,,,,,,,,,,,,,,,,,,,,,,,,,,,,,,,,,
2018,FSH,5,,bluti,,,92,112,,,118,125,8,"120-3, 122-6, 124-7, 126-8",126,8,0,142,142,,9,13.01,1.445555556,,1,148,9,0,15:12,12,154,9,4,17:12,9,160,8,0,,,,,,,,,,,,
2018,FSH,6,,,,,110,,,,,,,,,,,,,,,,,,,,,,,,,,,,,,,,,,,,,,,,,,,
2018,FSH,7,,,,,104,,,,,,,,,,,,,,,,,,,,,,,,,,,,,,,,,,,,,,,,,,,
2018,FSH,8,,bluti,,,92,108,,,119,128,10,"124-6, 126-8, 128-10, ",128,5,0,140,140,,8,10.96,1.37,,0,146,8,4,15:20,8,152,8,0,06:45,10,158,8,0,,,,,,,,,,,,
2018,RTH,1,,,,,,,,,,,,,,,,,,,,,,,,,,,,,,,,,,,,,,,,,,,,,,,,
2018,RTH,2,,,,,,,,,,,,,,,,,,,,,,,,,,,,,,,,,,,,,,,,,,,,,,,,
2018,RTH,3,,,,,,,,,,,,,,,,,,,,,,,,,,,,,,,,,,,,,,,,,,,,,,,,
2018,RTH,4,,,,,,,,,,,,,,,,,,,,,,,,,,,,,,,,,,,,,,,,,,,,,,,,
2018,RTH,5,,,,,,,,,,,,,,,,,,,,,,,,,,,,,,,,,,,,,,,,,,,,,,,,
2018,RTH,6,,,,,106,,,,,,,,,,,,,,,,,,,,,,,,,,,,,,,,,,,,,,,,,,,
2018,AVI,1,,,,,,,,,,,,,,,,,,,,,,,,,,,,,,,,,,,,,,,,,,,,,,,,
2018,AVI,2,,bluti,,,97,107,,,116,124,9,"119-4, 121-6, 123-8, 125-9",125,3,0,145,145,,5,5.83,1.166,,0,151,8,0,11:22,5,157,8,3,09:16,12,165,8,0,,,,,,,,,,,,
2018,AVI,3,,bluti,,,109,125,,,125,133,8,"129-5, 131-6, 133-8",131,2,0,138,139,,8,11.8,1.475,,0,145,9,0,10:50,9,151,9,3,11:04,13,161,9,0,,,,,,,,,,,,
2018,AVI,4,,,,,,,,,,,,,,,,,,,,,,,,,,,,,,,,,,,,,,,,,,,,,,,,
2018,AVI,5,,bluti,,,99,109,,,123,132,10,"127-5, 129-7, 131-9, 133-10, 135-10",133,unmanipulated,0,145,145,,1,1.02,1.02,,1,151,8,0,10:50,9,157,8,2,08:40,16,167,8,0,,,,,,,,,,,,
2018,AVI,6,,bluti,,,99,109,,,123,134,10,"127-3, 129-2, 131-7, 133-9, 135-10",133,unmanipulated,0,147,147,,7,9.24,1.32,10:30,2,153,8,0,10:21,6,159,8,3,09:52,10,167,8,1,,,,,,,,,,,,
2018,AVI,7,,,,,,,,,,,,,,,,,,,,,,,,,,,,,,,,,,,,,,,,,,,,,,,,
2018,AVI,8,,,,,,,,,,,,,,,,,,,,,,,,,,,,,,,,,,,,,,,,,,,,,,,,
2018,AVN,1,,bluti,,,130,130,,,131,136,10,"136-7, 138-7",136,odd,0,152,152,0,9,11.09,1.232222222,08:20,1,158,7,0,14:15,6,164,7,0,13:53,7,172,7,0,,,,,,,,,,,,
2018,AVN,2,,bluti,,,106,114,,,128,140,13,"132-5, 134-6, 136-9, 138-11, 140-13",138,odd,0,152,152,0,2,1.57,0.785,08:17,1,158,12,0,13:52,10,164,12,4,13:35,13,172,12,0,,,,,,,,,,,,
2018,AVN,3,,,,,,,,,,,,,,,,,,,,,,,,,,,,,,,,,,,,,,,,,,,,,,,,
2018,AVN,4,,bluti,,,108,112,,,119,134,12,"124-3, 126-6, 128-5, 130-5, 132-8, 134-12 (some eggs were burried deep)",132,6,0,142,142,,11,12.4,1.127272727,,1,148,11,1,12:49,8,154,11,7,15:35,14,162,11,1,,,,,,,,,,,,
2018,AVN,5,,bluti,,,104,110,,,122,133,9,"126-2, 128-4, 130-6, 132-8, 134-9",132,8,0,140,140,,6,,,,1,146,8,2,13:38,9,152,8,2,08:24,6,162,8,1,,,,,,,,,,,,
2018,AVN,6,,bluti,,,106,110,,,115,126,12,"120-6, 122-8, 124-10, 126-12, 128-12, 130-11",126,4,0,148,148,,7,7.8,1.114285714,13:00,3,154,8,0,15:58,7,160,8,3,15:10,5,168,8,1,,,,,,,,,,,,
2018,AVN,7,,bluti,,,110,116,,,125,134,11,"130- 6, 132-8, 134-10",132,unmanipulated,0,148,148,,10,13.48,1.348,12:51,0,154,11,0,15:23,9,160,11,3,15:19,12,168,10,0,,,,,,,,,,,,
2018,AVN,8,,bluti,,,100,106,,,114,124,9,"120-5, 122-8, 124-9, 126-9, 128-9",126,5,0,,,,,,,,,,,,,,,,,,,,0,,,,,,,,,,,,,
2018,CAR,1,,bluti,,,104,110,,,124,133,9,"128-4, 130-6, 132-8, 134-9",132,unmanipulated,0,145,146,,8,13.32,1.665,12:45,0,152,8,0,09:00,6,158,8,2,12:55,9,166,8,0,,,,,,,,,,,,
2018,CAR,2,,bluti,,,124,128,,,130,136,6,"134-4, 136-6, 138-6, 140-6",140,unmanipulated,0,153,154,,6,8.88,1.48,,0,160,0,,,,,,,,,,0,,,,,,,,,,,,,
2018,CAR,3,,,,,,,,,,,,,,,,,,,,,,,,,,,,,,,,,,,,,,,,,,,,,,,,
2018,CAR,4,,,,,,,,,,,,,,,,,,,,,,,,,,,,,,,,,,,,,,,,,,,,,,,,
2018,CAR,5,,,,,122,,,,,,,,,,,,,,,,,,,,,,,,,,,,,,,,,,,,,,,,,,,
2018,CAR,6,,,,,,,,,,,,,,,,,,,,,,,,,,,,,,,,,,,,,,,,,,,,,,,,
2018,SLS,1,,,,,,,,,,,,,,,,,,,,,,,,,,,,,,,,,,,,,,,,,,,,,,,,
2018,SLS,2,,bluti,,,117,130,,,130,145,12,"135-6, 137-8, 139-10, 141-10, 143-10, 145-12",143,unmanipulated,0,159,165,,,,,,0,165,12,0,12:52,12,171,12,0,12:41,17,,11,0,,,,,,,,,,,,
2018,SLS,3,,bluti,,,120,129,,,129,137,9,"131-3, 133-5, 135-7, 137-9, 139-9",139,5,0,153,153,1,8,9.71,1.21375,11:00,2,159,8,0,11:53,9,165,8,5,13:33,12,172,8,2,,,,,,,,,,,,
2018,SLS,4,,,,,103,,,,,,,,,,,,,,,,,,,,,,,,,,,,,,,,,,,,,,,,,,,
2018,SLS,5,,bluti,,,111,119,,,127,137,11,"131-5, 133-7, 135-9, 137-11, 139-11",139,3,0,152,152,0,9,10.49,1.165555556,09:32,0,159,9,0,11:41,9,165,9,2,13:08,8,171,9,0,,,,,,,,,,,,
2018,SLS,6,,bluti,,,113,117,,,125,134,10,"129-6, 131-7, 133-9, 135-10",133,unmanipulated,0,148,149,,10,16.73,1.673,10:30,0,155,10,0,11:47,8,161,10,1,13:18,10,167,10,0,,,,,,,,,,,,
2018,SLS,7,,,,,,,,,,,,,,,,,,,,,,,,,,,,,,,,,,,,,,,,,,,,,,,,
2018,SLS,8,,,,,121,135,,,,,,,,,,,,,,,,,,,,,,,,,,,,,,,,,,,,,,,,,,
2018,TOM,1,,bluti,,,103,107,,,124,134,10,"129-5, 131-7, 133-9, 135-10",133,unmanipulated,0,147,147,,9,12.21,1.356666667,11:37,0,153,10,0,11:40,7,159,10,3,12:30,12,167,10,0,,,,,,,,,,,,
2018,TOM,2,,,,,,,,,,,,,,,,,,,,,,,,,,,,,,,,,,,,,,,,,,,,,,,,
2018,TOM,3,,,,,,,,,,,,,,,,,,,,,,,,,,,,,,,,,,,,,,,,,,,,,,,,
2018,TOM,4,,,,,,,,,,,,,,,,,,,,,,,,,,,,,,,,,,,,,,,,,,,,,,,,
2018,TOM,5,,,,,97,,,,,,,,,,,,,,,,,,,,,,,,,,,,,,,,,,,,,,,,,,,
2018,TOM,6,,,,,101,,,,,,,,,,,,,,,,,,,,,,,,,,,,,,,,,,,,,,,,,,,
2018,TOM,7,,,,,,,,,,,,,,,,,,,,,,,,,,,,,,,,,,,,,,,,,,,,,,,,
2018,TOM,8,,bluti,,,103,119,,,125,133,9,"129-5, 131-7, 133-9, 135-?, 137-9",133,unmanipulated,0,145,145,,4,3.94,0.985,,0,151,9,0,20:05,9,157,9,3,10:24,13,165,9,0,,,,,,,,,,,,
2018,DAV,1,,bluti,,,97,109,,,119,125,7,"121-3, 123-5, 127-7, 132-7",125,4,0,141,141,,4,4.07,1.0175,,0,147,6,0,12:29,6,153,6,1,12:36,7,163,6,,1ad ringed,,,,,,,,,,,
2018,DAV,2,,,,,,,,,,,,,,,,,,,,,,,,,,,,,,,,,,,,,,,,,,,,,,,,
2018,DAV,3,,bluti,,,117,127,,,129,137,9,"133-5, 135-7, 137-9, 139-9",137,odd,0,149,149,,6,7.64,1.273333333,11:59,0,155,9,0,13:22,10,161,8,2,13:18,9,169,7,0,,,,,,,,,,,,
2018,DAV,4,,bluti,,,101,115,,,121,129,9,"125-5, 127-6, 129-9, 131-9",129,1,0,141,141,,7,9.6,1.371428571,,0,147,7,0,12:22,8,153,7,2,12:57,8,159,7,0,,,,,,,,,,,,
2018,DAV,5,,,,,,,,,,,,,,,,,,,,,,,,,,,,,,,,,,,,,,,,,,,,,,,,
2018,DAV,6,,bluti,,,117,123,,,128,135,8,"133-6, 135-8, 137-8",135,odd,0,148,149,,7,10.66,1.522857143,11:49,0,155,7,0,13:27,7,161,0,,,,,0,0,,,,,,,,,,,,
2018,DAV,7,,,,,91,,,,,,,,,,,,,,,,,,,,,,,,,,,,,,,,,,,,,,,,,,,
2018,DAV,8,,bluti,,,115,117,,,127,134,8,"129-3, 131-5, 133-7, 135-8",133,unmanipulated,0,147,147,,6,7.48,1.246666667,12:30,0,154,1,1,13:59,2,159,1,0,15:00,1,165,0,0,,,,,,,,,,,,
2018,MUN,1,,bluti,,,98,116,,,122,130,8,"126-4, 128-6, 130-8, 134-8, 136-8",134,unmanipulated,0,146,146,,5,6.62,1.324,11:45,2,152,5,0,11:15,5,158,5,0,11:34,6,166,5,0,,,,,,,,,,,,
2018,MUN,2,,bluti,,,98,110,,,122,127,6,"126-5, 128-6, 130-6, 132-6",130,8,0,141,142,,8,12.15,1.51875,,0,148,9,0,11:19,11,154,9,0,12:40,8,160,6,0,,,,,,,,,,,,
2018,MUN,3,,,,,,,,,,,,,,,,,,,,,,,,,,,,,,,,,,,,,,,,,,,,,,,,
2018,MUN,4,,bluti,,,92,110,,,123,131,8,"128-5, 130-7, 132-8",130,7,0,141,142,,7,10.36,1.48,,0,148,7,0,11:13,7,154,7,6,12:55,9,162,7,0,,,,,,,,,,,,
2018,MUN,5,,,,,,,,,,,,,,,,,,,,,,,,,,,,,,,,,,,,,,,,,,,,,,,,
2018,MUN,6,,,,,126,,,,,,,,,,,,,,,,,,,,,,,,,,,,,,,,,,,,,,,,,,,
2018,MUN,7,,bluti,,,94,112,,,121,127,7,"124-4, 126-6, 128-7, 130-7, 132-7",130,4,0,143,144,,5,7.37,1.474,,1,150,7,2,12:54,7,156,7,4,13:14,8,164,7,,,,,,,,,,,,,
2018,MUN,8,,bluti,,,92,110,,,120,128,9,"124-5, 126-7, 128-9, 130-9",128,2,0,142,142,,1,0.68,0.68,,2,148,3,0,11:08,5,154,3,0,12:29,4,162,3,0,,,,,,,,,,,,
2018,ART,1,,bluti,,,97,109,,,114,124,10,"121-6, 123-10, 125-11, 127-11, 137-10",125,3,0,145,145,,6,6.18,1.03,15:07,0,151,8,1,15:00,7,157,8,2,12:20,10,165,8,0,,,,,,,,,,,,
2018,ART,2,,bluti,,,97,107,,,113,121,11,"119-6, 121-8, 123-8, 125-8, 127-8, 129-10, 131-11",129,unmanipulated,0,141,141,,8,10.36,1.295,,0,147,10,0,13:10,8,153,10,5,13:38,11,161,10,0,,,,,,,,,,,,
2018,ART,3,,bluti,,,99,123,,,124,133,10,"127-4, 129-6, 131-8, 133-10, 135-9",133,1,0,139,139,,9,9.34,1.037777778,,1,145,8,0,14:50,8,151,8,3,15:20,12,159,8,0,,,,,,,,,,,,
2018,ART,4,,bluti,,,107,117,,,119,128,8,"121-3, 123-5, 125-7, 129-8",129,7,0,139,139,4,7,,,,2,145,9,1,14:49,9,151,9,3,15:34,7,159,9,0,,,,,,,,,,,,
2018,ART,5,,bluti,,,101,111,,,114,123,10,"119-6, 121-8, 123-10, 125-10",123,unmanipulated,0,137,137,1,7,8.81,1.258571429,,1,143,8,0,13:47,11,149,8,1,13:23,9,157,8,0,1 egg damaged on 123,,,,,,,,,,,
2018,ART,6,,,,,125,,,,,,,,,,,,,,,,,,,,,,,,,,,,,,,,,,,,,,,,,,,
2018,ART,7,,bluti,,,107,111,,,115,125,13,"119-5, 121-8, 123-11, 125-13, 127-13",125,4,0,141,141,,6,5.93,0.988333333,,0,147,8,0,13:30,8,153,8,8,13:37,10,163,8,,,,,,,,,,,,,
2018,ART,8,,,,,,,,,,,,,,,,,,,,,,,,,,,,,,,,,,,,,,,,,,,,,,,,
2018,FOU,1,,bluti,,,105,115,,,122,132,11,"127-6, 129-8, 131-10, 133-11",131,2,0,143,143,,4,3.53,0.8825,,1,149,6,0,14:27,8,155,6,1,14:40,5,161,6,1,,,,,,,,,,,,
2018,FOU,2,,bluti,,,107,121,,,121,130,7,"125-2, 127-4, 129-6, 131-7",129,1,0,145,145,,7,9.98,1.425714286,16:20,2,151,7,0,17:05,8,157,7,0,13:05,10,165,7,2,,,,,,,,,,,,
2018,FOU,3,,,,,,,,,,,,,,,,,,,,,,,,,,,,,,,,,,,,,,,,,,,,,,,,
2018,FOU,4,,bluti,,,101,109,,,114,123,9,"119-5, 121-7, 123-9, 127-9",123,unmanipulated,0,135,135,1,3,2.86,0.953333333,,1,143,8,2,14:48,10,147,8,,14:20,14,157,8,0,V1 ON DAY 8,,,,,,,,,,,
2018,FOU,5,,,,,,,,,,,,,,,,,,,,,,,,,,,,,,,,,,,,,,,,,,,,,,,,
2018,FOU,6,,,,,,,,,,,,,,,,,,,,,,,,,,,,,,,,,,,,,,,,,,,,,,,,
2018,FOU,7,,bluti,,,105,118,,,118,124,7,"123-6, 125-7, 129-7",125,unmanipulated,0,137,137,0,3,2.93,0.976666667,,2,143,5,0,14:35,7,149,5,0,02:15,5,159,5,2,,,,,,,,,,,,
2018,FOU,8,,,,,,,,,,,,,,,,,,,,,,,,,,,,,,,,,,,,,,,,,,,,,,,,
2018,ALN,1,,,,,125,,,,,,,,,,,,,,,,,,,,,,,,,,,,,,,,,,,,,,,,,,,
2018,ALN,2,,bluti,,,93,111,,,118,124,7,"123-6, 125-7, 127-7",125,unmanipulated,0,139,139,,7,8.57,1.224285714,,0,145,6,1,17:06,9,151,6,3,18:14,7,157,6,0,,,,,,,,,,,,
2018,ALN,3,,,,,109,,,,,,,,,,,,,,,,,,,,,,,,,,,,,,,,,,,,,,,,,,,
2018,ALN,4,,bluti,,,101,109,,,114,119,7,"119-6, 121-6",119,unmanipulated,0,134,135,0,7,10.7,1.528571429,,0,141,7,0,16:00,6,147,7,6,16:21,14,154,7,0,,,,,,,,,,,,
2018,ALN,5,,bluti,,,111,131,,,131,139,8,"135-4, 137-6, 139-8",137,unmanipulated,0,151,151,0,4,5.05,1.2625,17:41,1,157,7,0,14:24,6,163,6,1,18:02,8,172,5,,,,,,,,,,,,,
2018,ALN,6,,bluti,,,125,130,,,130,135,5,"135-5, 137-5, 139-5",137,unmanipulated,0,150,151,0,5,8.02,1.604,17:44,0,157,5,0,14:16,6,163,4,1,18:15,4,171,4,0,,,,,,,,,,,,
2018,ALN,7,,,,,105,115,,,,,,,,,,,,,,,,,,,,,,,,,,,,,,,,,,,,,,,,,,
2018,ALN,8,,bluti,,,103,122,,,123,129,7,"127-5, 129-7, 131-7",129,unmanipulated,0,143,143,0,5,5.65,1.13,,1,149,6,1,15:02,7,155,6,3,15:35,7,165,1,0,,,,,,,,,,,,
2018,DEL,1,,bluti,,,98,112,,,114,123,10,"120-7, 122-9, 124-10",126,3,0,140,140,,5,,,,2,146,6,0,10:40,6,152,6,3,13:32,6,160,6,2,,,,,,,,,,,,
2018,DEL,2,,,,,92,112,,,,,,,,,,,,,,,,,,,,,,,,,,,,,,,,,,,,,,,,,,
2018,DEL,3,,bluti,,,108,112,,,118,125,8,"122-5, 124-7, 126-8, 128-8",128,1,0,138,138,0,10,12.92,1.292,,0,144,10,0,10:54,8,150,10,3,10:46,11,158,9,0,,,,,,,,,,,,
2018,DEL,4,,bluti,,,92,104,,,111,120,8,"116-5, 118-6, 120-8, 122-7, 124-8, 126-8, 128-8",126,unmanipulated,0,140,140,,4,,,,3,146,5,0,10:52,5,152,5,2,13:40,5,160,5,0,,,,,,,,,,,,
2018,DEL,5,,bluti,,,110,116,,,121,126,6,"122-2, 124-4, 126-6, 128-6",126,unmanipulated,0,140,140,,5,6.57,1.314,,0,146,6,2,10:54,7,152,6,1,13:24,6,160,6,0,,,,,,,,,,,,
2018,DEL,6,,bluti,,,102,110,,,116,130,11,"126-7, 128-9, 130-11, 132-11",130,7,0,146,146,,7,10.02,1.431428571,,0,152,7,0,13:15,7,158,7,4,10:37,9,164,7,,,,,,,,,,,,,
2018,DEL,7,,bluti,,,112,116,,,123,132,8,"128-5, 130-6, 132-8",132,6,0,142,142,,3,2.85,0.95,,0,148,10,0,10:04,9,154,10,3,10:27,14,162,10,0,,,,,,,,,,,,
2018,DEL,8,,,,,,,,,,,,,,,,,,,,,,,,,,,,,,,,,,,,,,,,,,,,,,,,
2018,TAI,1,,bluti,,,91,109,,,119,132,8,"123-3, 125-5, 127-6, 129-6, 131-7, 133-8, 135-8",133,unmanipulated,0,145,145,,6,7.31,1.218333333,,0,152,8,0,14:25,6,157,8,0,15:00,12,167,4,,,,,,,,,,,,,
2018,TAI,2,,bluti,,,101,111,,,118,125,8,"123-5, 125-7, 127-8, 129-8, 131-8",127,4,0,139,139,,8,10.83,1.35375,,0,145,8,0,18:44,11,152,8,3,14:33,5,159,8,0,,,,,,,,,,,,
2018,TAI,3,,bluti,,,99,121,,,126,131,6,"127-2, 129-4, 131-6, 133-6, 135-6",133,unmanipulated,0,145,145,,5,7.06,1.412,,1,152,5,0,14:21,3,157,5,3,15:14,8,165,5,1,,,,,,,,,,,,
2018,TAI,4,,bluti,,,91,111,,,117,125,8,"121-5, 123-7, 125-9, 127-8, 131-8",125,2,0,139,139,,7,10.1,1.442857143,,0,145,8,0,18:28,8,152,8,3,14:11,7,159,8,0,,,,,,,,,,,,
2018,TAI,5,,,,,105,,,,,,,,,,,,,,,,,,,,,,,,,,,,,,,,,,,,,,,,,,,
2018,TAI,6,,bluti,,,91,111,,,122,128,7,"127-6, 129-7, 131-7",129,unmanipulated,0,139,139,4,3,,0,,2,145,5,0,18:42,6,151,5,0,17:48,9,161,5,1,,,,,,,,,,,,
2018,OSP,1,,,,,,,,,,,,,,,,,,,,,,,,,,,,,,,,,,,,,,,,,,,,,,,,
2018,OSP,2,,,,,,,,,,,,,,,,,,,,,,,,,,,,,,,,,,,,,,,,,,,,,,,,
2018,OSP,3,,,,,126,,,,,,,,,,,,,,,,,,,,,,,,,,,,,,,,,,,,,,,,,,,
2018,OSP,4,,bluti,,,104,114,,,118,124,7,"120-2, 122-5, 124-7, 126-7, 128-7, 130-7",128,unmanipulated,0,140,140,,7,9.26,1.322857143,,0,146,7,0,08:48,10,152,7,3,15:45:00,10,160,7,0,,,,,,,,,,,,
2018,OSP,5,,bluti,,,124,130,,,132,138,7,"136-5, 138-7, 140-7",138,unmanipulated,0,151,151,,6,11.01,1.835,15:40,0,158,6,0,09:56,7,164,6,2,08:36,4,170,6,0,,,,,,,,,,,,
2018,OSP,6,,,,,126,,,,,,,,,,,,,,,,,,,,,,,,,,,,,,,,,,,,,,,,,,,
2018,OSP,7,,,,,,,,,,,,,,,,,,,,,,,,,,,,,,,,,,,,,,,,,,,,,,,,
2018,OSP,8,,bluti,,,112,128,,,129,135,7,"134-6, 136-7",134,unmanipulated,0,148,148,0,4,4.04,1.01,08:30,2,154,0,,,,,,,,,,0,,NO CHICKS ONLY 2 EGGS COLD,,,,,,,,,,,
2018,SPD,1,,bluti,,,98,114,,,125,133,10,"130-6, 132-8, 134-9, 136-10, 138-9",136,unmanipulated,0,146,146,,1,0.84,0.84,,0,152,9,1,15:10,9,158,9,0,08:47,7,166,9,0,,,,,,,,,,,,
2018,SPD,2,,bluti,,,100,116,,,126,133,8,"130-5, 132-7, 134-8",132,unmanipulated,0,146,146,,5,6.51,1.302,09:25,1,152,7,0,15:00,8,158,7,3,09:03,9,166,7,0,,,,,,,,,,,,
2018,SPD,3,,bluti,,,110,116,,,127,132,5,"132-5, 134-5, 136-5, 138-5",136,8,0,148,148,,7,7.92,1.131428571,09:00,1,154,8,1,09:52,6,160,8,3,10:20,13,168,8,1,,,,,,,,,,,,
2018,SPD,4,,bluti,,,114,122,,,123,134,11,"132-9, 134-11, 136-11",134,6,0,150,150,,3,2.47,0.823333333,08:35,1,157,8,3,16:37,8,162,8,4,10:25,10,170,8,1,,,,,,,,,,,,
2018,SPD,5,,,,,,,,,,,,,,,,,,,,,,,,,,,,,,,,,,,,,,,,,,,,,,,,
2018,SPD,6,,bluti,,,128,130,,,130,138,9,"132-3, 134-4, 136-6, 138-8, 140-8",138,4,0,148,148,,10,12.14,1.214,09:00,0,154,9,0,09:45,5,160,8,3,11:55,5,168,8,0,,,,,,,,,,,,
2018,SPD,7,,bluti,,,106,116,,,122,131,10,"126-5, 128-7, 130-9, 132-10, 134-10, 136-10",134,unmanipulated,0,144,144,,4,3.94,0.985,,1,150,9,3,08:42,11,157,8,4,16:20,10,164,8,,,,,,,,,,,,,
2018,SPD,8,,bluti,,,98,116,,,122,135,12,"126-3, 128-5, 130-7, 132-9, 134-11, 136-12, 138-11",136,3,0,146,146,,4,4.02,1.005,,0,152,5,1,15:21,5,158,5,3,08:36,5,166,5,0,,,,,,,,,,,,
2018,DOR,1,,bluti,,,110,120,,,126,134,9,"130-5, 132-7, 134-9, 136-9",134,unmanipulated,0,146,146,1,5,5.42,1.084,,0,152,8,0,16:06,8,158,8,2,07:13,12,168,8,0,,,,,,,,,,,,
2018,DOR,2,,,,,,,,,,,,,,,,,,,,,,,,,,,,,,,,,,,,,,,,,,,,,,,,
2018,DOR,3,,,,,,,,,,,,,,,,,,,,,,,,,,,,,,,,,,,,,,,,,,,,,,,,
2018,DOR,4,,bluti,,,136,142,,,142,149,7,"146-5, 148-6,150-7?",148,odd,0,161,162,,6,9.95,1.658333333,,1,168,6,0,08:12,8,172,6,0,08:33,7,,5,1,,,,,,,,,,,,
2018,DOR,5,,,,,,,,,,,,,,,,,,,,,,,,,,,,,,,,,,,,,,,,,,,,,,,,
2018,DOR,6,,bluti,,,108,116,,,128,135,8,"132-5, 134-7, 136-8",134,unmanipulated,0,148,148,,6,8,1.333333333,08:00,0,154,8,0,07:47,7,160,8,3,07:35,10,166,4,0,,,,,,,,,,,,
2019,EDI,1,,bluti,,,91,91,,,111,120,10,"115-4, 117-7, 119-9, 121-10,",121,7,0,,,,,,,,,,,,,,,,,,,,0,,,,,,,,,FALSE,5,0,5,
2019,EDI,1,,bluti,,,,,,,131,138,8," new: 135-4, 137-6C, 138-8W - not sure how to enter. Where are old eggs? 141-8 WARM",138,odd,0,151,151,0,3,3.8,1.266666667,13:54,2,157,6,0,18:44,9,163,6,0,15:20,6,,1,,"2 UHE BROKE AT V1, fledging checked in sept. Changed uhe as numbers made the sum of uhe+v1 incorfrect for CS",,1,,,,,1,8,0,-3,
2019,EDI,2,,bluti,,,91,95,,,112,120,9,"115-4, 117-6, 119-8, 121-9",121,8,0,136,137,0,8,11.81,1.47625,19:05,1,143,9,0,08:29,8,149,9,1,07:45,8,157,9,1,,,,,,,,FALSE,10,0,0,
2019,EDI,3,,bluti,,,91,93,,,113,125,13,"115-3, 117-2, 119-6, 121-9, 123-11, 125-13, 127-13",125,unmanipulated,0,139,139,0,10,13.23,1.323,17:00,0,145,11,0,09:23,7,151,11,3,13:57,7,159,11,0,,,,,,,,FALSE,13,0,2,
2019,EDI,4,,bluti,,,103,113,,,115,122,8,"117-3, 119-5, 121-7, 123-8",121,unmanipulated,0,136,137,0,7,11.83,1.69,19:05,1,143,7,0,08:43,5,149,7,2,07:59,7,157,7,1,,,,,,,,FALSE,8,0,0,
2019,EDI,5,,bluti,,,101,113,,,114,121,8,"117-4, 119-6, 121-8, 123-8",121,unmanipulated,0,133,133,0,5,6.71,1.342,18:15,0,139,7,0,17:06,5,145,7,1,08:53,7,153,7,0,,,,,,,,FALSE,8,0,1,
2019,EDI,6,,bluti,,,101,105,,,114,124,11,"117-4, 119-6, 121-8, 123-10, 125-11",123,unmanipulated,0,136,137,0,9,15.66,1.74,19:00,1,143,10,0,08:53,5,149,10,0,08:14,8,157,10,0,,,,,,,,FALSE,11,0,0,
2019,EDI,7,,bluti,,,107,109,,,114,121,5,"117-1, 119-3, 121-5, 123-5",121,1,0,135,135,0,10,12.87,1.287,14:55,0,141,10,1,19:37,12,147,10,2,07:31,9,153,10,0,,,,,,,,FALSE,10,0,0,
2019,EDI,8,,bluti,,,103,111,,,115,124,10,"117-3, 119-5, 121-7, 123-9, 125-10",123,2,0,133,133,0,6,8.23,1.371666667,18:15,2,139,7,0,17:14,10,145,6,0,08:28,6,155,6,0,,,,,,,,FALSE,9,0,0,
2019,RSY,1,,bluti,,,96,110,,,118,,,"120-3, 122-3, 124-3, 126-3, 128-3, 130-3 COLD, 134-3COLD, weird, buried eggs",,unmanipulated,0,,,,,,,,,,,,,,,,,,,,,,,,,,,,,FALSE,,,,
2019,RSY,2,,bluti,,,102,108,,,116,125,10,"120-5, 122-7, 124-9, 126-10",126,8,0,134,134,0,5,6.06,1.212,09:21,2,140,5,1,08:38,5,146,5,0,08:45,5,154,5,2,,,,,,,,FALSE,7,0,0,
2019,RSY,3,,bluti,,,92,110,,,116,123,8,"120-5, 122-7, 124-8",122,4,0,138,138,0,6,6.21,1.035,08:10,0,144,8,0,07:41,6,150,8,0,07:37,9,156,6,0,,,,,,,,FALSE,8,0,0,
2019,RSY,4,,bluti,,,102,118,,,118,125,8,"120-3, 122-5, 124-7, 126-8, 134-8",124,3,0,136,136,0,4,4.16,1.04,08:30,1,142,7,1,07:32,5,148,7,2,08:22,8,158,7,,,,,,,,,FALSE,8,0,0,
2019,RSY,5,,,,,,,,,,,,,,,,,,,,,,,,,,,,,,,,,,,,,,,,,,,,FALSE,,,,
2019,RSY,6,,,,,,,,,,,,,,,,,,,,,,,,,,,,,,,,,,,,,,,,,,,,FALSE,,,,
2019,RSY,7,,bluti,,,124,126,,,130,134,5,"134-5, 136-5",134,odd,0,148,150,0,5,14.69,2.938,08:15,0,154,5,0,09:19,6,160,3,0,08:46,3,,0,0,DEAD 162,,,,,,,FALSE,5,0,0,
2019,RSY,8,,bluti,,,96,112,,,114,121,7,"116-3, 118-5, 120-7, 122-8",120,2,0,138,138,0,5,6.2,1.24,08:30,2,144,7,1,07:54,7,150,7,0,08:07,6,158,7,,,,,,,,,FALSE,10,0,1,
2019,FOF,1,,bluti,,,98,108,,,112,120,9,"116-4, 118-7, 120-9, 122-9",120,unmanipulated,0,134,134,0,8,10.49,1.31125,09:30,1,140,8,1,09:38,5,146,8,5,09:27,6,154,8,1,,,,,,,,FALSE,9,0,0,
2019,FOF,2,,bluti,,,102,116,,,115,124,10,"118-4, 120-6, 122-8, 124-10, 126-9, 128-10",124,8,0,134,134,0,5,4.89,0.978,09:33,0,140,7,0,09:46,5,146,7,0,09:39,7,156,7,0,,,,,,,,FALSE,7,0,0,
2019,FOF,3,,bluti,,,92,108,,,113,122,10,"116-4, 118-6, 120-8, 122-10, 124-10",122,unmanipulated,0,134,134,0,6,6.83,1.138333333,09:37,0,140,10,1,09:53,7,146,10,4,09:51,6,154,10,0,,,,,,,,FALSE,10,0,0,
2019,FOF,4,,bluti,,,92,94,,,111,120,10,"114-4, 116-5, 118-8, 120-10, 124-10",120,6,0,134,134,0,4,4.2,1.05,09:45,0,140,9,0,10:03,6,146,9,3,10:03,6,156,9,0,,,,,,,,FALSE,9,0,0,
2019,FOF,5,,bluti,,,92,100,,,112,123,12,"116-5, 118-7, 120-9, 122-11, 124-12",124,unmanipulated,0,136,136,0,9,10.83,1.203333333,09:10,0,142,12,0,08:55,9,148,12,5,09:14,12,158,12,,,,,,,,,FALSE,12,0,0,
2019,FOF,6,,bluti,,,102,114,,,114,122,9,"116-3, 118-5, 120-7, 122-9, 124-9",122,4,0,132,132,0,6,7.27,1.211666667,09:30,1,138,9,0,09:03,8,144,9,2,07:25,20,154,9,1,,,,,,,,FALSE,10,0,0,
2019,FOF,7,,bluti,,,92,94,,,111,119,10,"116-6, 118-8, 120-9",120,unmanipulated,0,132,132,0,5,6.49,1.298,09:20,1,138,9,0,08:45,8,144,9,4,07:53,14,152,9,1,,,,,,,,FALSE,10,0,0,
2019,FOF,8,,bluti,,,92,94,,,115,121,7,"118-4, 120-7?, 122-7, 124-7, 128-7, 134-10?",122,2,0,136,136,0,2,2.47,1.235,09:15,6,142,4,0,08:49,4,148,4,1,09:28,4,158,4,,,,,,,,,FALSE,10,0,0,
2019,BAD,1,,bluti,,,105,115,,,121,133,13,"125-5, 127-7, 129-8, 131-10, 133-13, 132-12",131,unmanipulated,0,147,147,0,11,15.7,1.427272727,08:14,1,153,12,4,16:56,12,159,12,2,14:45,7,167,12,1,,,,,,,,FALSE,13,0,0,
2019,BAD,2,,,,,,,,,,,,,,,,,,,,,,,,,,,,,,,,,,,,,,,,,,,,FALSE,,,,
2019,BAD,3,,,,,,,,,,,,,,,,,,,,,,,,,,,,,,,,,,,,,,,,,,,,FALSE,,,,
2019,BAD,4,,bluti,,,91,109,,,114,123,10,"117-4, 119-6, 121-8, 123-10, 125-10",123,5,0,134,135,0,8,12.527,1.565875,14:06,1,141,8,2,18:41,11,147,8,2,08:32,9,155,8,0,,,,,,,,FALSE,10,0,1,
2019,BAD,5,,bluti,,,91,99,,,111,120,10,"115-5, 117-7, 119-9, 121-10",121,4,0,135,135,0,7,7.7,1.1,14:09,0,141,10,0,18:43,13,147,10,1,09:07,11,155,10,0,,,,,,,,FALSE,10,0,0,
2019,BAD,6,,,,,121,,,,,,,,,,,,,,,,,,,,,,,,,,,,,,,,,,,,,,,FALSE,,,,
2019,LVN,1,,bluti,,,92,112,,,117,126,10,"120-4, 122-5, 124-8, 126-10, 128-10",128,unmanipulated,0,140,140,0,7,8.83,1.261428571,07:45,1,146,9,1,09:26,6,152,8,2,10:50,7,158,8,,,,,,,,,FALSE,10,0,0,
2019,LVN,2,,,,,,,,,,,,,,,,,,,,,,,,,,,,,,,,,,,,,,,,,,,,FALSE,,,,
2019,LVN,3,,bluti,,,110,116,,,124,130,7,"126-3, 128-5, 130-7, 132-7",132,unmanipulated,0,144,144,0,1,1.12,1.12,09:25,0,150,6,0,10:03,5,156,6,1,10:48,6,164,6,0,,,,,,,,FALSE,7,0,1,
2019,LVN,4,,bluti,,,92,110,,,118,129,10,"120-1, 122-3, 124-4, 126-7, 128-9, 130-10, 132-10",132,unmanipulated,0,146,146,0,3,2.94,0.98,09:35,3,152,7,4,10:38,6,158,5,1,09:31,6,168,5,2,,,,,,,,FALSE,10,0,0,
2019,LVN,5,,bluti,,,114,118,,,121,127,7,"124-4, 126-6, 128-7, 130-7, 132-7",132,unmanipulated,0,142,142,0,4,4.19,1.0475,13:24,0,148,7,4,10:02,8,154,6,5,11:00,7,162,6,0,,,,,,,,FALSE,7,0,0,
2019,LVN,6,,,,,,,,,,,,,,,,,,,,,,,,,,,,,,,,,,,,,,,,,,,,FALSE,,,,
2019,LVN,7,,bluti,,,100,116,,,119,128,10,"122-4, 124-6, 126-8, 128-10, 130-10, 132-10",132,unmanipulated,0,144,144,0,8,9.19,1.14875,09:40,0,150,10,0,09:45,7,156,7,0,11:14,8,,0,,,,,,,,,FALSE,10,0,0,
2019,LVN,8,,bluti,,,112,114,,,120,130,9,"122-1, 124-2, 126-5, 128-7, 130-9, 132-9",130,unmanipulated,0,144,144,0,5,5.1,1.02,09:45,0,150,9,1,09:35,6,156,9,0,11:03,7,166,6,0,,,,,,,,FALSE,9,0,0,
2019,DOW,1,,,,,,,,,,,,,,,,,,,,,,,,,,,,,,,,,,,,,,,,,,,,FALSE,,,,
2019,DOW,2,,,,,,,,,,,,,,,,,,,,,,,,,,,,,,,,,,,,,,,,,,,,FALSE,,,,
2019,DOW,3,,bluti,,,91,103,,,113,122,10,"117-5, 119-7, 121-9, 123-10",121,unmanipulated,0,135,135,0,6,5.41,0.901666667,13:30,0,141,9,0,17:17,10,147,9,1,10:38,8,155,9,0,,,,,,,,FALSE,10,0,1,
2019,DOW,4,,bluti,,,91,117,,,118,126,9,"121-4, 123-6, 125-8, 127-9, 129-9",127,not possible,0,139,139,0,5,5.09,1.018,15:55,1,145,8,1,12:07,6,151,8,2,12:41,7,159,8,1,,,,,,,,FALSE,9,0,0,
2019,DOW,5,,bluti,,,103,117,,,123,130,8,"125-3, 127-5, 129-7, 131-9",131,odd,0,145,145,0,8,10.03,1.25375,11:53,0,151,7,0,12:37,6,157,7,2,16:35,9,165,7,0,,,,,,,,FALSE,8,0,1,
2019,DOW,6,,bluti,,,91,103,,,115,138,11,"117-3, 119-6, 121-6, 123-6, 125-6, 127-?, 129-0?, 131-2, 133-3, 137-10, 139-11",137,not possible,0,150,151,0,6,9.26,1.543333333,12:47,3,157,8,0,16:50,8,163,6,1,14:17,6,,5,3,fledging checked in sept,,,,,,,FALSE,11,1,0,
2019,DOW,7,,bluti,,,105,113,,,115,124,10,"117-3, 119-3, 121-7, 123-9, 125-10",123,8,0,137,137,0,6,6.7,1.116666667,17:35,1,143,7,0,10:31,5,149,6,2,10:19,5,157,6,0,,,,,,,,FALSE,10,0,2,
2019,DOW,8,,bluti,,,91,105,,,113,122,10,"117-5, 119-7, 121-9, 123-10, 125-10",123,7,0,137,137,0,6,7.18,1.196666667,17:45,1,143,9,0,10:19,7,149,9,4,10:07,9,157,9,1,,,,,,,,FALSE,10,0,0,
2019,GLF,1,,bluti,,,91,105,,,112,119,8,"117-6, 119-8, 121-8",119,8,0,134,135,0,10,15.86,1.586,12:25,0,141,9,2,16:18,12,147,9,,12:08,8,155,9,0,,,,,,,,FALSE,10,0,1,
2019,GLF,2,,bluti,,,137,,,,136,,2,"137-2 NO HEIGHT/LINED RECORDED, 139-1, 145 - 2 cold",137,odd,0,,,,,,,,,,,,,,,,,,,,,,,,,,,,,FALSE,,,,
2019,GLF,3,,bluti,,,103,115,,,119,127,9,"121-3, 123-5, 125-7, 127-9, 129-9, 131-9",131,unmanipulated,0,144,145,0,9,14.99,1.665555556,12:07,0,151,9,0,12:02,6,157,9,1,15:46,9,165,8,0,,,,,,,,FALSE,9,0,0,
2019,GLF,4,,bluti,,,101,113,,,120,125,6,"123-4, 125-6, 127-6, 129-6",127,unmanipulated,0,139,139,0,2,1.98,0.99,15:20,1,145,5,0,12:57,4,151,3,0,11:58,2,157,0,1,,,,,,,,FALSE,6,0,0,
2019,GLF,5,,bluti,,,91,91,,,105,114,10,"107-3, 109-5, 111-NA, 113-9, 115-10",115,odd,0,127,127,0,5,5.93,1.186,12:30,0,133,1,0,15:45,2,139,1,0,15:19,2,149,1,,,,,,,,,FALSE,10,0,9,
2019,GLF,6,,bluti,,,91,103,,,113,122,10,"117-5, 119-7, 121-9, 123-10",121,unmanipulated,0,135,135,0,8,8.36,1.045,12:20,,,,,,,,,,,,,-999,,door off and eggs gone. Predator?,pine marten,,,,,,FALSE,10,0,10,
2019,GLF,7,,bluti,,,109,113,,,117,126,10,"119-3, 121-5, 123-7, 125-9, 127-10, 129-10",127,unmanipulated,0,141,141,0,8,10.07,1.25875,17:57,0,147,10,0,12:28,7,153,0,,,,,0,,,,,,,,,FALSE,10,0,0,
2019,GLF,8,,bluti,,,91,99,,,112,121,10,"117-6, 119-8, 123-10",121,1,0,133,133,0,6,7.95,1.325,16:00,0,139,7,0,15:08,6,145,7,1,13:03,7,153,7,0,,,,,,,,FALSE,8,0,1,
2019,SER,1,,bluti,,,97,109,,,111,122,12,"115-5, 117-6, 119-9, 121-11, 123-12",121,7,0,129,129,,3,2.78,0.926666667,14:30,0,135,12,0,10:49,11,141,12,7,15:03,17,151,12,,,,,,,,,FALSE,13,0,1,
2019,SER,2,,bluti,,,91,91,,,102,110,9,"105-4, 107-5, 109-8, 111-9, 113-9",111,3,0,131,131,,9,12.15,1.35,11:50,4,137,7,0,15:21,8,143,7,2,12:51,7,151,7,,,,,,,,,FALSE,11,0,0,
2019,SER,3,,bluti,,,91,103,,,107,117,11,"109-3, 111-5, 113-7, 115-9, 117-11, 119-11,",119,2,0,125,125,,3,2.83,0.943333333,12:00,,,0,,,,,0,,,,,0,,,,,,,,,FALSE,9,0,9,
2019,SER,3,,bluti,,,,,,,,137,7,143- bluti sitting on 7 warm eggs 145-7,143,odd,0,149,149,0,2,2.07,1.035,12:30,0,155,6,0,16:00,6,161,6,2,14:43,6,,6,,fledging checked in sept,,,,,,,1,7,0,1,
2019,SER,4,,bluti,,,91,97,,,118,126,9,"121-4, 123-6, 125-9?,127-9, 135 box open & nest gone ",123,odd,0,,,,,,,,,,,,,,,,,,,,,,,,,,,,,FALSE,9,0,9,
2019,SER,5,,bluti,,,91,99,,,111,121,11,"113-5, 117-7, 119-9,121-11, 123-11",119,unmanipulated,0,133,133,0,6,7.95,1.325,14:35,1,139,10,0,13:55,8,145,10,2,15:43,12,153,10,1,,,,,,,,FALSE,11,0,0,
2019,SER,6,,bluti,,,91,99,,,113,121,9,"117-5, 119-7, 121-9, 123-9",119,odd,0,133,133,0,5,4.27,0.854,14:45,1,139,8,1,14:06,6,145,8,1,16:03,12,153,8,0,,,,,,,,FALSE,9,0,0,
2019,SER,7,,bluti,,,91,91,,,105,117,13,"107-3, 109-5, 111-5, 113-9, 115-11, 117-13, 119-13",117,1,0,135,135,0,9,12.23,1.358888889,10:40,1,141,10,2,14:49,11,147,10,2,13:38,9,155,10,0,,,,,,,,FALSE,12,0,1,
2019,SER,8,,bluti,,,113,115,,,116,124,9,"119-4, 121-6, 123-8, 125-8",125,odd,0,137,137,0,8,8.79,1.09875,15:15,0,143,9,0,13:10,8,149,9,4,12:13,11,157,9,0,,,,,,,,FALSE,9,0,0,
2019,MCH,1,,bluti,,,102,108,,,113,119,7,"116-4, 118-6, 120-7",118,unmanipulated,0,133,134,0,7,11.05,1.578571429,10:36,0,140,7,0,08:35,8,146,7,4,10:33,7,154,7,0,,,,,,,,FALSE,7,0,0,
2019,MCH,2,,bluti,,,124,,,,126,131,6,"130-5, 132-6",132,odd,0,144,144,0,4,3.91,0.9775,10:40,0,150,6,0,10:58,7,156,6,0,08:48,10,166,5,0,,,,,,,,FALSE,6,0,0,
2019,MCH,3,,bluti,,,102,108,,,113,122,10,"116-4, 118-6, 120-8, 122-10, 124-10, 126-10",122,6,0,132,132,0,8,10.96,1.37,11:30,1,138,9,3,11:05,10,144,9,2,10:44,8,152,9,1,,,,,,,,FALSE,10,0,0,
2019,MCH,4,,,,,92,,,,,,,,,,,,,,,,,,,,,,,,,,,,,,,,,,,,,,,FALSE,,,,
2019,MCH,5,,bluti,,,92,102,,,112,117,6,"116-5, 118-6, 120-6",118,unmanipulated,0,132,132,0,4,5.62,1.405,11:35,0,138,4,0,10:47,6,144,4,1,10:58,4,150,4,0,,,,,,,,FALSE,6,0,2,
2019,MCH,6,,bluti,,,92,98,,,109,118,10,"112-4, 114-6, 116-8, 118-10, 120-10, 124-10, 134-10",120,3,0,135,136,0,9,14.05,1.561111111,10:45,1,142,9,0,11:48,7,148,9,4,10:51,8,156,9,,,,,,,,,FALSE,10,0,0,
2019,PTH,1,,bluti,,,92,96,,,110,119,10,"112-3, 114-5, 116-7, 118-9, 120-10, 122-10",118,7,0,133,134,0,11,19.25,1.75,13:28,1,140,11,0,10:31,11,146,11,7,11:42,10,154,11,0,,,,,,,,FALSE,12,0,0,
2019,PTH,2,,bluti,,,98,102,,,110,119,10,"112-3, 114-5, 116-7, 118-9, 124-10",118,unmanipulated,0,131,132,0,8,11.96,1.495,12:40,0,138,9,0,12:38,7,144,9,4,10:31,14,152,9,0,,,,,,,,FALSE,10,0,1,
2019,PTH,3,,bluti,,,92,94,,,101,112,12,"106-6, 108-8, 110-10, 112-12, 114-12",112,unmanipulated,0,126,126,,10,13.51,1.351,12:00,1,132,11,0,12:50,9,138,11,2,12:50,10,146,11,,,,,,,,,FALSE,12,0,0,
2019,PTH,4,,bluti,,,92,108,,,112,121,10,"116-5, 118-7, 120-9, 124-10",120,unmanipulated,0,133,134,0,8,11.67,1.45875,13:22,1,140,9,1,10:46,9,146,9,2,11:50,10,154,9,1,,,,,,,,FALSE,10,0,0,
2019,PTH,5,,bluti,,,96,104,,,112,122,11,"116-5, 118-7, 120-9, 122-11, 124-11",122,unmanipulated,0,133,134,0,7,11.68,1.668571429,13:16,2,140,9,1,10:59,9,146,8,1,11:40,10,156,7,,,,,,,,,FALSE,11,0,0,
2019,PTH,6,,bluti,,,92,100,,,108,118,10,"110-2, 112-4, 114-6, 116-7, 118-10, 120-10",118,8,0,131,132,0,11,15.97,1.451818182,13:05,0,138,11,0,12:05,10,144,11,3,10:30,10,152,11,0,,,,,,,,FALSE,11,0,0,
2019,PTH,7,,bluti,,,92,100,,,108,120,12,"110-2, 112-4, 114-6, 116-8, 118-10, 120-12, 122-12",118,1,0,132,132,0,8,9.63,1.20375,12:30,0,138,10,0,12:26,8,144,10,3,10:50,10,152,10,0,,,,,,,,FALSE,10,0,0,
2019,PTH,8,,bluti,,,92,102,,,108,118,11,"110-3, 112-5, 114-7, 116-9, 118-11, 120-11",118,6,0,130,130,0,4,4.63,1.1575,12:55,1,136,7,0,11:59,15,142,7,3,11:50,7,150,7,1,,,,,,,,FALSE,10,0,2,
2019,STY,1,,bluti,,,95,113,,,116,124,8,"119-4, 121-5, 123-7, 125-8, 127-8",125,6,0,134,137,0,12,34.59,2.8825,14:07,0,141,11,2,12:16,14,147,11,6,14:55,14,155,11,0,,,,,,,,FALSE,12,0,1,
2019,STY,2,,bluti,,,91,113,,,114,123,10,"117-4, 119-6, 121-8, 123-10, 125-10",123,5,0,133,133,0,7,9.23,1.318571429,14:00,1,139,7,0,12:48,7,145,7,3,14:10,11,153,7,1,,,,,,,,FALSE,11,0,3,
2019,STY,3,,,,,,,,,,,,,,,,,,,,,,,,,,,,,,,,,,,,,,,,,,,,FALSE,,,,
2019,STY,4,,bluti,,,91,91,,,108,116,9,"111-4, 113-6, 115-8, 117-9, 119-9",117,unmanipulated,0,131,131,0,9,12.15,1.35,11:00,0,137,9,0,14:07,9,143,9,3,15:15,9,151,9,0,,,,,,,,FALSE,9,0,0,
2019,STY,5,,bluti,,,91,97,,,109,119,11,"111-3, 113-5, 115-7, 117-7, 119-11, 127-11",119,2,0,137,137,0,9,11.81,1.312222222,14:20,0,143,10,0,15:30,9,149,10,5,13:42,14,157,10,0,,,,,,,,FALSE,10,0,0,
2019,STY,6,,bluti,,,95,103,,,111,122,12,"113-3, 115-5, 117-7, 119-9, 121-11, 123-12",121,1,0,137,137,0,5,5.61,1.122,14:25,0,143,8,0,15:45,7,149,8,1,14:08,10,159,8,0,,,,,,,,FALSE,8,0,0,
2019,STY,7,,,,,,,,,,,,,,,,,,,,,,,,,,,,,,,,,,,,,,,,,,,,FALSE,,,,
2019,STY,8,,,,,,,,,,,,,,,,,,,,,,,,,,,,,,,,,,,,,,,,,,,,FALSE,,,,
2019,BIR,1,,bluti,,,92,114,,,116,126,11,"120-5, 122-7, 124-9, 126-11, 128-11COLD, 130-INC",126,not possible,0,140,140,1,3,3.34,1.113333333,11:45,0,146,11,0,13:07,8,152,11,0,14:46,13,160,11,0,,,,,,,,FALSE,11,0,0,
2019,BIR,2,,bluti,,,92,104,,,112,120,9,"116-5, 118-7, 120-9, 122-9",118,unmanipulated,0,132,132,0,6,6.75,1.125,13:25,0,138,9,0,13:35,8,144,9,0,12:22,9,154,9,0,,,,,,,,FALSE,9,0,0,
2019,BIR,3,,bluti,,,92,98,,,119,,,"122-4, 124-6, 126-6, 128-6, 130-6, 134-6COLD, 136-6, 140-6",,odd,0,,,,,,,,,,,,,,,,,,,,,,,,,,,,,FALSE,,,,
2019,BIR,4,,,,,,,,,,,,,,,,,,,,,,,,,,,,,,,,,,,,,,,,,,,,FALSE,,,,
2019,BIR,5,,bluti,,,114,117,,,117,,,"120-4, 122-1, 124-1, 126-5, 128-5, 130-5, 135-5COLD, 136-5, 140-5",,unmanipulated,0,,,,,,,,,,,,,,,,,,,,,,,,,,,,,FALSE,,,,
2019,BIR,6,,,,,112,,,,,,,,,,,,,,,,,,,,,,,,,,,,,,,,,,,,,,,FALSE,,,,
2019,BIR,7,,bluti,,,92,102,,,111,123,13,"114-4, 116-6, 118-8, 120-10, 122-12, 134-13",122,not possible,0,138,138,0,12,16.17,1.3475,13:50,0,144,13,2,12:48,9,150,13,2,12:25,10,158,13,0,,,,,,,,FALSE,13,0,0,
2019,BIR,8,,,,,,,,,,,,,,,,,,,,,,,,,,,,,,,,,,,,,,,,,,,,FALSE,,,,
2019,DUN,1,,,,,,,,,,,,,,,,,,,,,,,,,,,,,,,,,,,,,,,,,,,,FALSE,,,,
2019,DUN,2,,bluti,,,103,113,,,115,124,10,"117-3, 119-4, 121-7, 123-9, 125-10, 127-10, 129-10",129,unmanipulated,0,140,141,0,9,14.09,1.565555556,11:29,0,147,10,0,12:28,11,153,10,7,12:36,11,161,10,0,,,,,,,,FALSE,10,0,0,
2019,DUN,3,,,,,,,,,,,,,,,,,,,,,,,,,,,,,,,,,,,,,,,,,,,,FALSE,,,,
2019,DUN,4,,,,,,,,,,,,,,,,,,,,,,,,,,,,,,,,,,,,,,,,,,,,FALSE,,,,
2019,DUN,5,,bluti,,,93,103,,,111,120,10,"113-3, 115-4, 117-7, 119-9, 121-10, 123-10",125,unmanipulated,0,,,,,,,,,,,,,,,,,,,,,,COLD 137,,,,,,,FALSE,10,0,10,
2019,DUN,6,,,,,,,,,,,,,,,,,,,,,,,,,,,,,,,,,,,,,,,,,,,,FALSE,,,,
2019,DUN,7,,,,,,,,,,,,,,,,,,,,,,,,,,,,,,,,,,,,,,,,,,,,FALSE,,,,
2019,DUN,8,,,,,109,,,,,,,,,,,,,,,,,,,,,,,,,,,,,,,,,,,,,,,FALSE,,,,
2019,BLG,1,,bluti,,,92,92,,,104,112,9,"106-3, 108-5, 110-7, 112-9, 114-9",112,3,0,134,134,0,12,,0,15:40,1,140,12,1,13:45,12,146,11,6,15:00,18,154,11,0,,,,,,,,FALSE,13,0,0,
2019,BLG,2,,bluti,,,92,92,,,100,111,12,"104-5, 106-7, 108-9, 110-11, 112-12, 114-12",110,unmanipulated,0,123,124,0,10,15.2,1.52,13:00,0,130,10,0,14:45,11,136,10,8,14:53,11,146,10,0,,,,,,,,FALSE,12,0,2,
2019,BLG,3,,bluti,,,92,96,,,106,119,13,"108-2, 110-4, 112-6, 114-8, 116-10, 118-12, 120-13",118,1,0,126,126,0,9,11.53,1.281111111,13:15,0,132,9,0,14:30,10,138,8,6,16:22,9,146,8,0,,,,,,,,FALSE,9,0,0,
2019,BLG,4,,bluti,,,92,92,,,101,113,13,"106-6, 108-7, 110-10, 112-12, 114-13",112,5,0,127,128,0,8,12.83,1.60375,14:00,2,134,8,1,15:59,12,140,8,3,13:04,12,148,8,,,,,,,,,FALSE,11,0,1,
2019,BLG,5,,bluti,,,92,98,,,104,114,11,"106-3, 108-5, 110-7, 112-9, 114-11, 116-11",116,4,0,127,128,0,9,15.26,1.695555556,14:05,2,134,10,0,15:35,16,140,10,5,13:21,14,148,10,0,,,,,,,,FALSE,13,0,1,
2019,BLG,6,,bluti,,,96,124,,,125,133,8,"128-4, 130-5, 132-7, 136-8",132,odd,0,146,146,0,6,7.03,1.171666667,14:34,1,152,7,0,15:42,7,158,7,2,14:16,9,166,7,0,,,,,,,,FALSE,8,0,0,
2019,BLG,7,,bluti,,,106,112,,,112,121,11,"116-5, 118-8, 120-10, 122-11, 124-11",120,odd,0,134,134,0,5,5,1,15:18,0,140,11,1,14:04,11,146,11,2,15:15,10,156,11,,,,,,,,,FALSE,11,0,0,
2019,BLG,8,,bluti,,,100,104,,,110,121,12,"112-4, 114-5, 116-7, 118-9, 120-11, 122-12, 124-12",122,unmanipulated,0,134,134,0,7,6.9,0.985714286,15:23,2,140,10,0,14:18,9,146,10,3,15:30,10,154,10,1,,,,,,,,FALSE,12,0,0,
2019,PIT,1,,,,,,,,,,,,,,,,,,,,,,,,,,,,,,,,,,,,,,,,,,,,FALSE,,,,
2019,PIT,2,,bluti,,,111,115,,,117,127,11,"119-3, 121-5, 123-7, 125-9, 127-11, 129-11",129,7,0,139,139,0,4,3.74,0.935,10:19,0,145,10,0,11:08,13,151,10,4,08:45,9,159,10,0,,,,,,,,FALSE,10,0,0,
2019,PIT,3,,bluti,,,99,105,,,112,123,12,"115-4, 117-6, 119-8, 121-10, 123-12, 125-12, 127-12, 129-12",129,unmanipulated,0,139,139,0,3,4.33,1.443333333,10:26,9,145,3,0,11:22,10,151,3,2,08:57,3,159,3,9,,,,,,,,FALSE,12,0,0,
2019,PIT,4,,bluti,,,95,107,,,115,125,11,"117-3, 119-4, 121-6, 123-8, 125-11, 127-10, 129-10",127,unmanipulated,0,139,139,0,7,9.88,1.411428571,10:29,1,145,9,1,11:34,11,151,9,2,09:02,8,159,9,1,,,,,,,,FALSE,10,1,0,
2019,PIT,5,,bluti,,,109,111,,,115,124,10,"117-3, 119-5, 121-7, 123-9, 125-10",125,unmanipulated,0,137,137,0,4,3.98,0.995,12:15,0,143,10,1,11:33,9,149,9,7,12:52,11,157,9,0,,,,,,,,FALSE,10,0,0,
2019,PIT,6,,bluti,,,113,115,,,115,123,8,"117-2, 119-4, 121-6, 123-8, 125-8",125,8,0,141,141,0,6,5.22,0.87,10:54,0,147,10,0,10:54,7,153,10,3,11:14,10,161,10,2,,,,,,,,FALSE,12,0,2,
2019,PIT,7,,bluti,,,105,113,,,115,124,10,"117-3, 119-5, 121-7, 123-9, 125-10, 127-10, 129-10",129,2,0,142,143,0,5,9.17,1.834,16:34,3,149,5,0,12:31,5,155,5,0,13:40,4,163,5,2,,,,,,,,FALSE,11,0,3,
2019,PIT,8,,bluti,,,91,109,,,115,126,12,"117-3, 119-5, 121-8, 123-9, 125-11, 127-12, 129-?",127,6,0,137,137,0,7,7.66,1.094285714,12:05,0,143,8,1,12:09,7,149,8,5,12:39,8,157,8,0,,,,,,,,FALSE,8,0,0,
2019,KCK,1,,bluti,,,91,111,,,114,123,10,"117-3, 119-6, 121-7, 123-10, 125-10",125,8,0,141,141,1,1,0.92,0.92,09:41,0,147,9,0,09:21,8,153,9,3,09:47,12,161,9,0,,,,,,,,FALSE,9,0,0,
2019,KCK,2,,bluti,,,113,119,,,123,130,8,"125-3, 127-5, 129-7, 131-8",133,not possible,0,144,145,0,7,11.14,1.591428571,10:22,1,151,7,0,07:55,6,157,0,,,,,0,1,,,,,,,,FALSE,8,0,0,
2019,KCK,3,,,,,123,,,,,,,,,,,,,,,,,,,,,,,,,,,,,,,,,,,,,,,FALSE,,,,
2019,KCK,4,,bluti,,,91,105,,,113,123,11,"115-3, 117-5, 119-7, 121-9, 123-11, 125-11, 127-?, 129-11",127,not possible,0,139,139,0,10,9.05,0.905,09:05,1,145,10,0,10:05,10,151,9,0,07:41,9,159,5,1,,,,,,,,FALSE,11,0,0,
2019,KCK,5,,,,,121,,,,,,,,,,,,,,,,,,,,,,,,,,,,,,,,,,,,,,,FALSE,,,,
2019,KCK,6,,bluti,,,103,117,,,123,132,10,"125-3, 127-4, 129-7, 131-9, 133-10",131,unmanipulated,0,145,145,0,6,5.66,0.943333333,09:51,0,151,10,0,07:45,6,157,10,3,11:02,11,167,10,0,,,,,,,,FALSE,10,0,0,
2019,KCK,7,,bluti,,,123,,,,128,133,6,"131-4, 133-6, 135-6",133,unmanipulated,,147,147,0,6,6.27,1.045,09:20,0,155,5,0,12:34,7,159,5,2,09:44,4,,5,,"not ringed 153 too small, fledging checked in sept",,,,,,,FALSE,6,0,1,
2019,KCK,8,,bluti,,,99,,,,119,128,9,"121-2, 123-4, 125-6, 127-8, 129-9",129,1,0,137,137,0,8,6.9,0.8625,09:55,0,143,10,0,09:30,9,149,10,1,10:46,9,155,10,0,,,,,,,,FALSE,10,0,0,
2019,KCZ,1,,,,,,,,,,,,,,,,,,,,,,,,,,,,,,,,,,,,,,,,,,,,FALSE,,,,
2019,KCZ,2,,,,,,,,,,,,,,,,,,,,,,,,,,,,,,,,,,,,,,,,,,,,FALSE,,,,
2019,KCZ,3,,bluti,,,115,129,,,129,137,9,"131-3, 133-5, 135-7, 137-9",135,8,0,145,145,0,8,7.62,0.9525,10:18,1,151,8,0,07:10,6,157,8,1,10:09,11,,8,,fledging checked in sept,,,,,,,FALSE,10,0,1,
2019,KCZ,4,,bluti,,,109,117,,,118,128,9,"121-3, 123-5, 125-7, 127-8, 129-9, 131-9",133,unmanipulated,0,144,145,0,9,13.19,1.465555556,10:14,0,151,9,0,07:18,6,157,9,1,10:26,10,167,9,0,,,,,,,,FALSE,9,0,0,
2019,KCZ,5,,bluti,,,91,113,,,116,126,11,"119-4, 121-6, 123-8, 125-10, 127-11, 129-11, 131-11",133,unmanipulated,0,145,145,0,10,12.24,1.224,10:05,1,151,10,1,07:27,8,157,10,0,10:42,9,,10,,fledging checked in sept,,,,,,,FALSE,11,0,0,
2019,KCZ,6,,bluti,,,117,121,,,120,128,9,"125-6, 127-8, 129-9, 131-9",131,7,0,142,143,0,9,15.24,1.693333333,08:50,0,149,9,1,10:20,10,155,9,5,11:39,11,163,9,0,,,,,,,,FALSE,9,0,0,
2019,KCZ,7,,bluti,,,91,118,,,118,126,9,"121-4, 123-6, 125-8, 127-9, 129-9, 131-9",131,6,0,143,143,0,3,2.54,0.846666667,08:35,0,149,9,0,09:56,11,155,9,9,09:49,7,165,9,0,,,,,,,,FALSE,9,0,0,
2019,KCZ,8,,bluti,,,115,121,,,120,129,10,"125-6, 127-8, 129-10, 131-10",133,3,0,149,149,0,7,7.96,1.137142857,09:52,0,155,7,2,09:39,3,161,7,2,09:31,6,,7,,"V1.2 157 9:53, 7CH, 8MIN, POO1, fledging checked in sept",,,,,,,FALSE,9,0,2,
2019,BLA,1,,,,,,,,,,,,,,,,,,,,,,,,,,,,,,,,,,,,,,,,,,,,FALSE,,,,
2019,BLA,2,,bluti,,,92,108,,,116,124,10,"120-6, 122-8, 124-10, 126-10",124,4,0,140,140,0,8,7.3,0.9125,15:30,0,146,9,0,16:32,11,152,8,0,17:18,8,162,8,0,,,,,,,,FALSE,9,0,0,
2019,BLA,3,,,,,,,,,,,,,,,,,,,,,,,,,,,,,,,,,,,,,,,,,,,,FALSE,,,,
2019,BLA,4,,bluti,,,110,116,,,123,142,9,"126-2, 128-2, 130-3, 132-3, 134-3, 136-3, 138-5, 140-7C",142,2,0,156,158,0,6,12.31,2.051666667,16:57,1,162,5,0,18:01,6,168,4,0,13:00,4,,1,1,"2 dead chicks @ 158, fledging checked in sept",,,,,,,FALSE,10,0,4,
2019,BLA,5,,bluti,,,104,114,,,116,124,9,"120-4, 122-7, 124-9, 126-9",124,unmanipulated,0,138,138,0,2,1.92,0.96,17:30,0,144,9,0,13:51,8,150,9,2,13:53,10,160,9,0,,,,,,,,FALSE,9,0,0,
2019,BLA,6,,bluti,,,92,134,,,134,142,9,"136-3, 138-5, 140-7C, 142-9",142,odd,0,154,154,0,6,8.67,1.445,18:11,0,160,7,0,15:12,12,166,6,0,15:56,8,,3,1,fledging checked in sept,,,,,,,FALSE,9,0,2,
2019,BLA,7,,,,,110,116,,,,,,,,,,,,,,,,,,,,,,,,,,,,,,,,,,,,,,FALSE,,0,0,
2019,BLA,8,,bluti,,,98,110,,,120,124,5,"122-3, 124-5, 126-5",124,unmanipulated,0,139,140,0,5,8.13,1.626,15:15,,146,0,,,,,0,,,,,,0,,,,,,,,FALSE,5,0,5,
2019,CAL,1,,bluti,,,117,123,,,124,134,11,"127-4, 129-6, 131-8, 133-10, 135-11, 137-11,",135,unmanipulated,0,148,149,0,10,17.81,1.781,08:48,0,155,10,0,07:59,12,161,9,2,08:31,7,167,6,0,,,,,,,,FALSE,11,0,1,
2019,CAL,2,,,,,115,,,,,,,,,,,,,,,,,,,,,,,,,,,,,,,,,,,,,,,FALSE,,,,
2019,CAL,3,,,,,119,,,,,,,,,,,,,,,,,,,,,,,,,,,,,,,,,,,,,,,FALSE,,,,
2019,CAL,4,,bluti,,,91,107,,,115,124,10,"117-3, 119-5, 121-7, 123-9, 125-10, 127-10",127,unmanipulated,0,139,139,0,7,7.06,1.008571429,08:20,0,145,10,3,08:37,13,151,10,0,06:00,7,161,10,0,,,,,,,,FALSE,10,0,0,
2019,CAL,5,,bluti,,,95,105,,,113,123,10,"115-3, 117-5, 119-7, 121-8, 123-10, 125-10",125,not possible,0,135,135,0,4,3.91,0.9775,06:55,0,141,10,2,09:08,10,147,10,3,08:07,11,155,10,0,,,,,,,,FALSE,10,0,0,
2019,CAL,6,,bluti,,,93,111,,,115,125,11,"117-3, 119-5, 121-7, 123-9, 125-11, 127-11, 129-11, 131-11",133,not possible,0,143,143,0,11,11.54,1.049090909,07:45,0,149,11,0,08:48,10,155,11,2,08:23,12,163,9,0,,,,,,,,FALSE,11,0,0,
2019,CAL,7,,,,,97,,,,,,,,,,,,,,,,,,,,,,,,,,,,,,,,,,,,,,,FALSE,,,,
2019,CAL,8,,,,,,,,,,,,,,,,,,,,,,,,,,,,,,,,,,,,,,,,,,,,FALSE,,,,
2019,DNM,1,,,,,120,,,,,,,,,,,,,,,,,,,,,,,,,,,,,,,,,,,,,,,FALSE,,,,
2019,DNM,2,,bluti,,,102,114,,,123,132,9,"126-4, 128-6, 130-8, 132-9c, 134-9W",130,3,0,142,142,0,7,6.87,0.981428571,18:23,0,148,9,0,15:43,9,154,8,4,18:49,9,164,8,0,,,,,,,,FALSE,9,0,0,
2019,DNM,3,,bluti,,,110,120,,,120,128,9,"122-3, 124-5, 126-6, 128-9, 130-9c, 132-9inc",128,2,0,146,146,0,7,8.11,1.158571429,17:09,0,152,0,,,,,,,,,,0,0,152 9 dead chicks,,,,,,,FALSE,9,0,9,
2019,DNM,4,,,,,114,,,,,,,,,,,,,,,,,,,,,,,,,,,,,,,,,,,,,,,FALSE,,,,
2019,DNM,5,,bluti,,,100,114,,,118,130,11,"120-1, 124-5, 126-6, 128-8, 130-10, 132-10",132,unmanipulated,0,144,144,0,6,6.4,1.066666667,14:50,1,150,10,1,14:30,11,156,7,1,15:23,10,166,7,0,,,,,,,,FALSE,11,0,0,
2019,DNM,6,,bluti,,,92,112,,,119,130,12,"124-6, 126-8, 128-10, 130-12, 132-12, 134-12(-1)",134,unmanipulated,0,146,146,0,9,12.51,1.39,17:10,1,152,9,0,18:05,11,158,8,0,17:15,8,168,5,1,,,,,,,,FALSE,11,1,1,
2019,DNM,7,,,,,102,,,,,,,,,,,,,,,,,,,,,,,,,,,,,,,,,,,,,,,FALSE,,,,
2019,DNM,8,,,,,102,,,,,,,,,,,,,,,,,,,,,,,,,,,,,,,,,,,,,,,FALSE,,,,
2019,DNC,2,,bluti,,,110,116,,,123,132,9,"126-3, 128-5, 130-7, 132-9, 134-9",132,unmanipulated,0,146,146,0,7,7.7,1.1,17:25,0,152,9,0,19:06,8,158,9,4,18:41,7,166,9,0,,,,,,,,FALSE,9,0,0,
2019,DNC,3,,,,,,,,,,,,,,,,,,,,,,,,,,,,,,,,,,,,,,,,,,,,FALSE,,,,
2019,DNC,4,,,,,,,,,,,,,,,,,,,,,,,,,,,,,,,,,,,,,,,,,,,,FALSE,,,,
2019,DNC,5,,,,,,,,,,,,,,,,,,,,,,,,,,,,,,,,,,,,,,,,,,,,FALSE,,,,
2019,DNC,6,,,,,,,,,,,,,,,,,,,,,,,,,,,,,,,,,,,,,,,,,,,,FALSE,,,,
2019,DNC,7,,,,,,,,,,,,,,,,,,,,,,,,,,,,,,,,,,,,,,,,,,,,FALSE,,,,
2019,DNC,8,,,,,,,,,,,,,,,,,,,,,,,,,,,,,,,,,,,,,,,,,,,,FALSE,,,,
2019,DNC,9,,bluti,,,102,110,,,124,132,9,"126-3, 128-5, 130-7, 132-9, 134-9",132,unmanipulated,0,146,146,0,7,7.83,1.118571429,17:23,0,152,9,0,19:05,11,158,0,,,,,0,0,,,,,,,,FALSE,9,0,0,
2019,DNS,1,,,,,,,,,,,,,,,,,,,,,,,,,,,,,,,,,,,,,,,,,,,,FALSE,,,,
2019,DNS,2,,,,,,,,,,,,,,,,,,,,,,,,,,,,,,,,,,,,,,,,,,,,FALSE,,,,
2019,DNS,3,,,,,,,,,,,,,,,,,,,,,,,,,,,,,,,,,,,,,,,,,,,,FALSE,,,,
2019,DNS,4,,,,,,,,,,,,,,,,,,,,,,,,,,,,,,,,,,,,,,,,,,,,FALSE,,,,
2019,DLW,1,,,,,,,,,,,,,,,,,,,,,,,,,,,,,,,,,,,,,,,,,,,,FALSE,,,,
2019,DLW,2,,,,,,,,,,,,,,,,,,,,,,,,,,,,,,,,,,,,,,,,,,,,FALSE,,,,
2019,DLW,3,,,,,,,,,,,,,,,,,,,,,,,,,,,,,,,,,,,,,,,,,,,,FALSE,,,,
2019,DLW,4,,bluti,,,93,112,,,119,126,8,"123-5, 125-7, 127-8",127,unmanipulated,0,140,141,0,8,13.65,1.70625,09:05,0,147,8,1,07:32,7,153,2,1,08:52,2,161,2,0,,,,,,,,FALSE,8,0,0,
2019,DLW,5,,,,,,,,,,,,,,,,,,,,,,,,,,,,,,,,,,,,,,,,,,,,FALSE,,,,
2019,DLW,6,,,,,111,,,,,,,,,,,,,,,,,,,,,,,,,,,,,,,,,,,,,,,FALSE,,,,
2019,CRU,1,,bluti,,,91,111,,,122,139,7,"125-3, 127-3, 129-3, 131-3, 133-3, 135-4, 137-5, 139-7, 141-7",137,unmanipulated,0,147,147,0,2,1.83,0.915,07:15,1,153,5,0,09:25,7,159,4,0,09:39,3,,2,1,"1 dead on 153, fledging checked in sept",,,,,,,FALSE,7,0,1,
2019,CRU,2,,,,,,,,,,,,,,,,,,,,,,,,,,,,,,,,,,,,,,,,,,,,FALSE,,,,
2019,CRU,3,,,,,,,,,,,,,,,,,,,,,,,,,,,,,,,,,,,,,,,,,,,,FALSE,,,,
2019,CRU,4,,,,,,,,,,,,,,,,,,,,,,,,,,,,,,,,,,,,,,,,,,,,FALSE,,,,
2019,CRU,5,,,,,93,,,,,,,,,,,,,,,,,,,,,,,,,,,,,,,,,,,,,,,FALSE,,,,
2019,CRU,6,,bluti,,,109,117,,,133,139,7,"135-3, 137-5, 139-7, 141-7",139,unmanipulated,0,152,153,,6,9.74,1.623333333,09:24,0,159,7,0,08:49,7,165,0,,,,,0,,,,,,,,,FALSE,7,0,0,
2019,CRU,7,,,,,,,,,,,,,,,,,,,,,,,,,,,,,,,,,,,,,,,,,,,,FALSE,,,,
2019,CRU,8,,,,,,,,,,,,,,,,,,,,,,,,,,,,,,,,,,,,,,,,,,,,FALSE,,,,
2019,NEW,1,,bluti,,,104,116,,,120,127,8,"124-5, 126-7, 128-8",126,unmanipulated,0,141,142,0,7,14.44,2.062857143,19:10,1,148,7,0,15:05,7,154,7,4,18:15,7,162,6,1,,,,,,,,FALSE,8,0,0,
2019,NEW,2,,bluti,,,92,116,,,118,124,8,"122-5, 124-7, 126-8",124,7,1,136,136,0,5,5.44,1.088,18:40,1,142,7,0,19:19,7,148,7,3,18:06,5,160,7,1,,,,,,,,FALSE,7,0,-1,
2019,NEW,3,,,,,,,,,,,,,,,,,,,,,,,,,,,,,,,,,,,,,,,,,,,,FALSE,,,,
2019,NEW,4,,bluti,,,110,122,,,123,127,5,"126-4, 128-5, 130-5",128,odd,0,142,142,0,4,4.38,1.095,19:30,0,148,5,0,18:16,5,154,5,2,18:31,5,164,5,0,,,,,,,,FALSE,5,0,0,
2019,NEW,5,,,,,,,,,,,,,,,,,,,,,,,,,,,,,,,,,,,,,,,,,,,,FALSE,,,,
2019,NEW,6,,bluti,,,98,102,,,117,127,11,"120-4, 122-6, 124-7, 126-10, 128-11",126,unmanipulated,0,140,140,0,9,8.47,0.941111111,17:55,0,146,11,0,18:33,11,152,10,0,20:15,11,164,5,0,,,,,,,,FALSE,11,0,0,
2019,NEW,7,,bluti,,,92,114,,,117,123,7,"122-6, 124-7, 126-7",122,2,0,139,140,0,8,12.58,1.5725,17:50,0,146,8,1,18:17,10,152,8,4,19:49,9,162,8,0,,,,,,,,FALSE,8,0,0,
2019,NEW,8,,,,,,,,,,,,,,,,,,,,,,,,,,,,,,,,,,,,,,,,,,,,FALSE,,,,
2019,HWP,1,,bluti,,,91,107,,,113,121,9,"115-3, 117-5, 119-7, 121-9, 123-8, 127-9",121,unmanipulated,0,134,135,0,7,11.53,1.647142857,9.52,1,141,8,0,10:00,7,147,8,3,8,07:30,153,8,0,,,,,,,,FALSE,9,0,0,
2019,HWP,2,,,,,121,,,,,,,,,,,,,,,,,,,,,,,,,,,,,,,,,,,,,,,FALSE,,,,
2019,HWP,3,,,,,105,111,,,,,,,,,,,,,,,,,,,,,,,,,,,,,,,,,,,,,,FALSE,,,,
2019,HWP,4,,,,,,,,,,,,,,,,,,,,,,,,,,,,,,,,,,,,,,,,,,,,FALSE,,,,
2019,HWP,5,,bluti,,,99,113,,,112,123,12,"115-4, 117-6, 119-8, 121-10, 123-12, 125-12, COLD 151 ",123,8,0,,,,,,,,,,,,,,,,,,,,,,,,,,,,,FALSE,11,0,11,
2019,HWP,6,,,,,97,111,,,,,,,,,,,,,,,,,,,,,,,,,,,,,,,,,,,,,,FALSE,,,,
2019,HWP,7,,,,,99,,,,,,,,,,,,,,,,,,,,,,,,,,,,,,,,,,,,,,,FALSE,,,,
2019,HWP,8,,bluti,,,93,113,,,115,125,11,"117-3, 119-5, 121-7, 123-9, 125-11, 127-11",123,5,0,135,135,0,8,8.79,1.09875,10:13,1,141,11,1,10:13,10,,0,,,,,0,,,,,,,,,FALSE,12,0,0,
2019,INS,1,,bluti,,,96,112,,,118,124,7,"122-5, 124-7, 126-7",124,unmanipulated,0,138,138,0,3,2.91,0.97,16:20,1,144,6,0,17:17,7,150,6,2,17:11,6,160,6,1,,,,,,,,FALSE,7,0,0,
2019,INS,2,,,,,,,,,,,,,,,,,,,,,,,,,,,,,,,,,,,,,,,,,,,,FALSE,,,,
2019,INS,3,,bluti,,,96,114,,,119,127,9,"124-6, 126-8, 128-9",126,3,0,141,142,0,6,9.33,1.555,18:20,3,148,6,1,17:00,6,154,0,,,,,0,1,Likely swapped into own nest,,,,,,,FALSE,9,0,0,
2019,INS,4,,bluti,,,92,112,,,119,125,7,"124-6, 126-7, 128-7",126,4,0,142,142,0,4,3.5,0.875,18:30,1,148,6,0,17:10,7,154,6,4,17:18,7,164,6,0,Likely swapped into own nest,,,,,,,FALSE,7,0,0,
2019,INS,5,,,,,,,,,,,,,,,,,,,,,,,,,,,,,,,,,,,,,,,,,,,,FALSE,,,,
2019,INS,6,,,,,,,,,,,,,,,,,,,,,,,,,,,,,,,,,,,,,,,,,,,,FALSE,,,,
2019,INS,7,,bluti,,,110,118,,,120,129,10,"124-5, 126-7, 128-9, 130-10, 132-10",132,unmanipulated,0,144,144,0,7,9.46,1.351428571,16:59,1,150,7,0,17:56,7,156,7,0,16:22,5,162,5,0,,,,,,,,FALSE,10,0,2,
2019,INS,8,,,,,,,,,,,,,,,,,,,,,,,,,,,,,,,,,,,,,,,,,,,,FALSE,,,,
2019,FSH,1,,bluti,,,102,112,,,118,127,10,"122-5, 124-7, 126-9, 128-10, 128-10, 130-10, 132-10",132,2,0,142,142,0,4,3.83,0.9575,17:15,0,148,6,0,16:06,6,154,6,2,16:40,7,164,6,1,,,,,,,,FALSE,7,0,1,
2019,FSH,2,,bluti,,,114,120,,,121,127,8,"124-4, 126-6, 128-7 (+1 broken), 130-7",130,1,0,144,144,0,10,10.71,1.071,18:11,0,152,9,0,17:00,9,156,7,0,15:47,6,,5,0,fledging checked in sept,,,,,,,FALSE,10,1,1,
2019,FSH,3,,bluti,,,92,112,,,115,121,7,"118-4, 120-6, 122-7, 124-7, 128-7",126,unmanipulated,0,136,136,0,7,10.1,1.442857143,17:27,0,142,7,1,17:29,6,148,7,0,15:51,8,156,6,0,,,,,,,,FALSE,7,0,0,
2019,FSH,4,,bluti,,,110,116,,,119,127,8,"124-6, 126-7, 128-8, 130-8",132,not possible,0,148,152,0,8,27.13,3.39125,17:30,0,154,8,0,16:15,8,160,0,,,,,0,,dead 160,,,,,,,FALSE,8,0,0,
2019,FSH,5,,bluti,,,92,102,,,115,123,9,"118-4, 120-6, 122-8, 124-9, 126-9",122,not possible,0,137,138,0,5,7.65,1.53,15:51,3,144,6,2,17:56,7,150,6,0,16:15,6,156,6,2,,,,,,,,FALSE,9,0,0,
2019,FSH,6,,bluti,,,110,120,,,122,133,7,"124-2, 126-2, 128-3, 130-4, 132-6, 134-7",132,unmanipulated,0,146,146,0,5,6.92,1.384,18:25,0,152,7,0,16:24,6,158,6,3,17:47,7,166,6,0,,,,,,,,FALSE,7,0,0,
2019,FSH,7,,,,,102,,,,,,,,,,,,,,,,,,,,,,,,,,,,,,,,,,,,,,,FALSE,,,,
2019,FSH,8,,,,,112,,,,,,,,,,,,,,,,,,,,,,,,,,,,,,,,,,,,,,,FALSE,,,,
2019,RTH,1,,,,,114,,,,,,,,,,,,,,,,,,,,,,,,,,,,,,,,,,,,,,,FALSE,,,,
2019,RTH,2,,,,,126,,,,,,,,,,,,,,,,,,,,,,,,,,,,,,,,,,,,,,,FALSE,,,,
2019,RTH,3,,bluti,,,108,112,,,115,126,12,"120-6, 122-8, 124-10, 126-11, 128-11, 130-12",128,unmanipulated,0,141,142,0,12,19.57,1.630833333,16:40,0,148,12,5,15:08,10,154,12,7,14:41,10,162,12,0,,,,,,,,FALSE,12,0,0,
2019,RTH,4,,bluti,,,116,122,,,122,132,10,"124-3, 126-4, 128-6, 130-8, 132-10, 134-10",130,unmanipulated,0,146,146,0,5,5.95,1.19,17:57,0,152,3,1,15:48,4,158,3,5,15:36,3,166,3,0,,,,,,,,FALSE,10,0,7,
2019,RTH,5,,bluti,,,96,128,,,128,133,6,"130-3, 132-5, 134-6",132,6,0,143,144,0,8,11.99,1.49875,18:25,0,150,8,0,15:13,6,156,,,,,,-999,0,"front off 152 all gone, one buried dead hatchling",pine marten,,,,,,FALSE,9,0,1,
2019,RTH,6,,bluti,,,112,120,,,122,130,9,"124-3, 126-5, 128-7, 130-9, 132-9",130,5,0,146,146,0,3,2.98,0.993333333,17:50,1,152,5,0,15:28,4,158,5,3,16:39,6,168,5,1,,,,,,,,FALSE,6,0,0,
2019,AVI,1,,bluti,,,107,111,,,116,125,9,"121-6, 123-7, 125-9, 127-9, 129-9",129,5,0,145,145,0,5,4.49,0.898,08:45,1,151,9,0,09:15,9,157,9,5,10:37,9,167,9,0,,,,,,,,FALSE,10,0,0,
2019,AVI,2,,,,,,,,,,,,,,,,,,,,,,,,,,,,,,,,,,,,,,,,,,,,FALSE,,,,
2019,AVI,3,,,,,119,123,,,123,,,"125-1, 127-1, 129-1, 131-1, 133-1, 135-1, 137-1, 139-1, 141-1, 145-1",,,,,,,,,,,,,,,,,,,,,,,,,,,,,,,,FALSE,,,,
2019,AVI,4,,bluti,,,113,119,,,119,126,7,"121-2, 123-4, 125-6, 127-7, 129-7",129,8,0,141,141,0,8,11.34,1.4175,11:30,1,147,8,1,08:16,8,153,8,4,10:56,8,161,8,1,,,,,,,,FALSE,9,0,0,
2019,AVI,5,,bluti,,,111,119,,,120,130,10,"121-2, 123-4, 125-5, 127-7, 129-9, 131-10, 133-10",133,1,0,140,141,0,9,14.58,1.62,11:20,0,147,9,0,08:19,10,153,9,3,11:08,9,161,9,0,,,,,,,,FALSE,9,0,0,
2019,AVI,6,,bluti,,,111,121,,,123,133,9,"125-2, 127-2, 129-5, 131-7, 133-9, 135-9",135,unmanipulated,0,149,149,0,8,8.94,1.1175,08:14,0,155,8,4,10:01,9,161,8,3,09:56,8,,8,,fledging checked in sept,,,,,,,FALSE,9,0,1,
2019,AVI,7,,,,,,,,,,,,,,,,,,,,,,,,,,,,,,,,,,,,,,,,,,,,FALSE,,,,
2019,AVI,8,,bluti,,,97,111,,,116,126,9,"121-6, 123-6, 125-9, 127-9, 129-9, 131-9",131,4,0,142,143,0,7,10.28,1.468571429,08:10,0,149,7,0,08:10,6,155,7,4,09:46,6,161,7,0,,,,,,,,FALSE,7,0,0,
2019,AVN,1,,bluti,,,114,124,,,124,132,8,"126-3, 128-4, 130-7, 132-8",130,7,0,142,142,0,11,15.56,1.414545455,15:20,0,148,11,,14:03,12,154,11,7,14:26,16,160,11,0,,,,,,,,FALSE,11,0,0,
2019,AVN,2,,bluti,,,110,112,,,115,,,"118-1, 120-1, 122-2, 124-2, 126-2, 128-2, 130-2, 132-2, ",,,,,,,,,,,1,,,,,,,,,,,,,1,"116-2 eggs, 1 broken removed, fledging checked sept",,,,,,,FALSE,,1,,
2019,AVN,2,,bluti,,,,,,,135,144,10,"136-2, 142-8, 144-10, ",142,unmanipulated,0,155,156,0,5,10,2,14:05,1,162,9,2,13:08,9,168,9,6,13:53,12,,9,,,,,,,,,1,10,0,0,
2019,AVN,3,,bluti,,,116,119,,,119,128,10,"124-6, 126-8, 128-10, 130-10",130,1,0,144,144,0,6,5.85,0.975,17:12,0,150,8,0,13:43,6,156,8,3,13:50,10,164,8,0,,,,,,,,FALSE,8,0,0,
2019,AVN,4,,bluti,,,98,110,,,115,136,14,"118-4, 120-6, 122-7, 124-9, 126-9 (+1 broken), 128-9, 130-7, 140-13",134,not possible,0,149,150,0,4,6.81,1.7025,13:40,9,156,4,3,13:47,6,162,3,3,13:01,4,168,3,5,FKI was enetered as 132? - updated to 134 based on hd on 13/3/25,,,,,,,FALSE,13,1,0,
2019,AVN,5,,bluti,,,92,104,,,116,125,9,"118-3, 120-5, 122-6, 124-8, 126-9",124,unmanipulated,0,137,138,0,6,11.68,1.946666667,13:55,1,144,8,1,17:10,8,150,8,3,13:52,8,160,8,0,,,,,,,,FALSE,9,0,0,
2019,AVN,6,,bluti,,,100,112,,,117,128,10,"120-4, 122-5, 124-7, 126-7 (+1 broken), 128-9, 130-inc",130,unmanipulated,0,142,142,0,4,5.1,1.275,15:15,2,148,4,0,14:08,6,154,4,2,13:53,10,162,4,2,,,,,,,,FALSE,9,1,3,
2019,AVN,7,,bluti,,,110,118,,,117,128,11,"120-4, 122-6, 124-8, 126-8, 128-10",126,3,0,141,142,0,8,11.84,1.48,15:05,0,148,0,,,,,0,,,,,0,0,,,,,,,,FALSE,10,0,10,
2019,AVN,8,,,,,92,102,,,,,,,,,,,,,,,,,,,,,,,,,,,,,,,,,,,,,,FALSE,,,,
2019,CAR,1,,bluti,,,92,112,,,116,126,11,"118-3, 120-5, 122-7, 124-8, 126-11, 128-11, 130-11",130,unmanipulated,0,142,142,0,9,10.43,1.158888889,14:35,1,148,10,1,13:23,10,154,10,2,12:37,11,168,2,1,,,,,,,,FALSE,11,0,0,
2019,CAR,2,,,,,,,,,,,,,,,,,,,,,,,,,,,,,,,,,,,,,,,,,,,,FALSE,,,,
2019,CAR,3,,,,,,,,,,,,,,,,,,,,,,,,,,,,,,,,,,,,,,,,,,,,FALSE,,,,
2019,CAR,4,,bluti,,,114,118,,,122,129,7,"124-4, 126-5, 128-6, 130-7",130,unmanipulated,0,144,144,0,2,1.92,0.96,16:30,4,150,2,0,12:50,2,156,2,0,13:09,3,164,2,3,,,,,,,,FALSE,7,0,1,
2019,CAR,5,,bluti,,,102,112,,,116,123,7,"118-3, 120-4, 122-6, 124-7, 126-7, 128-7",126,unmanipulated,0,140,140,0,5,6.54,1.308,14:48,1,146,5,1,16:27,4,152,5,3,12:42,8,160,5,1,,,,,,,,FALSE,7,0,1,
2019,CAR,6,,,,,100,,,,,,,,,,,,,,,,,,,,,,,,,,,,,,,,,,,,,,,FALSE,,,,
2019,SLS,1,,,,,,,,,,,,,,,,,,,,,,,,,,,,,,,,,,,,,,,,,,,,FALSE,,,,
2019,SLS,2,,bluti,,,113,119,,,146,151,6,163-2chicks 1UHE,,odd,0,163,163,0,2,2.43,1.215,13:25,1,168,5,0,12:41,8,174,5,,,,,5,1,"fledging check in sept, nest looked fledged, no rings found",,,,,,,FALSE,6,0,0,
2019,SLS,3,,bluti,,,111,115,,,118,127,10,"123-6, 125-8, 127-10, 129-10, 131-10, 133-10",133,6,0,143,143,0,9,8.3,0.922222222,09:10,0,151,8,1,10:43,8,155,0,,,,,0,0,,,,,,,,FALSE,11,0,3,
2019,SLS,4,,bluti,,,,,,,,,,161-8 INCUBATING,161,odd,,,,,,,,,,,,,,,,,,,,,,,We appear not to have checked this nest for hatching or fledging. Have checked notebooks. ,,,,,,,FALSE,,,,
2019,SLS,5,,bluti,,,99,111,,,114,124,11,"117-4, 119-6, 121-8, 123-10, 125-11, 131-11, 133-11",133,unmanipulated,0,143,143,0,9,8.23,0.914444444,09:00,0,149,11,0,09:50,10,155,11,3,12:12,11,165,10,0,,,,,,,,FALSE,11,0,0,
2019,SLS,6,,bluti,,,99,117,,,119,129,11,"123-5, 125-7, 127-8, 129-11, 131-11, 133-11",133,3,0,145,145,1,5,4.96,0.992,09:45,0,151,9,0,10:14,10,157,9,6,12:33,10,167,9,0,,,,,,,,FALSE,10,0,1,
2019,SLS,7,,bluti,,,111,119,,,120,130,11,"123-4, 125-6, 127-8, 129-10, 131-11, 133-11, 135-11COLD",137,unmanipulated,0,151,151,0,9,9.19,1.021111111,10:20,1,157,8,0,12:31,8,163,8,1,13:08,10,,8,1,fledging checked I sept,,,,,,,FALSE,10,1,1,
2019,SLS,8,,,,,,,,,,,,,,,,,,,,,,,,,,,,,,,,,,,,,,,,,,,,FALSE,,,,
2019,TOM,1,,bluti,,,107,115,,,121,130,9,"123-3, 125-4, 127-6, 129-8, 131-9",131,unmanipulated,0,145,145,,9,8.46,0.94,10:05,0,151,9,1,11:57,9,157,5,2,13:21,5,167,5,0,,,,,,,,FALSE,9,0,0,
2019,TOM,2,,,,,119,,,,,,,,,,,,,,,,,,,,,,,,,,,,,,,,,,,,,,,FALSE,,,,
2019,TOM,3,,coati,,,117,117,,,,,,,,,,,,,,,,,,,,,,,,,,,,,,,,,,,,,,FALSE,,,,
2019,TOM,4,,,,,,,,,,,,,,,,,,,,,,,,,,,,,,,,,,,,,,,,,,,,FALSE,,,,
2019,TOM,5,,coati,,,117,119,,,117,,,"121-5, 123-7, 125-9, 135-8",135,,,,,,,,,,,,,,,,,,,,,,,,,,,,,,,FALSE,,,,
2019,TOM,6,,,,,,,,,,,,,,,,,,,,,,,,,,,,,,,,,,,,,,,,,,,,FALSE,,,,
2019,TOM,7,,,,,,,,,,,,,,,,,,,,,,,,,,,,,,,,,,,,,,,,,,,,FALSE,,,,
2019,TOM,8,,,,,,,,,,,,,,,,,,,,,,,,,,,,,,,,,,,,,,,,,,,,FALSE,,,,
2019,DAV,1,,,,,101,115,,,,,,,,,,,,,,,,,,,,,,,,,,,,,,,,,,,,,,FALSE,,,,
2019,DAV,2,,bluti,,,101,121,,,121,128,8,"123-5, 125-5, 127-7, 129-8, 131-8",129,unmanipulated,0,143,143,0,5,5.14,1.028,10:30,1,151,3,0,13:05,5,155,3,1,14:41,4,,0,,,,,,,,,FALSE,8,0,4,
2019,DAV,3,,,,,,,,,,,,,,,,,,,,,,,,,,,,,,,,,,,,,,,,,,,,FALSE,,,,
2019,DAV,4,,bluti,,,127,135,,,131,,,"133-female dead in nest, 135-2, 141-2",,,,,,,,,,,,,,,,,,,,,,,,,,,,,,,,FALSE,,,,
2019,DAV,5,,bluti,,,103,111,,,115,125,11,"117-3, 121-7, 123-9, 125-11, 127-9?, 129-11",123,6,0,137,137,0,5,7.19,1.438,13:55,2,143,0,,10:35,,,0,,,,,0,,143- 2 eggs removed with 7 dead chicks,,,,,,,FALSE,9,0,7,
2019,DAV,6,,bluti,,,91,111,,,117,125,9,"121-5, 123-7, 125-9, 127-9, 129-9",121,5,0,137,137,0,6,6.54,1.09,13:50,0,143,11,1,10:20,10,149,9,2,11:35,8,159,7,,,,,,,,,FALSE,11,0,0,
2019,DAV,7,,bluti,,,91,105,,,113,120,8,"115-3,117-5, 119-7, 121-8, 125-8",119,odd,0,134,135,0,8,15.07,1.88375,14:19,0,141,7,0,14:04,8,147,0,,,,,0,,,,,,,,,FALSE,8,0,1,
2019,DAV,8,,bluti,,,111,115,,,121,125,5,"123-3, 125-5, 127-5, 129-5",127,unmanipulated,0,141,141,,5,6.64,1.328,14:15,0,147,4,0,12:39,5,153,4,2,15:47,5,163,4,0,,,,,,,,FALSE,5,0,1,
2019,MUN,1,,bluti,,,92,122,,,115,,,"118-3, 120-3, 122-1, ",,,,,,,,,,,,,,,,,,,,,,,,,,,,,,,,FALSE,,,,
2019,MUN,1,,bluti,,,,,,,123,127,5,"124-2, 126-4, 128-5, 130-5",128,not possible,0,140,140,0,1,0.88,0.88,13:48,0,146,5,0,14:16,7,152,5,1,10:22,5,162,5,,,,,,,,,1,5,0,0,
2019,MUN,2,,bluti,,,92,104,,,114,121,8,"116-3, 118-5, 120-7, 122-8, 124-8",122,unmanipulated,0,134,134,0,6,7.4,1.233333333,10:35,0,140,8,0,13:37,7,146,7,2,14:42,10,154,7,,,,,,,,,FALSE,8,0,0,
2019,MUN,3,,bluti,,,92,100,,,117,125,9,"122-6, 124-8, 126-9",124,8,0,135,136,0,6,12.53,2.088333333,12:26,1,142,6,1,13:43,6,148,6,3,12:19,9,156,6,1,,,,,,,,FALSE,8,0,1,
2019,MUN,4,,,,,,,,,,,,,,,,,,,,,,,,,,,,,,,,,,,,,,,,,,,,FALSE,,,,
2019,MUN,5,,,,,,,,,,,,,,,,,,,,,,,,,,,,,,,,,,,,,,,,,,,,FALSE,,,,
2019,MUN,6,,bluti,,,92,104,,,116,123,7,"118-2, 120-4, 122-6, 124-7, 126-7, 128-7",126,unmanipulated,0,138,138,0,7,9.96,1.422857143,11:50,0,144,7,0,15:04,7,150,7,2,11:12,6,156,6,0,,,,,,,,FALSE,7,0,0,
2019,MUN,7,,bluti,,,94,108,,,116,123,7,"118-3, 120-4, 122-6, 124-7, 132c, 134c",124,not possible,0,,,,,,,,,,,,,,,,,,,,,,,,,,,,,FALSE,7,0,7,
2019,MUN,8,,bluti,,,92,112,,,114,123,8,"116-3, 118-5, 120-7, 122-7, 124-8",124,3,0,138,138,0,8,9.1,1.1375,10:53,0,144,9,2,14:34,9,150,0,,,,,0,,,,,,,,,FALSE,9,0,0,
2019,ART,1,,bluti,,,91,95,,,106,115,10,"109-4, 111-6, 113-8, 115-10,117-9, 119-10",115,2,0,128,129,0,9,13.8,1.533333333,12:30,0,135,9,3,15:09,13,141,9,7,15:23,9,149,9,,,,,,,,,FALSE,9,0,0,
2019,ART,2,,bluti,,,91,95,,,107,115,9,"109-3, 111-5, 113-7, 115-9,117-8, 119-9",115,1,0,129,129,0,8,10.63,1.32875,12:35,0,135,9,4,15:27,10,141,9,5,16:50,13,149,9,,,,,,,,,FALSE,10,0,1,
2019,ART,3,,bluti,,,97,103,,,110,119,11,"113-4, 115-6,117-7, 119-10, 121-10, 123-11",119,6,0,131,131,0,7,5.8,0.828571429,15:15,0,137,10,0,14:36,18,143,10,5,13:30,14,153,10,,,,,,,,,FALSE,10,0,0,
2019,ART,4,,bluti,,,101,110,,,111,119,9,"113-3, 115-5,117-7, 119-9, 121-9",115,unmanipulated,0,130,131,0,6,9.76,1.626666667,15:10,0,137,8,1,14:36,10,143,8,1,13:13,12,151,8,,,,,,,,,FALSE,9,0,1,
2019,ART,5,,bluti,,,117,118,,,118,127,9,"121-4, 123-4, 125-7, 139-3c6e(9)",123,"odd - incorrect CC first noted as 123, therefore not checked for many days",0,139,139,0,3,2.93,0.976666667,13:50,1,145,8,1,13:23,9,151,8,4,13:59,11,159,8,1,,,,,,,,FALSE,9,0,0,
2019,ART,6,,bluti,,,91,103,,,110,119,10,"113-4, 115-6,117-8, 119-10, 121-10",119,3,0,133,133,0,9,8.54,0.948888889,13:30,0,139,11,2,13:55,14,145,11,9,14:48,13,153,11,,,,,,,,,FALSE,11,0,0,
2019,ART,7,,,,,,,,,,,,,,,,,,,,,,,,,,,,,,,,,,,,,,,,,,,,FALSE,,,,
2019,ART,8,,bluti,,,91,99,,,108,120,13,"111-4, 113-6, 115-8,117-10, 119-12, 121-13",119,unmanipulated,0,133,133,0,11,10.29,0.935454545,13:15,0,139,13,2,14:40,13,145,13,7,13:38,14,153,13,,,,,,,,,FALSE,13,0,0,
2019,FOU,1,,,,,,,,,,,,,,,,,,,,,,,,,,,,,,,,,,,,,,,,,,,,FALSE,,,,
2019,FOU,2,,bluti,,,91,115,,,117,126,10,"121-5, 123-7, 125-9, 127-10",123,5,0,134,135,0,4,5.94,1.485,16.41,1,141,4,0,17:35,4,147,4,4,14:05,4,153,4,0,,,,,,,,FALSE,7,0,2,
2019,FOU,3,,bluti,,,91,93,,,106,115,10,"109-4, 111-6, 113-8, 115-10,117-10",111,odd,0,126,127,0,7,11.43,1.632857143,15:20,0,133,10,0,14:07,10,139,10,4,15:50,20,149,10,0,,,,,,,,FALSE,10,0,0,
2019,FOU,4,,,,,91,,,,,,,,,,,,,,,,,,,,,,,,,,,,,,,,,,,,,,,FALSE,,,,
2019,FOU,5,,bluti,,,101,111,,,113,121,9,"115-2, 117-4, 119-6, 121-8, 123-7(8)",121,2,0,138,139,0,9,14.27,1.585555556,16:00,0,145,10,0,15:37,14,151,10,0,14:48,12,157,10,0,"115- 3eggs, 1 broke so removed",,,,,,,FALSE,10,2,0,
2019,FOU,6,,,,,,,,,,,,,,,,,,,,,,,,,,,,,,,,,,,,,,,,,,,,FALSE,,,,
2019,FOU,7,,,,,,,,,,,,,,,,,,,,,,,,,,,,,,,,,,,,,,,,,,,,FALSE,,,,
2019,FOU,8,,bluti,,,111,117,,,116,124,9,"121-6, 123-8, 125-8",123,unmanipulated,0,137,137,0,7,8.45,1.207142857,15:48,0,143,9,0,15:44,8,149,9,2,13:35,9,157,9,0,,,,,,,,FALSE,9,0,0,
2019,ALN,1,,,,,117,,,,,,,,,,,,,,,,,,,,,,,,,,,,,,,,,,,,,,,FALSE,,,,
2019,ALN,2,,bluti,,,91,111,,,115,122,8,"117-3, 119-5, 121-7, 123-8",121,unmanipulated,0,133,133,0,5,5.49,1.098,15:10,1,139,6,1,16:38,11,145,6,5,16:36,8,153,6,,,,,,,,,FALSE,8,0,1,
2019,ALN,3,,bluti,,,93,111,,,115,124,10,"117-3, 119-5, 121-7, 123-9, 125-10",123,unmanipulated,0,137,137,0,9,12.64,1.404444444,16:54,0,143,10,0,17:13,9,149,10,5,14:36,8,155,8,0,,,,,,,,FALSE,10,0,0,
2019,ALN,4,,bluti,,,95,111,,,117,125,7,"119-3, 121-5, 123-4, 125-7, 127-7",125,6,0,140,141,0,6,9.28,1.546666667,18:10,1,147,6,1,16:49,13,153,6,4,14:24,6,159,6,1,,,,,,,,FALSE,7,0,0,
2019,ALN,5,,,,,,,,,,,,,,,,,,,,,,,,,,,,,,,,,,,,,,,,,,,,FALSE,,,,
2019,ALN,6,,bluti,,,91,111,,,120,127,7,"123-4, 125-5, 127-7, 129-NA",127,4,0,136,137,0,7,11.02,1.574285714,17:00,0,143,7,0,16:46,6,149,7,4,14:48,5,157,7,0,,,,,,,,FALSE,7,0,0,
2019,ALN,7,,,,,,,,,,,,,,,,,,,,,,,,,,,,,,,,,,,,,,,,,,,,FALSE,,,,
2019,ALN,8,,,,,91,,,,,,,,,,,,,,,,,,,,,,,,,,,,,,,,,,,,,,,FALSE,,,,
2019,DEL,1,,bluti,,,92,104,,,108,116,9,"110-3, 112-4, 114-6, 116-9, 118-9",116,2,0,132,132,0,6,8.63,1.438333333,11:30,2,138,6,0,10:22,10,144,6,4,13:32,8,152,6,2,,,,,,,,FALSE,8,0,0,
2019,DEL,2,,bluti,,,92,102,,,110,118,8,"112-2, 114-4, 116-6, 118-8, 120-8",120,1,0,128,128,0,5,5.32,1.064,11:40,0,134,8,0,09:32,7,140,7,2,12:10,13,148,7,,,,,,,,,FALSE,9,0,1,
2019,DEL,3,,bluti,,,92,104,,,110,118,8,"112-3, 114-4, 116-6, 118-7, 120-8",116,unmanipulated,0,130,130,0,6,8.67,1.445,10:15,1,136,7,6,11:13,7,142,7,4,11:44,9,150,7,,,,,,,,,FALSE,8,0,0,
2019,DEL,4,,bluti,,,92,112,,,114,122,9,"116-3, 118-5, 120-7, 122-9, 124-9",122,7,0,134,134,0,4,3.68,0.92,09:45,0,140,10,0,11:54,11,146,10,2,11:37,12,154,10,0,,,,,,,,FALSE,11,0,1,
2019,DEL,5,,bluti,,,92,110,,,114,122,9,"116-3, 118-5, 120-7, 122-9, 124-9",122,unmanipulated,0,134,134,0,6,8.14,1.356666667,09:30,0,140,9,0,11:52,12,146,9,4,12:04,11,154,9,0,,,,,,,,FALSE,9,0,0,
2019,DEL,6,,bluti,,,114,118,,,118,124,7,"120-3, 122-5, 124-7, 126-7",124,odd,0,138,138,0,6,8.44,1.406666667,09:30,0,144,6,0,13:07,10,150,6,0,10:00,6,156,5,0,,,,,,,,FALSE,7,0,1,
2019,DEL,7,,bluti,,,102,112,,,113,122,11,"116-4, 118-6, 120-8, 122-10, 124-10, 126-11",122,4,0,134,134,0,4,3.84,0.96,09:25,0,140,9,4,11:24,16,146,9,9,12:26,12,154,9,0,,,,,,,,FALSE,9,0,0,
2019,DEL,8,,,,,,,,,,,,,,,,,,,,,,,,,,,,,,,,,,,,,,,,,,,,FALSE,,,,
2019,TAI,1,,bluti,,,91,101,,,112,120,8,"115-3, 117-5, 119-7, 121-8, 123-8",119,unmanipulated,0,134,135,0,8,11.95,1.49375,18:04,0,141,8,0,19:07,9,,0,,,,,0,,,,,,,,,FALSE,8,0,0,
2019,TAI,2,,,,,,,,,,,,,,,,,,,,,,,,,,,,,,,,,,,,,,,,,,,,FALSE,,,,
2019,TAI,3,,bluti,,,93,99,,,115,121,7,"117-3, 119-5, 121-7, 123-7",121,6,0,134,135,0,7,12.73,1.818571429,17:59,0,141,9,0,19:07,8,,0,,,,,0,0,,,,,,,,FALSE,9,0,0,
2019,TAI,4,,bluti,,,93,99,,,113,119,7,"115-3, 117-5, 119-7, 121-7, 123-7",119,unmanipulated,0,131,131,0,4,4.52,1.13,18:30,0,137,7,0,17:39,11,143,7,0,20:16,8,153,6,,,,,,,,,FALSE,7,0,0,
2019,TAI,5,,bluti,,,91,117,,,119,127,9,"123-5, 125-7, 127-9, 129-9",125,odd,0,139,139,0,6,7.58,1.263333333,17:42,0,145,9,0,18:40,10,151,9,1,17:09,11,159,2,0,,,,,,,,FALSE,9,0,0,
2019,TAI,6,,bluti,,,91,103,,,115,123,9,"117-3, 119-5, 121-7, 123-9",121,3,0,133,133,0,4,5.65,1.4125,15:40,1,139,6,2,17:36,9,145,6,4,18:39,7,153,6,1,,,,,,,,FALSE,7,0,0,
2019,OSP,1,,bluti,,,112,116,,,119,125,6,"124-5, 128-6, 130-6",128,7,0,136,136,0,5,5.08,1.016,10:39,0,142,9,0,08:56,9,148,8,0,07:34,6,158,3,0,,,,,,,,FALSE,9,0,0,
2019,OSP,2,,,,,,,,,,,,,,,,,,,,,,,,,,,,,,,,,,,,,,,,,,,,FALSE,,,,
2019,OSP,3,,bluti,,,92,100,,,112,121,10,"114-3, 116-5, 118-7, 120-9, 122-10",120,unmanipulated,0,134,134,0,7,8.06,1.151428571,07:35,1,140,9,3,09:14,11,146,9,3,08:55,17,154,9,0,,,,,,,,FALSE,10,0,0,
2019,OSP,4,,bluti,,,92,104,,,118,124,8,"122-6, 124-8, 126-8",124,5,0,,,,,,,,,,,,,,,,,,,,,,,,,,,,,FALSE,9,0,9,
2019,OSP,5,,bluti,,,98,104,,,115,123,9,"118-4, 120-6, 122-8, 124-9",122,4,0,140,140,0,1,1.27,1.27,09:10,7,146,1,0,09:10,2,152,0,,,,,0,6,,,,,,,,FALSE,8,0,0,
2019,OSP,6,,bluti,,,102,112,,,115,122,8,"118-4, 120-6, 122-8, 124-8",122,unmanipulated,0,135,136,0,8,13.7,1.7125,10:27,0,142,7,0,08:43,7,148,0,,,,,0,,,,,,,,,FALSE,8,0,1,
2019,OSP,7,,bluti,,,92,102,,,116,124,9,"118-3, 120-5, 122-7, 124-9, 126-7, 128-9",124,1,0,140,140,0,5,6.08,1.216,09:15,1,146,5,0,08:57,5,152,5,2,07:28,6,160,5,1,,,,,,,,FALSE,6,0,0,
2019,OSP,8,,,,,110,,,,,,,,,,,,,,,,,,,,,,,,,,,,,,,,,,,,,,,FALSE,,,,
2019,SPD,1,,bluti,,,102,112,,,114,124,10,"116-2, 118-4, 120-6, 122-8, 124-10, 126-10, 128-10",126,8,0,136,136,0,6,6.78,1.13,08:50,1,142,8,2,09:33,8,148,8,2,09:04,6,156,8,1,,,,,,,,FALSE,9,0,0,
2019,SPD,2,,,,,,,,,,,,,,,,,,,,,,,,,,,,,,,,,,,,,,,,,,,,FALSE,,,,
2019,SPD,3,,,,,,,,,,,,,,,,,,,,,,,,,,,,,,,,,,,,,,,,,,,,FALSE,,,,
2019,SPD,4,,bluti,,,110,118,,,117,127,9,"120-4, 122-6, 124-8, 126-8, 128-9",126,unmanipulated,0,140,140,0,8,9.46,1.1825,09:45,0,146,9,4,09:42,8,152,,,,,,-999,0,front off 152 all gone,pine marten,,,,,,FALSE,9,0,0,
2019,SPD,5,,,,,112,,,,,,,,,,,,,,,,,,,,,,,,,,,,,,,,,,,,,,,FALSE,,,,
2019,SPD,6,,bluti,,,108,114,,,116,125,10,"118-3, 120-5, 122-6, 124-9, 126-10",124,unmanipulated,0,138,138,0,8,11.07,1.38375,09:17,0,144,10,0,08:22,9,150,10,0,07:35,9,,-999,,front off 152 all gone,pine marten,,,,,,FALSE,10,0,0,
2019,SPD,7,,,,,,,,,,,,,,,,,,,,,,,,,,,,,,,,,,,,,,,,,,,,FALSE,,,,
2019,SPD,8,,bluti,,,98,112,,,114,123,10,"116-3, 118-5, 120-7, 122-9, 124-9 (+1 broken), 126-9, 128-9",126,1,0,138,138,0,9,11.08,1.231111111,09:20,0,144,10,4,08:39,11,150,10,3,07:47,9,156,9,0,,,,,,,,FALSE,10,1,0,
2019,DOR,1,,bluti,,,102,112,,,117,127,10,"120-4, 122-6, 124-8, 126-9, 128-10, 130-10",128,unmanipulated,0,140,140,0,6,6.95,1.158333333,08:40,2,146,8,0,07:50,7,152,8,0,07:01,8,160,8,2,,,,,,,,FALSE,10,0,0,
2019,DOR,2,,bluti,,,92,112,,,117,127,9,"120-4, 122-6, 124-8, 126-8, 128-9, 130-9",130,unmanipulated,0,139,140,0,8,15.78,1.9725,08:45,0,146,8,5,07:56,8,152,8,8,06:45,11,160,8,0,,,,,,,,FALSE,9,0,1,
2019,DOR,3,,bluti,,,98,110,,,117,127,9,"120-4, 122-6, 124-8, 126-8, 128-9",126,6,0,145,146,0,7,11.96,1.708571429,08:13,0,152,7,1,06:35,7,158,6,3,08:56,9,168,6,0,,,,,,,,FALSE,7,0,0,
2019,DOR,4,,,,,,,,,,,,,,,,,,,,,,,,,,,,,,,,,,,,,,,,,,,,FALSE,,,,
2019,DOR,5,,,,,,,,,,,,,,,,,,,,,,,,,,,,,,,,,,,,,,,,,,,,FALSE,,,,
2019,DOR,6,,bluti,,,108,120,,,125,132,7,"128-3, 130-5, 132-7",132,3,0,138,138,0,4,3.54,0.885,08:33,2,144,5,0,06:44,6,150,0,,,,,0,1,,,,,,,,FALSE,9,0,2,
2020,EDI,1,,bluti,,,,,116,123,,,8,,128,,,135,136,0,8,13.92,1.74,07:30,0,142,8,,07:46,,148,8,,10:25,,156,8,0,,,,,,,,,,,,
2020,EDI,2,,bluti,,,,,120,126,,,7,,128,,,138,138,0,4,5.18,1.295,07:37,0,145,7,,07:30,,150,6,,07:48,,,0,,,,,,,,,,,,,
2020,EDI,3,,bluti,,,,,120,128,,,9,,128,,,140,140,0,4,4.73,1.1825,17:20,2,146,6,,07:08,,152,6,,08:32,,162,6,,,,,,,,,,,,,
2020,EDI,4,,bluti,,,,,121,126,,,6,,128,,,138,138,0,4,3.49,0.8725,07:45,0,145,6,,07:45,,150,6,,08:00,,158,6,0,,,,,,,,,,,,
2020,EDI,5,,bluti,,,,,117,126,,,10,128,130,,,138,140,0,4,3.79,0.9475,17:25,1,146,9,,07:23,,152,9,,08:15,,160,9,,,,,,,,,,,,,
2020,EDI,6,,bluti,,,,,118,127,,,10,,128,,,139,140,0,8,13.72,1.715,17:30,1,146,8,,07:30,,152,8,,08:00,,160,8,,,,,,,,,,,,,
2020,EDI,7,,bluti,,,,,128,,,132,5,130,132,,,146,146,0,3,2.88,0.96,07:35,0,152,5,,07:50,,158,5,,15:40,,166,5,,,,,,,,,,,,,
2020,EDI,8,,bluti,,,,,115,120,,,6,,128,,,132,132,0,4,4.5,1.125,08:05,0,138,6,,07:56,,145,6,,08:09,,152,6,0,"Hatch mass vague, scales jumping around by +- 0.3",,,,,,,,,,,
2020,RSY,1,,bluti,,,,,119,128,,,10,,128,,,140,140,0,7,9.8,1.4,17:33,2,146,8,,06:55,,152,0,,,,,0,,,,,,,,,,,,,
2020,RSY,2,,bluti,,,,,119,126,,,8,,128,,,138,138,0,6,5.5,0.916666667,07:32,0,145,8,,07:35,,150,8,,09:51,,158,2,0,,,,,,,,,,,,
2020,RSY,3,,bluti,,,,,122,128,,,7,,128,,,140,140,0,1,0.88,0.88,17:39,1,146,6,,07:03,,152,6,,09:00,,158,1,1,,,,,,,,,,,,
2020,RSY,4,,bluti,,,,,122,128,,,7,,132,,,148,148,0,6,5.98,0.996666667,07:37,0,154,7,,16:06,,160,0,,,,,0,0,,,,,,,,,,,,
2020,RSY,5,,bluti,,,,,123,,,131,9,,130,,,143,145,0,9,20.16,2.24,07:51,0,150,9,,10:02,,156,8,,07:15,,,0,,at hatch 8y=19.26g (one small),,,,,,,,,,,
2020,RSY,6,,bluti,,,,,119,125,,,7,,128,,,137,138,0,6,8.53,1.421666667,07:43,1,145,6,,08:03,,150,6,,09:40,,156,6,,,,,,,,,,,,,
2020,RSY,7,,,,,,,,,,,,,,,,,,,,,,,,,,,,,,,,,,,,,,,,,,,,,,,,
2020,RSY,8,,bluti,,,,,119,125,,,7,,128,,,137,138,0,5,7.54,1.508,07:40,2,145,5,,07:55,,150,5,,09:33,,158,5,0,,,,,,,,,,,,
2020,FOF,1,,bluti,,,,,114,122,,,9,,128,,,134,134,0,8,10.2,1.275,08:00,0,140,9,,17:25,,146,9,,08:02,,154,9,0,,,,,,,,,,,,
2020,FOF,2,,bluti,,,,,126,,,131,6,,132,,,145,145,0,5,5.34,1.068,07:36,0,152,6,,08:47,,158,6,,15:13,,164,5,,,,,,,,,,,,,
2020,FOF,3,,bluti,,,,,114,122,,,9,,128,,,134,134,0,6,5.6,0.933333333,08:05,0,140,9,,17:34,,146,9,,08:14,,156,9,0,,,,,,,,,,,,
2020,FOF,4,,bluti,,,,,116,124,,,9,,128,,,136,136,0,5,4.9,0.98,08:10,0,142,9,,07:38,,148,9,,07:43,,158,9,0,,,,,,,,,,,,
2020,FOF,5,,bluti,,,,,123,129,,,7,,128,,,141,142,,5,6.86,1.372,07:45,0,148,7,,07:52,,154,7,,15:45,,162,7,,,,,,,,,,,,,
2020,FOF,6,,bluti,,,,,123,128,,,6,,128,,,140,140,0,4,4.5,1.125,17:51,0,146,6,,07:54,,152,6,,08:22,,160,6,,,,,,,,,,,,,
2020,FOF,7,,bluti,,,,,119,125,,,7,,128,,,137,138,0,6,8.24,1.373333333,08:37,0,145,7,,07:39,,150,7,,07:30,,158,7,0,,,,,,,,,,,,
2020,FOF,8,,bluti,,,,,126,,,133,8,,134,,,146,146,0,4,4.61,1.1525,07:20,0,152,8,,08:33,,158,8,,15:22,,166,7,,,,,,,,,,,,,
2020,BAD,1,,bluti,,,,,119,128,,,10,,130,,,140,140,0,5,5.31,1.062,16:50,0,146,10,,18:02,,152,10,,07:34,,160,10,0,,,,,,,,,,,,
2020,BAD,2,,bluti,,,,,122,,,129,8,,132,,,145,145,0,7,8.51,1.215714286,16:04,1,152,7,,07:44,,158,7,,14:55,,164,3,,,,,,,,,,,,,
2020,BAD,3,,bluti,,,,,,,129,136,6,,145,,,,,,,,,,,,,,,,,,,,,,,,,,,,,,,,,,,
2020,BAD,4,,bluti,,,,,126,,,131,6,,130,,,144,145,0,6,9.95,1.658333333,16:08,0,150,6,,11:30,,156,6,,08:11,,164,6,,,,,,,,,,,,,
2020,BAD,5,,bluti,,,,,,,131,137,7,,138,,,150,150,0,3,3.49,1.163333333,11:38,1,156,6,,08:18,,162,6,,08:45,,168,4,,,,,,,,,,,,,
2020,BAD,6,,bluti,,,,,,,130,,,,,,,,,,,,,,,,,,,,,,,,,,,,,,,,,,,,,,,
2020,LVN,1,,,,,,,,,,,,,,,,,,,,,,,,,,,,,,,,,,,,,,,,,,,,,,,,
2020,LVN,2,,,,,,138,,,,,,,,,,,,,,,,,,,,,,,,,,,,,,,,,,,,,,,,,,
2020,LVN,3,,bluti,,,,,,,131,137,7,,138,,,150,150,0,4,3.85,0.9625,17:18,0,156,7,,08:50,,162,6,,09:50,,172,2,,,,,,,,,,,,,
2020,LVN,4,,,,,,,,,,,,,,,,,,,,,,,,,,,,,,,,,,,,,,,,,,,,,,,,
2020,LVN,5,,bluti,,,,,128,,,131,4,,134,,,145,145,0,4,5.04,1.26,15:53,0,152,4,,11:10,,158,4,,14:30,,166,4,,,,,,,,,,,,,
2020,LVN,6,,bluti,,,,,129,,,134,6,,134,,,148,150,0,5,11.28,2.256,17:29,1,156,5,,09:15,,162,5,,10:00,,170,5,1,,,,,,,,,,,,
2020,LVN,7,,bluti,,,,,122,126,,,5,,128,,,138,138,0,4,4.64,1.16,16:21,1,145,4,,16:07,,150,4,,17:30,,158,4,0,,,,,,,,,,,,
2020,LVN,8,,bluti,,,,,127,,,131,5,,132,,,143,145,0,5,11.4,2.28,15:59,0,150,5,,17:37,,156,5,,10:06,,164,5,,,,,,,,,,,,,
2020,DOW,1,,bluti,,,,,116,124,,,9,,128,,,136,136,0,8,10.6,1.325,15:10,0,142,9,,15:00,,148,9,,16:55,,158,9,,,,,,,,,,,,,
2020,DOW,2,,bluti,,,,,125,,,131,7,,132,,,145,145,0,6,6.23,1.038333333,16:15,0,152,7,,09:57,,158,7,,14:00,,164,7,,,,,,,,,,,,,
2020,DOW,3,,bluti,,,,,120,128,,,9,,130,,,140,140,0,8,9.31,1.16375,16:15,1,146,8,,18:34,,152,7,,10:07,,160,7,0,,,,,,,,,,,,
2020,DOW,4,,,,,,,,,,,,,,,,,,,,,,,,,,,,,,,,,,,,,,,,,,,,,,,,
2020,DOW,5,,bluti,,,,,,,130,136,7,,138,,,149,150,0,5,6.85,1.37,08:00,1,156,6,,10:47,,162,6,,09:20,,168,1,,,,,,,,,,,,,
2020,DOW,6,,bluti,,,,,127,,,131,5,,130,,,143,145,0,5,11.76,2.352,16:21,0,150,5,,07:53,,156,5,,10:13,,164,5,,hatch 3y=8.68g (2 small),,,,,,,,,,,
2020,DOW,7,,bluti,,,,,122,,,130,9,,130,,,145,145,0,5,5.36,1.072,16:25,,152,6,,10:25,,158,6,,14:25,,166,6,,uhe not recorded,,,,,,,,,,,
2020,DOW,8,,bluti,,,,,125,,,131,7,,134,,,146,146,0,4,5.32,1.33,18:44,,152,7,,10:17,,158,7,,14:12,,166,6,,uhe not recorded,,,,,,,,,,,
2020,GLF,1,,bluti,,,,,,,,,,,,,,,,,,,,,,,,,,,,,,,,,,,,,,,,,,,,,,
2020,GLF,2,,bluti,,,,,118,125,,,8,,128,,,137,138,0,7,10.54,1.505714286,08:41,1,145,6,,08:31,,150,6,,10:05,,158,6,,1 dead chick at v1,,,,,,,,,,,
2020,GLF,3,,bluti,,,,,,,129,,,,,,,,,,,,,,,,,,,,,,,,,,,,,,,,,,,,,,,
2020,GLF,4,,bluti,,,,,,,138,142,6,,145,,,156,156,0,1,0.85,0.85,11:00,1,164,5,,10:30,,168,,,,,,0,,"cs updated Jan 25, (V1 +UHE) > CS",,,,,,,,,,,
2020,GLF,5,,bluti,,,,,114,123,,,10,,128,,,135,136,0,8,11.19,1.39875,09:22,1,142,9,,08:33,,148,9,,10:15,,154,9,,,,,,,,,,,,,
2020,GLF,6,,bluti,,,,,121,128,,,8,,128,,,142,142,0,2,2.5,1.25,08:46,5,148,0,,,,,0,,,,,0,,,,,,,,,,,,,
2020,GLF,7,,bluti,,,,,125,128,,,4,,128,,,140,140,0,3,3.82,1.273333333,16:42,1,146,3,,07:54,,152,3,,08:27,,160,3,,,,,,,,,,,,,
2020,GLF,8,,bluti,,,,,122,,,130,9,,130,,,144,145,0,8,15.13,1.89125,08:41,1,150,8,,19:15,,156,8,,10:06,,164,8,,,,,,,,,,,,,
2020,SER,1,,bluti,,,,,111,121,,,11,,128,,,133,134,,8,11.22,1.4025,09:20,1,140,8,,15:27,,146,8,,09:01,,154,8,0,,,,,,,,,,,,
2020,SER,2,,bluti,,,,,112,122,,,11,,128,,,134,134,,6,7.31,1.218333333,09:25,2,140,9,,15:15,,146,8,,09:10,,154,8,,,,,,,,,,,,,
2020,SER,3,,bluti,,,,,111,118,,,8,,128,,,130,130,0,8,10.78,1.3475,11:15,0,136,8,,09:33,8,142,,,,,,-999,,front of box on top of nb day 140,,,,,,,,,,,
2020,SER,4,,bluti,,,,,124,,,131,10,,130,,,142,142,0,3,3.56,1.186666667,09:50,3,148,7,,12:03,,154,6,,13:33,,160,5,,"17/3/25 - field book states 3uhe, so cs revised to 10.",,,,,,,,,,,
2020,SER,5,,bluti,,,,,119,126,,,8,,128,,,138,138,0,5,3.96,0.792,09:28,1,145,7,,09:37,,150,7,,11:28,,158,7,,,,,,,,,,,,,
2020,SER,6,,bluti,,,,,116,124,,,9,,128,,,136,136,0,5,5.13,1.026,09:45,0,142,9,,10:00,,148,9,,11:25,,156,9,,,,,,,,,,,,,
2020,SER,7,,bluti,,,,,119,126,,,8,,128,,,138,138,0,6,5.83,0.971666667,09:28,0,145,8,,09:30,,150,8,,10:38,,158,8,,,,,,,,,,,,,
2020,SER,8,,bluti,,,,,112,122,,,11,,128,,,134,134,,1,1.1,1.1,09:15,7,140,3,,15:38,,146,3,,08:55,,154,3,4,,,,,,,,,,,,
2020,MCH,1,,bluti,,,,,128,,,135,8,,136,,,148,148,0,6,5.98,0.996666667,12:38,0,154,5,,12:55,,160,5,,12:47,,,0,,,,,,,,,,,,,
2020,MCH,2,,bluti,,,,,116,124,,,9,,128,,,136,136,0,3,2.7,0.9,09:00,2,142,7,,09:41,,148,7,,12:30,,158,7,2,,,,,,,,,,,,
2020,MCH,3,,,,,,,,,,,,,,,,,,,,,,,,,,,,,,,,,,,,,,,,,,,,,,,,
2020,MCH,4,,bluti,,,,,109,119,,,11,,128,,,131,132,n,10,17.34,1.734,10:18,0,138,11,,09:34,,145,11,,09:45,,152,11,0,,,,,,,,,,,,
2020,MCH,5,,bluti,,,,,109,120,,,12,,128,,,132,132,n,7,9.24,1.32,10:21,0,138,9,,09:23,,145,9,,09:30,,152,9,0,,,,,,,,,,,,
2020,MCH,6,,bluti,,,,,110,120,,,11,,128,,,132,132,n,7,9.62,1.374285714,10:26,2,138,9,,09:13,,145,9,,09:15,,152,9,2,,,,,,,,,,,,
2020,PTH,1,,bluti,,,,,115,123,,,9,,128,,,135,136,0,9,12.69,1.41,10:06,0,142,9,,10:30,,148,9,,13:56,,156,9,0,,,,,,,,,,,,
2020,PTH,2,,bluti,,,,,117,126,,,10,,128,,,138,138,0,9,11.08,1.231111111,10:45,0,145,9,,11:35,,150,9,,13:14,,158,9,0,,,,,,,,,,,,
2020,PTH,3,,bluti,,,,,115,124,,,10,,128,,,136,136,0,3,3.08,1.026666667,10:15,0,142,10,,10:45,,148,10,,14:50,,156,10,0,,,,,,,,,,,,
2020,PTH,4,,bluti,,,,,124,,,131,8,,130,,,144,145,0,8,14.49,1.81125,11:00,0,150,7,,14:04,,156,7,,11:25,,164,7,,hatch 6y=12.84 (2small),,,,,,,,,,,
2020,PTH,5,,bluti,,,,,113,121,,,9,,128,,,133,134,0,7,10.75,1.535714286,10:00,0,140,8,,15:42,,146,8,,09:30,,154,8,0,,,,,,,,,,,,
2020,PTH,6,,bluti,,,,,112,124,,,13,,128,,,136,136,0,10,9.95,0.995,09:54,0,142,13,,11:00,,148,0,,,,,0,,,,,,,,,,,,,
2020,PTH,7,,bluti,,,,,118,128,,,11,,130,,,140,140,0,5,4.14,0.828,16:01,1,146,10,,09:58,,152,10,,09:20,,160,10,,,,,,,,,,,,,
2020,PTH,8,,bluti,,,,,119,128,,,10,,128,,,140,140,0,10,11.9,1.19,16:04,0,146,9,,10:08,,152,9,,09:29,,158,6,,,,,,,,,,,,,
2020,STY,1,,bluti,,,,,116,125,,,10,,128,,,137,138,0,10,14.72,1.472,10:40,0,145,10,,11:58,,150,10,,14:47,,156,10,0,,,,,,,,,,,,
2020,STY,2,,,,,,,,,,,,,,,,,,,,,,,,,,,,,,,,,,,,,,,,,,,,,,,,
2020,STY,3,,bluti,,,,,112,122,,,11,,128,,,134,134,1 dead on edge,11,13.45,1.345,10:10,0,140,10,,15:00,,146,10,,10:26,,154,10,,,,,,,,,,,,,
2020,STY,4,,bluti,,,,,118,126,,,9,,128,,,138,138,0,8,10.34,1.2925,10:55,0,145,9,,11:33,,150,9,,15:06,,156,9,0,,,,,,,,,,,,
2020,STY,5,,bluti,,,,,116,125,,,10,,128,,,137,138,0,9,14.51,1.612222222,10:58,1,145,9,,11:20,,150,9,,15:08,,158,9,,,,,,,,,,,,,
2020,STY,6,,bluti,,,,,113,121,,,9,,128,,,133,134,0,8,11.65,1.45625,10:15,,140,8,,15:20,,146,8,,10:00,,152,8,,uhe not recorded,,,,,,,,,,,
2020,STY,7,,bluti,,,,,115,126,,,12,,128,,,138,138,1,10,12.86,1.286,11:03,1,145,11,,11:07,,150,,,,,,-999,,front off 148,,,,,,,,,,,
2020,STY,8,,,,,,,,,,,,,,,,,,,,,,,,,,,,,,,,,,,,,,,,,,,,,,,,
2020,BIR,1,,bluti,,,,,,,130,133,4,,134,,,148,148,0,4,4.49,1.1225,10:10,0,154,4,,08:46,,160,4,,09:01,,166,4,0,,,,,,,,,,,,
2020,BIR,2,,bluti,,,,,124,,,130,7,,130,,,145,145,0,7,8.95,1.278571429,11:00,0,152,7,,10:53,,158,7,,09:21,,166,7,0,,,,,,,,,,,,
2020,BIR,3,,bluti,,,,,120,,,129,10,,130,,,142,142,0,3,2.86,0.953333333,10:30,1,148,9,,10:25,,154,9,,08:24,,162,9,1,,,,,,,,,,,,
2020,BIR,4,,,,,,,,,,,,,,,,,,,,,,,,,,,,,,,,,,,,,,,,,,,,,,,,
2020,BIR,5,,,,,,,,,,,,,,,,,,,,,,,,,,,,,,,,,,,,,,,,,,,,,,,,
2020,BIR,6,,,,,,,,,,,,,,,,,,,,,,,,,,,,,,,,,,,,,,,,,,,,,,,,
2020,BIR,7,,bluti,,,,,119,,,130,12,,130,,,143,145,0,10,20.67,2.067,11:15,1,150,10,,09:45,,156,10,,13:26,,164,10,2,,,,,,,,,,,,
2020,BIR,8,,,,,,,,,,,,,,,,,,,,,,,,,,,,,,,,,,,,,,,,,,,,,,,,
2020,DUN,1,,,,,,,,,,,,,,,,,,,,,,,,,,,,,,,,,,,,,,,,,,,,,,,,
2020,DUN,2,,,,,,,,,,,,,,,,,,,,,,,,,,,,,,,,,,,,,,,,,,,,,,,,
2020,DUN,3,,,,,,,,,,,,,,,,,,,,,,,,,,,,,,,,,,,,,,,,,,,,,,,,
2020,DUN,4,,bluti,,,,,120,128,,,9,,128,,,142,142,0,8,10.1,1.2625,15:27,1,148,8,,16:11,,154,8,,11:50,,162,8,1,,,,,,,,,,,,
2020,DUN,5,,bluti,,,,,119,128,,,10,,128,,,140,140,0,2,2,1,14:16,0,146,10,,11:35,,152,10,,11:58,,162,10,0,,,,,,,,,,,,
2020,DUN,6,,bluti,,,,,121,128,,,8,,128,,,140,140,0,7,8.71,1.244285714,14:19,0,146,4,,11:47,,152,0,,,,,0,,female dead on dead chicks at catching,,,,,,,,,,,
2020,DUN,7,,,,,,,,,,,,,,,,,,,,,,,,,,,,,,,,,,,,,,,,,,,,,,,,
2020,DUN,8,,bluti,,,,,123,,,131,9,,130,,,145,145,0,7,9.34,1.334285714,12:05,0,152,9,,12:10,,158,9,,10:40,,166,9,0,,,,,,,,,,,,
2020,BLG,1,,bluti,,,,,118,126,,,9,,128,,,138,138,0,4,3.6,0.9,12:06,0,145,9,,14:44,,150,9,,15:05,,158,9,0,,,,,,,,,,,,
2020,BLG,2,,bluti,,,,,117,125,,,9,,128,,,137,138,0,8,11.3,1.4125,12:10,1,145,5,,14:55,,150,5,,14:55,,158,5,0,1 dead chick at v1,,,,,,,,,,,
2020,BLG,3,,bluti,,,,,118,127,,,10,,128,,,139,140,0,8,14.86,1.8575,14:37,2,146,8,,12:18,,152,8,,12:01,,158,8,,,,,,,,,,,,,
2020,BLG,4,,bluti,,,,,124,,,137,14,,136,,,150,150,0,1,0.95,0.95,14:35,10,156,3,,09:55,,162,3,,12:40,,172,3,,,,,,,,,,,,,
2020,BLG,5,,bluti,,,,,113,122,,,10,,128,,,134,134,0,6,5.58,0.93,14:30,0,140,9,,14:19,,146,9,,12:30,,154,9,0,,,,,,,,,,,,
2020,BLG,6,,bluti,,,,,112,122,,,11,,128,,,134,134,0,9,11.77,1.307777778,14:40,0,140,11,,14:02,,146,11,,12:41,,154,11,0,,,,,,,,,,,,
2020,BLG,7,,bluti,,,,,99,120,,,22,,128,,,132,132,0,7,8.25,1.178571429,15:50,8+1 dead hatching,138,8,,11:52,,145,8,,14:15,,158,7,,,,,,,,,,,,,
2020,BLG,8,,bluti,,,,,109,120,,,12,,128,,,132,132,0,10,11.44,1.144,15:55,0,138,10,,11:39,,145,10,,14:30,,154,10,,,,,,,,,,,,,
2020,PIT,1,,bluti,,,,,121,,,129,9,,130,,,143,145,0,5,10.57,2.114,14:41,4,150,5,,16:05,,156,5,,14:30,,164,5,,,,,,,,,,,,,
2020,PIT,2,,bluti,,,,,118,128,,,11,,128,,,142,142,0,8,9.5,1.1875,14:49,1,148,9,,15:50,,154,9,,10:42,,164,9,,1uhe and 1 dead chick at v2,,,,,,,,,,,
2020,PIT,3,,bluti,,,,,125,,,132,8,,134,,,146,146,0,3,2.6,0.866666667,11:45,2,152,4,,13:46,,158,4,,11:42,,166,4,3,,,,,,,,,,,,
2020,PIT,4,,bluti,,,,,119,128,,,10,,128,,,142,142,0,4,4.48,1.12,14:54,3,148,7,,16:03,,154,7,,10:59,,164,7,,,,,,,,,,,,,
2020,PIT,5,,bluti,,,,,124,,,132,9,,130,,,146,146,0,1,0.85,0.85,11:50,0,152,9,,13:39,,158,9,,11:14,,168,9,0,,,,,,,,,,,,
2020,PIT,6,,bluti,,,,,121,,,130,10,,130,,,143,145,0,10,21.13,2.113,14:49,0,150,10,,15:45,,156,10,,14:30,,164,10,,,,,,,,,,,,,
2020,PIT,7,,bluti,,,,,124,,,130,7,,130,,,142,142,0,5,5.09,1.018,15:00,0,148,7,,16:15,,158,7,,10:52,,162,7,0,,,,,,,,,,,,
2020,PIT,8,,bluti,,,,,126,,,135,10,,130,,,148,148,0,7,9.92,1.417142857,16:19,2,154,8,,11:56,,160,8,,14:00,,168,8,2,,,,,,,,,,,,
2020,KCK,1,,bluti,,,,,134,,,141,8,,140,,,154,154,0,5,6.92,1.384,10:50,1,160,7,,13:15,,166,7,,13:25,,170,7,,,,,,,,,,,,,
2020,KCK,2,,,,,,,,,138,,,,,,,,,,,,,,,,,,,,,,,,,,,,,,,,,,,,,,,
2020,KCK,3,,bluti,,,,,,,130,136,7,,136,,,150,150,0,6,8.15,1.358333333,15:55,0,156,7,,10:50,,162,7,,09:54,,170,7,0,,,,,,,,,,,,
2020,KCK,4,,bluti,,,,,,,129,137,9,,140,,,152,152,0,8,9.13,1.14125,13:42,0,158,9,,13:33,,164,9,,16:00,,170,9,0,,,,,,,,,,,,
2020,KCK,5,,bluti,,,,,130,,,135,6,,136,,,150,150,0,5,5.14,1.028,16:00,0,156,0,,,,,,,,,,0,,,,,,,,,,,,,
2020,KCK,6,,bluti,,,,,,,130,137,8,,136,,,150,150,0,3,2.75,0.916666667,16:05,3,156,5,,11:00,,162,5,,10:38,,170,5,3,,,,,,,,,,,,
2020,KCK,7,,,,,,,,,,,,,,,,,,,,,,,,,,,,,,,,,,,,,,,,,,,,,,,,
2020,KCK,8,,,,,,,,,,,,,,,,,,,,,,,,,,,,,,,,,,,,,,,,,,,,,,,,
2020,KCZ,1,,bluti,,,,,,,134,138,5,,140,,,152,152,0,4,5.56,1.39,13:16,0,158,5,,12:23,,164,5,,15:40,,170,5,0,,,,,,,,,,,,
2020,KCZ,2,,,,,,,,,,,,,,,,,,,,,,,,,,,,,,,,,,,,,,,,,,,,,,,,
2020,KCZ,3,,,,,,,,,,,,,,,,,,,,,,,,,,,,,,,,,,,,,,,,,,,,,,,,
2020,KCZ,4,,bluti,,,,,124,,,133,10,,136,,,148,148,0,10,13.92,1.392,11:36,0,154,10,,10:35,,160,10,,12:55,,166,10,0,changed FKI from 132- 134c -136w to 136 on 13/3/25,,,,,,,,,,,
2020,KCZ,5,,bluti,,,,,127,,,135,9,,134,,,148,148,0,8,9.14,1.1425,11:39,0,154,9,,10:42,,160,9,,13:05,,168,9,0,,,,,,,,,,,,
2020,KCZ,6,,,,,,,,,,,,,,,,,,,,,,,,,,,,,,,,,,,,,,,,,,,,,,,,
2020,KCZ,7,,,,,,,,,,,,,,,,,,,,,,,,,,,,,,,,,,,,,,,,,,,,,,,,
2020,KCZ,8,,bluti,,,,,,,131,135,5,,136,,,149,150,0,5,7.8,1.56,15:40,0,156,5,,10:30,,162,5,,08:30,,170,5,0,,,,,,,,,,,,
2020,BLA,1,,,,,,,,,,,,,,,,,,,,,,,,,,,,,,,,,,,,,,,,,,,,,,,,
2020,BLA,2,,bluti,,,,,127,,,133,7,,136,,,149,150,0,4,6.17,1.5425,15:00,3,156,4,,13:04,,162,4,,11:58,,170,4,3,,,,,,,,,,,,
2020,BLA,3,,,,,,,,,,,,,,,,,,,,,,,,,,,,,,,,,,,,,,,,,,,,,,,,
2020,BLA,4,,,,,,,,,,,,,,,,,,,,,,,,,,,,,,,,,,,,,,,,,,,,,,,,
2020,BLA,5,,bluti,,,,,125,,,132,8,,132,,,146,146,0,2,2.2,1.1,12:51,1,152,6,,14:34,,158,6,,08:51,,166,6,1,,,,,,,,,,,,
2020,BLA,6,,bluti,,,,136,,,134,145,6,,142,,,156,156,0,3,2.19,0.73,13:22,1,162,3,,11:24,,168,3,,08:59,,,0,,,,,,,,,,,,,
2020,BLA,7,,bluti,,,,,123,,,129,7,,130,,,144,145,0,5,7.65,1.53,13:52,1,150,5,,15:00,,156,5,,13:41,,164,5,1,,,,,,,,,,,,
2020,BLA,8,,bluti,,,,,128,,,135,8,,136,,,150,150,0,7,9.65,1.378571429,14:55,1,156,7,,12:55,,162,7,,12:05,,168,7,1,,,,,,,,,,,,
2020,CAL,1,,,,,,,,,,,,,,,,,,,,,,,,,,,,,,,,,,,,,,,,,,,,,,,,
2020,CAL,2,,,,,,,,,,,,,,,,,,,,,,,,,,,,,,,,,,,,,,,,,,,,,,,,
2020,CAL,3,,bluti,,,,,122,128,,,7,,128,,,140,140,0,7,9.1,1.3,12:30,0,146,7,,13:19,,152,7,,15:15,,160,7,,,,,,,,,,,,,
2020,CAL,4,,,,,,,,,,,,,,,,,,,,,,,,,,,,,,,,,,,,,,,,,,,,,,,,
2020,CAL,5,,,,,,,,,,,,,,,,,,,,,,,,,,,,,,,,,,,,,,,,,,,,,,,,
2020,CAL,6,,bluti,,,,,121,128,,,8,,128,,,142,142,0,7,8.29,1.184285714,13:04,0,148,7,,12:55,,154,7,,10:31,,162,7,0,,,,,,,,,,,,
2020,CAL,7,,bluti,,,,,120,128,,,9,,128,,,140,140,1 dead,8,7.63,0.95375,12:25,0,146,4,,13:21,,152,4,,15:06,,160,4,,,,,,,,,,,,,
2020,CAL,8,,,,,,,,,,,,,,,,,,,,,,,,,,,,,,,,,,,,,,,,,,,,,,,,
2020,DNM,1,,,,,,,,,,,,,,,,,,,,,,,,,,,,,,,,,,,,,,,,,,,,,,,,
2020,DNM,2,,bluti,,,,,126,,,133,8,,138,,,150,150,0,7,9.62,1.374285714,12:45,0,156,7,,13:39,,162,7,,09:13,,,7,,,,,,,,,,,,,
2020,DNM,3,,bluti,,,,,,,131,136,6,,136,,,152,152,0,6,7.77,1.295,15:18,0,158,0,,,,,0,,,,,0,,,,,,,,,,,,,
2020,DNM,4,,bluti,,,,,134,,,140,7,,142,,,154,154,0,6,5.75,1.15,09:45,0,160,5,,11:46,,166,4,,11:22,,,4,,,,,,,,,,,,,
2020,DNM,5,,bluti,,,,,127,,,131,5,,136,,,148,148,0,3,3.17,1.056666667,13:33,0,154,3,,13:48,,160,3,,11:54,,,0,,,,,,,,,,,,,                                       
2020,DNM,6,,,,,,,,,,,,,,,,,,,,,,,,,,,,,,,,,,,,,,,,,,,,,,,,
2020,DNM,7,,bluti,,,,134,,,138,145,8,,145,,,158,158,0,1,0.74,0.74,11:16,1,164,2,,15:33,,170,2,,,,,2,1,,,,,,,,,,,,
2020,DNM,8,,bluti,,,,,127,,,133,7,,138,,,151,152,0,7,11.73,1.675714286,15:32,0,158,7,,11:17,,164,7,,15:39,,170,7,,,,,,,,,,,,,
2020,DNC,2,,,,,,,,,,,,,,,,,,,,,,,,,,,,,,,,,,,,,,,,,,,,,,,,
2020,DNC,3,,bluti,,,,,,,133,138,6,,138,,,152,152,0,5,7.07,1.414,15:59,,158,0,,,,,0,,,,,0,1,,,,,,,,,,,,
2020,DNC,4,,bluti,,,,,124,,,133,10,,134,,,146,146,0,4,3.86,0.965,14:03,,152,0,,15:50,,,,,,,,0,0,,,,,,,,,,,,
2020,DNC,5,,,,,,,,,,,,,,,,,,,,,,,,,,,,,,,,,,,,,,,,,,,,,,,,
2020,DNC,6,,,,,,,,,,,,,,,,,,,,,,,,,,,,,,,,,,,,,,,,,,,,,,,,
2020,DNC,7,,,,,,,,,,,,,,,,,,,,,,,,,,,,,,,,,,,,,,,,,,,,,,,,
2020,DNC,8,,,,,,,,,,,,,,,,,,,,,,,,,,,,,,,,,,,,,,,,,,,,,,,,
2020,DNC,9,,,,,,,,,,,,,,,,,,,,,,,,,,,,,,,,,,,,,,,,,,,,,,,,
2020,DNS,1,,,,,,,,,,,,,,,,,,,,,,,,,,,,,,,,,,,,,,,,,,,,,,,,
2020,DNS,2,,coati,,,,,,,,,,,,,,,,,,,,,,,,,,,,,,,,,,,,,,,,,,,,,,
2020,DNS,3,,,,,,,,,,,,,,,,,,,,,,,,,,,,,,,,,,,,,,,,,,,,,,,,
2020,DNS,4,,bluti,,,,,127,,,134,8,,134,,,147,148,0,7,12.53,1.79,15:10,0,154,7,,09:21,,160,7,,13:07,,168,7,0,1 late chick dead at v1,,,,,,,,,,,
2020,DLW,1,,,,,,,,,,,,,,,,,,,,,,,,,,,,,,,,,,,,,,,,,,,,,,,,
2020,DLW,2,,coati,,,,,,,,,7,,128,,,,,,,,,,,,,,,,,,,,,,,,,,,,,,,,,,,
2020,DLW,3,,,,,,,,,,,,,,,,,,,,,,,,,,,,,,,,,,,,,,,,,,,,,,,,
2020,DLW,4,,bluti,,,,,120,128,,,9,,128,,,140,140,0,7,9.07,1.295714286,09:30,0,146,6,,14:50,,,,,,,164,1,,,,,,,,,,,,,
2020,DLW,5,,,,,,,,,,,,,,,,,,,,,,,,,,,,,,,,,,,,,,,,,,,,,,,,
2020,DLW,6,,,,,,,,,,,,,,,,,,,,,,,,,,,,,,,,,,,,,,,,,,,,,,,,
2020,CRU,1,,,,,,,,,,,,,,,,,,,,,,,,,,,,,,,,,,,,,,,,,,,,,,,,
2020,CRU,2,,,,,,,,,,,,,,,,,,,,,,,,,,,,,,,,,,,,,,,,,,,,,,,,
2020,CRU,3,,,,,,,,,,,,,,,,,,,,,,,,,,,,,,,,,,,,,,,,,,,,,,,,
2020,CRU,4,,bluti,,,,,123,128,,,6,,128,,,141,146,0,6,29.64,4.94,15:20,0,146,6,,15:20,,,,,,,164,1,,,,,,,,,,,,,
2020,CRU,5,,,,,,,,,,,,,,,,,,,,,,,,,,,,,,,,,,,,,,,,,,,,,,,,
2020,CRU,6,,,,,,,,,,,,,,,,,,,,,,,,,,,,,,,,,,,,,,,,,,,,,,,,
2020,CRU,7,,,,,,,,,,,,,,,,,,,,,,,,,,,,,,,,,,,,,,,,,,,,,,,,
2020,CRU,8,,,,,,,,,,,,,,,,,,,,,,,,,,,,,,,,,,,,,,,,,,,,,,,,
2020,NEW,1,,bluti,sporadic,,,,125,,,132,8,,140,,,144,146,0,8,18.36,2.295,15:40,0,159,6,,17:53,,,,,,,164,6,0,,,,,,,,,,,,
2020,NEW,2,,,sporadic,,,,,,,,,,,,,,,,,,,,,,,,,,,,,,,,,,,,,,,,,,,,,
2020,NEW,3,,,sporadic,,,,,,,,,,,,,,,,,,,,,,,,,,,,,,,,,,,,,,,,,,,,,
2020,NEW,4,,,sporadic,,,,,,,,,,,,,,,,,,,,,,,,,,,,,,,,,,,,,,,,,,,,,
2020,NEW,5,,bluti,sporadic,,,,123,132,,,10,,140,,,144,146,0,10,24.97,2.497,15:43,0,159,10,,17:39,,,,,,,164,10,0,,,,,,,,,,,,
2020,NEW,6,,bluti,sporadic,,,,125,131,,,7,,140,,,143,146,0,7,21.86,3.122857143,15:47,0,159,7,,16:40,,,,,,,164,7,0,,,,,,,,,,,,
2020,NEW,7,,bluti,sporadic,,,,123,128,,,6,,128,,,142,146,,6,29.45,4.908333333,15:56,0,146,6,,15:56,,,,,,,164,6,0,,,,,,,,,,,,
2020,NEW,8,,,sporadic,,,,,,,,,,,,,,,,,,,,,,,,,,,,,,,,,,,,,,,,,,,,,
2020,HWP,1,,bluti,sporadic,,,,128,136,,,9,,140,,,148,159,0,9,100.3,11.14444444,13:45,0,159,9,,13:45,,,,,,,170,9,0,,,,,,,,,,,,
2020,HWP,2,,,sporadic,,,,,,,,,,,,,,,,,,,,,,,,,,,,,,,,,,,,,,,,,,,,,
2020,HWP,3,,,sporadic,,,,,,,,,,,,,,,,,,,,,,,,,,,,,,,,,,,,,,,,,,,,,
2020,HWP,4,,bluti,sporadic,,,,129,136,,,8,,140,,,148,159,0,8,92.41,11.55125,14:06,0,159,8,,14:06,,,,,,,170,8,0,,,,,,,,,,,,
2020,HWP,5,,bluti,sporadic,,,,138,,,146,9,,146,,,159,159,0,7,9.9,1.414285714,14:20,0,164,7,,10:54,,,,,,,,1,0,,,,,,,,,,,,
2020,HWP,6,,bluti,sporadic,,,,118,128,,,11,,128,,,142,146,0,11,47.7,4.336363636,14:45,0,146,11,,14:45,,,,,,,164,10,0,one chick unringed so donÕt know for certainhow many fledged - 14/3/25 - decided to score as 10,,,,,,,,,,,
2020,HWP,7,,bluti,sporadic,,,,141,140,,,,,140,,,152,159,0,7,53.66,7.665714286,14:28,0,159,7,,14:28,,,,,,,,3,0,,,,,,,,,,,,yes
2020,HWP,8,,bluti,sporadic,,,,127,134,,,8,,140,,,146,146,0,5,5.35,1.07,14:56,0,159,7,,15:07,,,,,,,164,7,0,,,,,,,,,,,,yes
2020,INS,1,,,sporadic,,,,,,,,,,,,,,,,,,,,,,,,,,,,,,,,,,,,,,,,,,,,,yes
2020,INS,2,,,sporadic,,,,,,,,,,,,,,,,,,,,,,,,,,,,,,,,,,,,,,,,,,,,,yes
2020,INS,3,,bluti,sporadic,,,,,,133,136,4,,,,,152,159,,3,23.8,7.933333333,15:45,0,159,3,,15:45,,,,,,,,3,,,,,,,,,,,,,yes
2020,INS,4,,bluti,sporadic,,,,,,128,135,8,,,,,148,148,,,,,06:00,0,159,7,,15:55,,,,,,,,-999,,maybe predated- one dead chick found in upside down nest at check. One dead chick at v1,pine marten,,,,,,,,,,yes
2020,INS,5,,bluti,sporadic,,,,,,127,132,6,,131,,,148,148,,,,,06:00,0,159,6,,16:05,,,,,,,170,6,,,,,,,,,,,,,yes
2020,INS,6,,,sporadic,,,,,,,,,,,,,,,,,,,,,,,,,,,,,,,,,,,,,,,,,,,,,yes
2020,INS,7,,bluti,sporadic,,,,,,128,133,8,,,,,149,159,,8,82.1,10.2625,15:35,0,159,8,,15:35,,,,,,,170,5,,,,,,,,,,,,,
2020,INS,8,,,sporadic,,,,,,,,,,,,,,,,,,,,,,,,,,,,,,,,,,,,,,,,,,,,,
2020,FSH,1,,bluti,sporadic,,,,139,,,142,4,,146,,,159,159,0,4,5.02,1.255,12:57,0,164,3,,11:30,,,,,,,,1,0,,,,,,,,,,,,
2020,FSH,2,,,sporadic,,,,,,,,,,,,,,,,,,,,,,,,,,,,,,,,,,,,,,,,,,,,,
2020,FSH,3,,bluti,sporadic,,,,132,137,,,6,,140,,,149,159,,5,50.54,10.108,15:31,1,159,5,,15:31,,,,,,,170,5,1,,,,,,,,,,,,
2020,FSH,4,,bluti,sporadic,,,,123,128,,,6,,128,,,141,146,0,6,25.5,4.25,15:12,0,146,6,,15:12,,,,,,,164,6,0,,,,,,,,,,,,
2020,FSH,5,,bluti,sporadic,,,,135,139,,,5,,140,,,151,159,,5,42.91,8.582,14:40,0,159,5,,14:40,,,,,,,170,5,0,,,,,,,,,,,,
2020,FSH,6,,bluti,sporadic,,,,134,139,,,6,,140,,,151,159,,5,42.57,8.514,14:11,0,159,5,,14:11,,,,,,,170,4,0,,,,,,,,,,,,
2020,FSH,7,,,sporadic,,,,,,,,,,,,,,,,,,,,,,,,,,,,,,,,,,,,,,,,,,,,,
2020,FSH,8,,bluti,sporadic,,,,123,127,,,5,,128,,,139,140,0,3,4.18,1.393333333,10:30,2,146,3,,15:20,,,,,,,159,3,2,,,,,,,,,,,,
2020,RTH,1,,bluti,sporadic,,,,120,128,,,9,,128,,,140,140,0,2,1.52,0.76,10:22,0,146,9,,15:43,,,,,,,170,9,0,,,,,,,,,,,,
2020,RTH,2,,,sporadic,,,,,,,,,,,,,,,,,,,,,,,,,,,,,,,,,,,,,,,,,,,,,
2020,RTH,3,,bluti,sporadic,,,,122,128,,,7,,128,,,140,140,0,4,3.45,0.8625,10:25,0,146,7,,15:49,,,,,,,164,7,0,,,,,,,,,,,,
2020,RTH,4,,bluti,sporadic,,,,131,139,,,9,,140,,,151,159,,8,70.7,8.8375,13:30,0,159,8,,13:30,,,,,,,170,8,0,,,,,,,,,,,,
2020,RTH,5,,,sporadic,,,,,,,,,,,,,,,,,,,,,,,,,,,,,,,,,,,,,,,,,,,,,
2020,RTH,6,,bluti,sporadic,,,,126,133,,,8,,140,,,145,146,0,5,7.88,1.576,16:00,1,159,7,,13:15,,,,,,,170,7,1,,,,,,,,,,,,
2020,AVI,1,,,sporadic,,,,,,,,,,,,,,,,,,,,,,,,,,,,,,,,,,,,,,,,,,,,,
2020,AVI,2,,bluti,sporadic,,,,135,140,,,6,,140,,,152,159,,6,44.83,7.471666667,,0,159,6,,12:23,,,,,,,172,6,,,,,,,,,,,,,
2020,AVI,3,,,sporadic,,,,,,,,,,,,,,,,,,,,,,,,,,,,,,,,,,,,,,,,,,,,,
2020,AVI,4,,bluti,sporadic,,,,139,144,,,6,,140,,,156,159,0,4,14.02,3.505,11:22,2,164,4,,11:09,,,,,,,,0,,,,,,,,,,,,,
2020,AVI,5,,bluti,sporadic,,,,142,147,,,6,,146,,,159,159,1,1,,,,,,0,,,,,,,,,,0,,chick dead on hatch date,,,,,,,,,,,
2020,AVI,6,,bluti,sporadic,,,,128,132,,,5,,128,,,144,146,0,3,7.95,2.65,15:56,2,159,3,,11:52,,,,,,,164,3,1,,,,,,,,,,,,
2020,AVI,7,,bluti,sporadic,,,,134,140,,,7,,140,,,152,159,,6,46.9,7.816666667,,1,159,6,,11:09,,,,,,,170,6,,,,,,,,,,,,,
2020,AVI,8,,,sporadic,,,,,,,,,,,,,,,,,,,,,,,,,,,,,,,,,,,,,,,,,,,,,
2020,AVN,1,,bluti,sporadic,,,,120,128,,,9,,128,,,140,140,1,1,0.99,0.99,10:55,0,146,9,,15:23,,,,,,,159,9,,,,,,,,,,,,,
2020,AVN,2,,bluti,sporadic,,,,120,129,,,10,,128,,,,,,,,,,,,,,,,,,,,,,,,door off and eggs/chicks gone,,,,,,,,,,,
2020,AVN,3,,bluti,sporadic,,,,117,128,,,12,,128,,,142,146,0,9,41.87,4.652222222,15:16,3,146,9,,15:16,,,,,,,164,9,3,,,,,,,,,,,,
2020,AVN,4,,bluti,sporadic,,,,121,128,,,8,,128,,,142,146,0,8,34.94,4.3675,15:37,0,146,8,,15:37,,,,,,,164,8,0,,,,,,,,,,,,
2020,AVN,5,,bluti,sporadic,,,,130,137,,,8,,140,,,149,159,,6,60.78,10.13,10:43,1,159,6,,10:43,,,,,,,170,6,1,,,,,,,,,,,,
2020,AVN,6,,bluti,sporadic,,,,126,133,,,8,,140,,,145,146,0,6,9.14,1.523333333,15:33,2,159,5,,10:19,,,,,,,164,5,1,,,,,,,,,,,,
2020,AVN,7,,bluti,sporadic,,,,128,139,,,13,,140,,,151,159,,8,71.21,8.90125,09:29,5,159,8,,09:29,,,,,,,172,8,,,,,,,,,,,,,
2020,AVN,8,,bluti,sporadic,,,,129,138,,,10,,140,,,150,159,,8,74.7,9.3375,09:57,2,159,8,,09:57,,,,,,,170,8,2,,,,,,,,,,,,
2020,CAR,1,,bluti,sporadic,,,,142,147,,,6,,146,,,159,159,0,6,7.94,1.323333333,11:04,0,164,2,,09:57,,,,,,,172,1,,,,,,,,,,,,,
2020,CAR,2,,,sporadic,,,,,,,,,,,,,,,,,,,,,,,,,,,,,,,,,,,,,,,,,,,,,
2020,CAR,3,,bluti,sporadic,,,,131,139,,,9,,140,,,151,159,,6,52.96,8.826666667,11:16,2,159,6,,11:16,,,,,,,170,2,,,,,,,,,,,,,
2020,CAR,4,,bluti,sporadic,,,,128,134,,,7,,140,,,146,146,0,3,3,1,15:00,1,159,5,,11:55,,,,,,,170,3,,,,,,,,,,,,,
2020,CAR,5,,,sporadic,,,,,,,,,,,,,,,,,,,,,,,,,,,,,,,,,,,,,,,,,,,,,
2020,CAR,6,,bluti,sporadic,,,,134,141,,,8,,140,,,153,159,,6,37.71,6.285,11:16,1,159,6,,11:36,,,,,,,172,3,,,,,,,,,,,,,
2020,SLS,1,,bluti,sporadic,,,,130,138,,,9,,140,,,150,159,,8,73.8,9.225,11:10,1,159,8,,11:10,,,,,,,170,8,1,,,,,,,,,,,,
2020,SLS,2,,,sporadic,,,,,,,,,,,,,,,,,,,,,,,,,,,,,,,,,,,,,,,,,,,,,
2020,SLS,3,,,sporadic,,,,,,,,,,,,,,,,,,,,,,,,,,,,,,,,,,,,,,,,,,,,,
2020,SLS,4,,bluti,sporadic,,,,134,142,,,9,,146,,,154,159,,5,29.3,5.86,10:45,4,159,5,,10:45,,,,,,,172,5,,,,,,,,,,,,,
2020,SLS,5,,,sporadic,,,,,,,,,,,,,,,,,,,,,,,,,,,,,,,,,,,,,,,,,,,,,
2020,SLS,6,,bluti,sporadic,,,,121,128,,,8,,128,,,141,146,0,7,39.24,5.605714286,14:34,1,146,7,,14:34,,,,,,,164,7,0,,,,,,,,,,,,
2020,SLS,7,,bluti,sporadic,,,,139,147,,,9,,146,,,159,159,0,9,11.05,1.227777778,11:31,0,164,7,,09:57,,,,,,,,0,0,dead 170,,,,,,,,,,,
2020,SLS,8,,bluti,sporadic,,,,133,142,,,10,,140,,,154,159,,10,57.7,5.77,11:40,0,159,10,,11:40,,,,,,,172,10,,,,,,,,,,,,,
2020,TOM,1,,bluti,sporadic,,,,,,,,,,,,,,159,,10,60.58,6.058,10:25,0,159,9,,10:25,,,,,,,,0,,,,,,,,,,,,,
2020,TOM,2,,,sporadic,,,,,,,,,,,,,,,,,,,,,,,,,,,,,,,,,,,,,,,,,,,,,
2020,TOM,3,,,sporadic,,,,,,,,,,,,,,,,,,,,,,,,,,,,,,,,,,,,,,,,,,,,,
2020,TOM,4,,,sporadic,,,,,,,,,,,,,,,,,,,,,,,,,,,,,,,,,,,,,,,,,,,,,
2020,TOM,5,,,sporadic,,,,,,,,,,,,,,,,,,,,,,,,,,,,,,,,,,,,,,,,,,,,,
2020,TOM,6,,,sporadic,,,,,,,,,,,,,,,,,,,,,,,,,,,,,,,,,,,,,,,,,,,,,
2020,TOM,7,,,sporadic,,,,,,,,,,,,,,,,,,,,,,,,,,,,,,,,,,,,,,,,,,,,,yes
2020,TOM,8,,bluti,sporadic,,,,,,,,,,159,,,,170,,6,59.41,9.901666667,15:49,0,170,6,,15:49,,,,,,,,6,,,,,,,,,,,,,yes
2020,DAV,1,,bluti,sporadic,,,,,,,,,,,,,,159,,1,9.54,9.54,08:34,,159,1,,08:34,,,,,,,170,1,,,,,,,,,,,,,yes
2020,DAV,2,,bluti,sporadic,,,,,,,,,,,,,154,159,,5,28.62,5.724,08:56,0,159,5,,08:56,,,,,,,172,5,,,,,,,,,,,,,yes
2020,DAV,3,,,sporadic,,,,,,,,,,,,,,,,,,,,,,,,,,,,,,,,,,,,,,,,,,,,,yes
2020,DAV,4,,,sporadic,,,,,,,,,,,,,,,,,,,,,,,,,,,,,,,,,,,,,,,,,,,,,yes
2020,DAV,5,,bluti,sporadic,,,,,,,,,,,,,151,159,,6,50.42,8.403333333,09:33,0,159,6,,09:33,,,,,,,170,5,,,,,,,,,,,,,yes
2020,DAV,6,,,sporadic,,,,,,,,,,,,,,,,,,,,,,,,,,,,,,,,,,,,,,,,,,,,,yes
2020,DAV,7,,,sporadic,,,,,,,,,,,,,,,,,,,,,,,,,,,,,,,,,,,,,,,,,,,,,
2020,DAV,8,,bluti,sporadic,,,,,,,,,,,,,,159,,1,9.87,9.87,08:22,,159,1,,08:22,,,,,,,170,1,,,,,,,,,,,,,
2020,MUN,1,,,sporadic,,,,,,,,,,,,,,,,,,,,,,,,,,,,,,,,,,,,,,,,,,,,,
2020,MUN,2,,,sporadic,,,,,,,,,,,,,,,,,,,,,,,,,,,,,,,,,,,,,,,,,,,,,
2020,MUN,3,,,sporadic,,,,,,,,,,,,,,,,,,,,,,,,,,,,,,,,,,,,,,,,,,,,,
2020,MUN,4,,,sporadic,,,,,,,,,,,,,,,,,,,,,,,,,,,,,,,,,,,,,,,,,,,,,
2020,MUN,5,,,sporadic,,,,,,,,,,,,,,,,,,,,,,,,,,,,,,,,,,,,,,,,,,,,,
2020,MUN,6,,,sporadic,,,,,,,,,,,,,,,,,,,,,,,,,,,,,,,,,,,,,,,,,,,,,
2020,MUN,7,,,sporadic,,,,,,,,,,,,,,,,,,,,,,,,,,,,,,,,,,,,,,,,,,,,,yes
2020,MUN,8,,,sporadic,,,,,,,,,,,,,,,,,,,,,,,,,,,,,,,,,,,,,,,,,,,,,yes
2020,ART,1,,,sporadic,,,,,,,,,,,,,,,,,,,,,,,,,,,,,,,,,,,,,,,,,,,,,yes
2020,ART,2,,,sporadic,,,,,,,,,,,,,,,,,,,,,,,,,,,,,,,,,,,,,,,,,,,,,yes
2020,ART,3,,bluti,sporadic,,,,,,,,,,,,,,153,,4,47.31,11.8275,,4,153,4,,14:22,,,,,,,170,4,6,,,,,,,,,,,,yes
2020,ART,4,,bluti,sporadic,,,,,,,,,,,,,,153,,9,103.44,11.49333333,,1,153,9,,14:41,,,,,,,170,9,1,,,,,,,,,,,,yes
2020,ART,5,,bluti,sporadic,,,,,,,,,,,,,146,153,,4,30.79,7.6975,,0+1deadchick,153,4,,15:11,,,,,,,170,4,0,,,,,,,,,,,,yes
2020,ART,6,,,sporadic,,,,,,,,,,,,,,,,,,,,,,,,,,,,,,,170,,0,arrived after bird may have fledged,,,,,,,,,,,yes
2020,ART,7,,bluti,sporadic,,,,,,,,,,,,,,153,,10,52.3,5.23,,1,153,10,,15:26,,,,,,,,0,0,"dead 170, 1 ring not found but one body without legs ",,,,,,,,,,,
2020,ART,8,,bluti,sporadic,,,,,,,,,,,,,,153,,5,60.95,12.19,,0,153,5,,15:34,,,,,,,170,5,0,,,,,,,,,,,,
2020,FOU,1,,,sporadic,,,,,,,,,,,,,,,,,,,,,,,,,,,,,,,,,,,,,,,,,,,,,
2020,FOU,2,,,sporadic,,,,,,,,,,,,,,,,,,,,,,,,,,,,,,,,,,all fledged at first visit.,,,,,,,,,,,
2020,FOU,3,,bluti,sporadic,,,,,,,,,,,,,,,,,,,,,,,,,,,,,,,,,,brood to close to fledging to ring,,,,,,,,,,,
2020,FOU,4,,,sporadic,,,,,,,,,,,,,,,,,,,,,,,,,,,,,,,,,,,,,,,,,,,,,
2020,FOU,5,,bluti,sporadic,,,,,,,,,,,,,,153,,7,77.11,11.01571429,,0,153,7,,07:03,,,,,,,170,7,0,,,,,,,,,,,,
2020,FOU,6,,bluti,sporadic,,,,,,,,,,,,,,153,,7,76.61,10.94428571,,0,153,7,,06:30,,,,,,,170,7,0,,,,,,,,,,,,
2020,FOU,7,,,sporadic,,,,,,,,,,,,,,,,,,,,,,,,,,,,,,,,,,,,,,,,,,,,,
2020,FOU,8,,bluti,sporadic,,,,,,,,,,,,,,153,,8,79.9,9.9875,,0,153,8,,07:36,,,,,,,170,8,0,,,,,,,,,,,,
2020,ALN,1,,,sporadic,,,,,,,,,,,,,,,,,,,,,,,,,,,,,,,,,,,,,,,,,,,,,
2020,ALN,2,,bluti,sporadic,,,,,,,,,,,,,,153,,6,60.12,12.024,,0,153,6,,11:54,,,,,,,170,6,,,,,,,,,,,,,
2020,ALN,3,,bluti,sporadic,,,,,,,,,,,,,,153,,5,59.35,11.87,,2,153,5,,12:11,,,,,,,170,5,,,,,,,,,,,,,
2020,ALN,4,,bluti,sporadic,,,,,,,,,,,,,,153,,6,65.83,10.97166667,,0,153,6,,12:03,,,,,,,170,5,,,,,,,,,,,,,
2020,ALN,5,,bluti,sporadic,,,,,,,,,,,,,,153,,5,47.5,9.5,,1,153,5,,15:24,,,,,,,170,3,,,,,,,,,,,,,
2020,ALN,6,,bluti,sporadic,,,,,,,,,,,,,,153,,7,65.2,9.314285714,,1,153,7,,12:23,,,,,,,170,3,,,,,,,,,,,,,
2020,ALN,7,,,sporadic,,,,,,,,,,,,,,,,,,,,,,,,,,,,,,,,,,,,,,,,,,,,,
2020,ALN,8,,bluti,sporadic,,,,,,,,,,,,,,153,,7,38.69,5.527142857,,0,153,7,,12:58,,,,,,,170,2,,,,,,,,,,,,,
2020,DEL,1,,,sporadic,,,,,,,,,,,,,,,,,,,,,,,,,,,,,,,,,,,,,,,,,,,,,
2020,DEL,2,,,sporadic,,,,,,,,,,,,,,,,,,,,,,,,,,,,,,,,,,,,,,,,,,,,,
2020,DEL,3,,bluti,sporadic,,,,,,,,,,,,,,153,,5,52.84,10.568,,2,153,5,,08:13,,,,,,,170,5,,,,,,,,,,,,,
2020,DEL,4,,bluti,sporadic,,,,,,,,,,,,,,153,,6,,,,0,153,7,,08:16,,,,,,,170,7,,,,,,,,,,,,,
2020,DEL,5,,bluti,sporadic,,,,,,,,,,,,,,153,,6,71.98,11.99666667,,0,153,6,,08:39,,,,,,,170,6,,,,,,,,,,,,,
2020,DEL,6,,,sporadic,,,,,,,,,,,,,,,,,,,,,,,,,,,,,,,,,,,,,,,,,,,,,
2020,DEL,7,,bluti,sporadic,,,,,,,,,,,,,,153,,3,32.73,10.91,,3,153,3,,09:11,,,,,,,170,3,,,,,,,,,,,,,
2020,DEL,8,,bluti,sporadic,,,,,,,,,,,,,,153,,10,89.67,8.967,,0,153,10,,08:58,,,,,,,170,7,,,,,,,,,,,,,
2020,TAI,1,,,sporadic,,,,,,,,,,,,,,,,,,,,,,,,,,,,,,,,,,,,,,,,,,,,,
2020,TAI,2,,bluti,sporadic,,,,,,,,,,,,,148,153,,7,37.57,5.367142857,,0,153,7,,09:46,,,,,,,170,6,,,,,,,,,,,,,
2020,TAI,3,,bluti,sporadic,,,,,,,,,,,,,,153,,2,22.5,11.25,,0,153,2,,09:29,,,,,,,170,2,,,,,,,,,,,,,
2020,TAI,4,,,sporadic,,,,,,,,,,,,,,,,,,,,,,,,,,,,,,,,,,,,,,,,,,,,,
2020,TAI,5,,bluti,sporadic,,,,,,,,,,,,,148,153,,5,29.33,5.866,,3,153,5,,09:38,,,,,,,170,4,,,,,,,,,,,,,
2020,TAI,6,,,sporadic,,,,,,,,,,,,,,,,,,,,,,,,,,,,,,,,,,,,,,,,,,,,,
2020,OSP,1,,,sporadic,,,,,,,,,,,,,,,,,,,,,,,,,,,,,,,,,,,,,,,,,,,,,
2020,OSP,2,,,sporadic,,,,,,,,,,,,,,,,,,,,,,,,,,,,,,,,,,,,,,,,,,,,,
2020,OSP,3,,,sporadic,,,,,,,,,,,,,,,,,,,,,,,,,,,,,,,,,,,,,,,,,,,,,
2020,OSP,4,,,sporadic,,,,,,,,,,,,,,,,,,,,,,,,,,,,,,,,,,,,,,,,,,,,,
2020,OSP,5,,,sporadic,,,,,,,,,,,,,,,,,,,,,,,,,,,,,,,,,,,,,,,,,,,,,
2020,OSP,6,,,sporadic,,,,,,,,,,,,,,,,,,,,,,,,,,,,,,,,,,,,,,,,,,,,,
2020,OSP,7,,,sporadic,,,,,,,,,,,,,,,,,,,,,,,,,,,,,,,,,,,,,,,,,,,,,
2020,OSP,8,,,sporadic,,,,,,,,,,,,,,,,,,,,,,,,,,,,,,,,,,,,,,,,,,,,,
2020,SPD,1,,bluti,sporadic,,,,,,,,,,,,,,,,,,,,0,171,4,,08:18,,,,,,,,-999,,,pine marten,,,,,,,,,,
2020,SPD,2,,,sporadic,,,,,,,,,,,,,,,,,,,,,,,,,,,,,,,,,,,,,,,,,,,,,
2020,SPD,3,,,sporadic,,,,,,,,,,,,,,,,,,,,,,,,,,,,,,,,,,,,,,,,,,,,,
2020,SPD,4,,,sporadic,,,,,,,,,,,,,,,,,,,,,,,,,,,,,,,,,,,,,,,,,,,,,
2020,SPD,5,,,sporadic,,,,,,,,,,,,,,,,,,,,,,,,,,,,,,,,,,,,,,,,,,,,,
2020,SPD,6,,,sporadic,,,,,,,,,,,,,,,,,,,,,,,,,,,,,,,,,,,,,,,,,,,,,
2020,SPD,7,,,sporadic,,,,,,,,,,,,,,,,,,,,,,,,,,,,,,,,,,,,,,,,,,,,,yes
2020,SPD,8,,,sporadic,,,,,,,,,,,,,,,,,,,,,,,,,,,,,,,,,,,,,,,,,,,,,yes
2020,DOR,1,,bluti,sporadic,,,,,,123,,,,,,,145,153,,7,62.16,8.88,,0,153,7,,10:18,,,,,,,,6,,,,,,,,,,,,,yes
2020,DOR,2,,bluti,sporadic,,,,,,123,,,,,,,145,153,,9,75.31,8.367777778,,0,153,9,,10:36,,,,,,,,6,,,,,,,,,,,,,yes
2020,DOR,3,,bluti,sporadic,,,,,,122,,,,,,,,153,,6,57.55,9.591666667,,1,153,6,,11:00,,,,,,,,3,,,,,,,,,,,,,yes
2020,DOR,4,,,sporadic,,,,,,,,,,,,,,,,,,,,,,,,,,,,,,,,,,,,,,,,,,,,,yes
2020,DOR,5,,bluti,sporadic,,,,,,122,,,,,,,,153,,7,73.96,10.56571429,,1,153,7,,10:57,,,,,,,,2,,,,,,,,,,,,,aa
2020,DOR,6,,bluti,sporadic,,,,,,124,,,,,,,,153,,7,46.67,6.667142857,,2,153,7,,10:12,,,,,,,,0,,,,,,,,,,,,,
2021,EDI,1,,bluti,,,91,105,,,110,120,11,,121,,,,137,,10,18.66,1.866,14:34,0,143,11,0,06:52,9,149,11,0,09:01,6,159,11,,,,,,,,,,,,,
2021,EDI,2,,bluti,,,93,111,,,117,124,7,,125,,,,139,,4,4.11,1.0275,12:36,0,145,7,0,07:35,6,151,7,0,06:18,6,161,7,,,,,,,,,,,,,
2021,EDI,3,,bluti,,,93,109,,,113,121,9,,123,,,,137,,8,11.63,1.45375,14:38,0,143,9,0,07:04,8,149,9,1,08:49,6,155,4,,,,,,,,,,,,,
2021,EDI,4,,bluti,,,91,105,,,112,121,10,,123,,,,135,,6,5.76,0.96,07:20,1,141,0,,,,147,0,,,,,0,,,,,,,,,,,,,
2021,EDI,5,,bluti,,,93,107,,,116,124,6,,125,,,,139,,4,4.71,1.1775,12:26,2,145,4,0,07:50,5,151,4,2,06:29,4,159,4,,,,,,,,,,,,,
2021,EDI,6,,bluti,,,99,109,,,119,119,1,,139,,,,149,,1,1.09,1.09,08:26,0,155,1,0,07:57,1,161,0,,,,,0,,,,,,,,,,,,,
2021,EDI,7,,bluti,,,95,107,,,111,120,9,,119,,,,137,,8,12.79,1.59875,14:47,0,143,8,0,07:19,6,149,8,2,08:39,5,157,8,,"cold 121, 123",,,,,,,,,,,
2021,EDI,8,,bluti,,,103,109,,,114,122,9,,125,,,,137,,7,8.3,1.185714286,14:49,0,143,9,0,07:29,6,149,9,1,08:30,6,163,9,,,,,,,,,,,,,
2021,RSY,1,,bluti,,,91,93,,,110,118,9,,119,,,,131,,1,0.92,0.92,07:40,0,137,5,0,06:21,6,143,4,1,08:10,4,153,4,,,,,,,,,,,,,
2021,RSY,2,,,,,,,,,,,,,,,,,,,,,,,,,,,,,,,,,,,,,,,,,,,,,,,,
2021,RSY,3,,bluti,,,107,113,,,117,124,8,,125,,,,141,,8,9.46,1.1825,06:44,0,147,8,0,07:51,7,153,6,0,07:21,6,161,3,,,,,,,,,,,,,
2021,RSY,4,,bluti,,,97,115,,,121,128,8,,129,,,,147,,4,3.49,0.8725,08:02,1,153,6,0,07:36,6,159,6,1,08:23,5,171,6,,,,,,,,,,,,,
2021,RSY,5,,bluti,,,105,111,,,117,125,8,,123,,,,137,,4,4.88,1.22,06:35,0,143,8,0,08:29,6,149,8,0,09:25,8,161,8,,,,,,,,,,,,,
2021,RSY,6,,bluti,,,105,111,,,116,125,10,,129,,,,141,,9,10.56,1.173333333,06:51,0,147,10,0,13:02,8,153,8,0,07:45,8,163,5,,,,,,,,,,,,,
2021,RSY,7,,bluti,,,91,111,,,116,125,9,,125,,,,137,,6,6.64,1.106666667,06:37,1,143,6,0,08:37,5,149,6,1,09:35,6,157,6,,,,,,,,,,,,,
2021,RSY,8,,bluti,,,91,107,,,114,124,9,,123,,,,137,,5,4.63,0.926,06:39,0,143,9,0,08:44,7,149,9,2,09:43,8,155,9,,,,,,,,,,,,,
2021,FOF,1,,bluti,,,93,113,,,117,127,11,,127,,,,143,,10,13.26,1.326,09:16,1,149,10,0,10:14,9,155,10,1,08:44,8,165,10,,,,,,,,,,,,,
2021,FOF,2,,,,,,,,,,,,,,,,,,,,,,,,,,,,,,,,,,,,,,,,,,,,,,,,
2021,FOF,3,,bluti,,,91,99,,,116,122,11,,125,,,,151,,2,1.83,0.915,08:29,7,157,4,0,09:20,4,163,4,3,06:31,4,173,4,,,,,,,,,,,,,
2021,FOF,4,,bluti,,,91,99,,,114,124,11,,125,,,,137,,9,12.27,1.363333333,14:09,0,143,9,1,09:33,7,149,9,3,10:40,7,161,9,,,,,,,,,,,,,
2021,FOF,5,,,,,,,,,,,,,,,,,,,,,,,,,,,,,,,,,,,,,,,,,,,,,,,,
2021,FOF,6,,bluti,,,101,113,,,118,125,8,,129,,,,143,,8,10.39,1.29875,09:54,0,149,8,0,10:25,6,155,8,3,09:06,7,165,8,,,,,,,,,,,,,
2021,FOF,7,,bluti,,,93,113,,,117,124,6,,125,,,,139,,2,2.18,1.09,11:11,1,145,4,0,08:46,5,151,4,1,08:31,4,161,4,,,,,,,,,,,,,
2021,FOF,8,,bluti,,,93,111,,,115,121,7,,123,,,,137,,6,7.97,1.328333333,14:05,1,143,6,0,09:23,5,149,6,1,10:50,5,157,5,,,,,,,,,,,,,
2021,BAD,1,,bluti,,,97,113,,,125,133,9,,133,,,,145,,5,5.1,1.02,09:35,0,151,9,0,09:05,8,157,9,2,10:03,7,165,9,,,,,,,,,,,,,
2021,BAD,2,,,,,109,115,,,,,,,,,,,,,,,,,,,,,,,,,,,,,,,,,,,,,,,,,,
2021,BAD,3,,bluti,,,93,109,,,123,131,8,,135,,,,147,,7,9.05,1.292857143,10:45,1,153,7,0,09:27,5,159,7,3,10:03,6,169,6,,,,,,,,,,,,,
2021,BAD,4,,bluti,,,109,113,,,127,135,7,,137,,,,149,,6,6.39,1.065,14:00,0,155,6,0,10:02,5,161,6,1,11:15,5,171,6,,,,,,,,,,,,,
2021,BAD,5,,bluti,,,105,113,,,134,136,3,,137,,,,155,,3,6.92,2.306666667,10:10,0,159,3,0,09:52,3,165,3,1,08:30,6,173,3,,,,,,,,,,,,,
2021,BAD,6,,bluti,,,107,115,,,132,138,7,,137,,,,151,,5,5.92,1.184,09:23,0,157,7,1,10:36,5,163,7,2,07:25,7,173,7,,"axh7789 jumped out at v2, hit a rock and died, healthy chick, 11 grams, counted as fledged",,,,,,,,,,,
2021,LVN,1,,bluti,,,91,95,,,131,136,6,,137,,,,149,,3,3.2,1.066666667,13:21,0,155,6,1,11:23,5,161,6,0,13:00,6,169,5,,,,,,,,,,,,,
2021,LVN,2,,bluti,,,91,109,,,118,,,,,,,,,,,,,,,,,,,,,,,,,,,,,,,,,,,,,,,
2021,LVN,3,,,,,97,109,,,,,,,,,,,,,,,,,,,,,,,,,,,,,,,,,,,,,,,,,,
2021,LVN,4,,bluti,,,123,135,,,133,146,8,,143,,,,157,,6,7.83,1.305,11:40,1,163,6,0,08:25,5,169,6,2,08:37,5,175,4,,,,,,,,,,,,,
2021,LVN,5,,bluti,,,91,99,,,123,124,2,,133,,,,143,,2,2.24,1.12,05:34,0,149,2,0,13:25,2,155,2,2,11:34,2,161,2,,,,,,,,,,,,,
2021,LVN,6,,,,,,,,,,,,,,,,,,,,,,,,,,,,,,,,,,,,,,,,,,,,,,,,
2021,LVN,7,,bluti,,,91,107,,,111,117,7,,121,,,,133,0,5,6.23,1.246,08:55,2,139,5,0,09:53,5,145,5,0,10:27,5,153,5,,,,,,,,,,,,,
2021,LVN,8,,bluti,,,91,107,,,113,125,6,,125,,,,137,,6,7.05,1.175,13:08,0,143,5,0,06:00,4,149,5,0,13:30,7,157,5,,,,,,,,,,,,,
2021,DOW,1,,bluti,,,91,113,,,128,135,8,,135,,,,149,,7,8.91,1.272857143,12:45,0,155,8,0,10:36,7,161,8,3,12:38,8,169,7,,,,,,,,,,,,,
2021,DOW,2,,,,,95,105,,,,,,,,,,,,,,,,,,,,,,,,,,,,,,,,,,,,,,,,,,
2021,DOW,3,,bluti,,,95,115,,,123,138,6,,137,,,,151,,2,2.16,1.08,10:12,0,157,6,0,11:15,5,163,6,2,07:58,6,173,6,,,,,,,,,,,,,
2021,DOW,4,,bluti,,,91,99,,,115,,,,,,,,,,,,,,,,,,,,,,,,,,,,,,,,,,,,,,,
2021,DOW,4,,bluti,,,91,99,,,132,139,7,,139,,,,153,,5,7.05,1.41,10:20,1,159,6,0,10:57,5,165,6,1,09:13,5,173,6,,17/3/25 - a relay attempt. 4uhe recorded but changed to 1 as some of these belonged to first attempt,,1,,,,,1,,,,
2021,DOW,5,,bluti,,,99,111,,,125,134,9,,135,,,,149,,9,10.07,1.118888889,13:04,0,155,9,0,11:02,6,161,9,4,12:27,9,169,9,,,,,,,,,,,,,
2021,DOW,6,,bluti,,,91,95,,,122,127,6,,129,,,,141,,4,4.41,1.1025,08:22,1,147,5,0,12:35,5,153,4,3,20:46,4,161,4,,,,,,,,,,,,,
2021,DOW,7,,bluti,,,123,135,,,136,142,7,,145,,,,159,,6,8.63,1.438333333,11:06,1,165,6,1,09:23,5,171,6,1,08:06,5,,4,,,,,,,,,,,,,
2021,DOW,8,,bluti,,,93,101,,,117,127,9,,127,,,,143,,8,8.94,1.1175,13:02,1,149,7,0,12:54,5,155,7,4,10:50,5,165,7,,,,,,,,,,,,,
2021,GLF,1,,,,,,,,,,,,,,,,,,,,,,,,,,,,,,,,,,,,,,,,,,,,,,,,
2021,GLF,2,,bluti,,,99,107,,,114,122,7,,131,,,,141,,6,9,1.5,13:00,1,147,6,1,13:33,5,153,6,2,13:29,6,161,6,,,,,,,,,,,,,
2021,GLF,3,,bluti,,,93,103,,,131,138,8,,137,,,,151,,5,6.11,1.222,11:40,1,157,7,0,11:56,6,163,7,3,09:00,6,171,7,,,,,,,,,,,,,
2021,GLF,4,,bluti,,,97,105,,,119,135,10,,137,,,,149,,5,4.55,0.91,12:19,1,155,8,0,13:04,7,161,8,0,11:10,6,171,7,,,,,,,,,,,,,
2021,GLF,5,,bluti,,,91,93,,,119,132,8,,133,,,,145,,4,4.25,1.0625,13:07,0,151,7,0,11:59,7,157,7,4,12:50,6,167,7,,,,,,,,,,,,,
2021,GLF,6,,bluti,,,93,103,,,123,132,7,,133,,,,147,,3,3.19,1.063333333,13:54,4,153,3,1,13:51,2,159,3,1,11:32,4,167,3,,,,,,,,,,,,,
2021,GLF,7,,bluti,,,91,113,,,125,132,6,,133,,,,147,,6,8.84,1.473333333,13:45,0,153,6,0,13:40,6,159,6,3,11:17,5,167,6,,,,,,,,,,,,,
2021,GLF,8,,bluti,,,93,107,,,120,130,9,,131,,,,145,,9,9.74,1.082222222,13:04,0,151,8,0,11:45,7,157,5,0,12:30,4,169,4,,,,,,,,,,,,,
2021,SER,1,,bluti,,,91,95,,,107,119,13,,125,,,,135,,8,8.45,1.05625,10:40,2,141,10,0,11:36,8,147,9,4,07:57,12,155,9,,135 1 non-incubated egg at front of nest box dropped when I opened nestbox,,,,,,,,,,,
2021,SER,2,,bluti,,,93,103,,,115,124,9,,129,,,,141,,9,13.23,1.47,11:47,0,147,9,3,08:18,8,153,9,4,11:53,8,161,9,,,,,,,,,,,,,
2021,SER,3,,bluti,,,91,101,,,113,120,8,,121,,,,135,,3,3.45,1.15,10:47,4,141,3,0,11:50,3,147,3,0,08:30,3,155,3,,,,,,,,,,,,,
2021,SER,4,,bluti,,,93,117,,,115,126,12,,131,,,,143,,9,7.41,0.823333333,06:49,0,149,11,0,11:08,8,155,11,4,12:38,10,163,11,,,,,,,,,,,,,
2021,SER,5,,bluti,,,107,109,,,113,121,9,,121,,,,135,,4,3.45,0.8625,10:52,1,141,5,0,12:00,5,147,5,0,08:37,4,159,5,,,,,,,,,,,,,
2021,SER,6,,bluti,,,91,97,,,110,122,13,,131,,,,157,,3,3.94,1.313333333,11:24,9,163,4,0,09:56,4,169,1,0,10:18,1,175,1,8,25/3/25 some uncertainty in the number of eggs at v1 but 9 seems most likely (rather than 10),,,,,,,,,,,
2021,SER,7,,bluti,,,91,93,,,110,117,8,,119,,,,131,,6,8.62,1.436666667,10:25,0,137,8,0,07:43,11,143,8,0,07:13,8,151,8,,,,,,,,,,,,,
2021,SER,8,,bluti,,,91,95,,,107,118,11,,119,,,,135,,8,11.83,1.47875,10:35,2,141,9,0,11:20,7,147,9,1,08:53,6,155,9,,", cold 121",,,,,,,,,,,
2021,MCH,1,,,,,91,,,,,,,,,,,,,,,,,,,,,,,,,,,,,,,,,,,,,,,,,,,
2021,MCH,2,,bluti,,,93,99,,,112,119,8,,119,,,,133,0,5,5.89,1.178,10:35,1,139,7,0,06:08,7,145,7,1,10:30,7,155,7,,,,,,,,,,,,,
2021,MCH,3,,bluti,,,93,107,,,111,117,6,,119,,,,131,,5,5.95,1.19,10:45,0,137,6,0,08:26,11,143,5,3,08:28,6,151,5,,,,,,,,,,,,,
2021,MCH,4,,,,,,,,,,,,,,,,,,,,,,,,,,,,,,,,,,,,,,,,,,,,,,,,
2021,MCH,5,,bluti,,,91,95,,,104,116,13,,121,,,,131,,10,12.7,1.27,10:40,1,137,9,0,08:05,12,143,4,1,08:41,5,155,4,,,,,,,,,,,,,
2021,MCH,6,,bluti,,,91,97,,,104,112,9,,113,,,,127,,7,8.6,1.228571429,09:54,0,133,8,0,10:49,8,139,8,0,05:40,8,147,8,,,,,,,,,,,,,
2021,PTH,1,,bluti,,,91,99,,,110,120,11,,121,,,,133,0,5,4.23,0.846,12:00,0,139,10,0,06:48,10,145,10,1,10:30,9,157,10,,,,,,,,,,,,,
2021,PTH,2,,bluti,,,93,105,,,117,122,4,,131,,,,143,,3,2.12,0.706666667,10:12,0,149,4,0,07:43,4,155,0,,,,,0,,,,,,,,,,,,,
2021,PTH,3,,bluti,,,99,111,,,111,125,13,,131,,,,145,,11,14.87,1.351818182,10:40,0,151,11,0,07:54,9,157,11,3,09:52,9,165,11,,,,,,,,,,,,,
2021,PTH,4,,bluti,,,91,109,,,114,123,10,,125,,,,137,,8,7.46,0.9325,11:04,0,143,10,1,09:47,8,149,9,0,07:09,6,159,9,,,,,,,,,,,,,
2021,PTH,5,,bluti,,,91,101,,,111,120,10,,125,,,,137,,6,6.21,1.035,11:01,0,143,10,0,09:57,8,149,10,0,07:19,7,159,10,,,,,,,,,,,,,
2021,PTH,6,,bluti,,,93,111,,,115,127,12,,131,,,,143,,3,2.24,0.746666667,10:07,5,149,7,0,07:30,6,155,7,2,08:34,6,165,7,,,,,,,,,,,,,
2021,PTH,7,,bluti,,,115,117,,,119,128,10,,131,,,,143,,8,8.08,1.01,10:17,0,149,10,0,07:51,8,155,10,3,07:57,8,165,10,,,,,,,,,,,,,
2021,PTH,8,,bluti,,,97,103,,,114,123,10,,129,,,,139,,7,7.6,1.085714286,07:02,2,145,0,,,,151,0,,,,,0,,,,,,,,,,,,,
2021,STY,1,,bluti,,,91,103,,,116,127,9,,131,,,,145,,9,14.9,1.655555556,12:02,0,151,9,3,09:10,7,157,9,3,09:11,8,163,9,,,,,,,,,,,,,
2021,STY,2,,bluti,,,91,,,,129,137,8,,137,,,,153,,8,13.03,1.62875,10:02,0,159,8,0,09:08,7,165,7,0,13:00,5,173,4,,,,,,,,,,,,,
2021,STY,3,,bluti,,,91,95,,,109,120,11,,121,,,,139,,9,9.12,1.013333333,08:04,0,145,9,2,12:09,7,151,9,4,09:25,8,161,9,,", cold 123",,,,,,,,,,,
2021,STY,4,,,,,,,,,,,,,,,,,,,,,,,,,,,,,,,,,,,,,,,,,,,,,,,,
2021,STY,5,,bluti,,,99,105,,,115,126,12,,131,,,,143,,5,5.03,1.006,11:37,0,149,10,0,09:28,7,155,10,3,11:15,9,165,10,,1 chick missed at v2,,,,,,,,,,,
2021,STY,6,,,,,91,,,,,,,,,,,,,,,,,,,,,,,,,,,,,,,,,,,,,,,,,,,
2021,STY,7,,bluti,,,97,105,,,112,124,13,,131,,,,147,,10,15.64,1.564,12:52,3,153,10,0,09:36,7,159,9,1,09:23,9,167,9,,,,,,,,,,,,,
2021,STY,8,,,,,97,,,,,,,,,,,,,,,,,,,,,,,,,,,,,,,,,,,,,,,,,,,
2021,BIR,1,,bluti,,,91,121,,,121,133,12,,135,,,,147,,3,3,1,12:09,0,153,12,2,07:00,10,159,12,4,07:55,11,169,12,,,,,,,,,,,,,
2021,BIR,2,,bluti,,,93,107,,,125,132,6,,135,,,,149,,5,7.85,1.57,08:27,1,155,5,0,10:04,4,161,5,3,08:30,5,167,5,,,,,,,,,,,,,
2021,BIR,3,,bluti,,,99,107,,,119,129,7,,131,,,,145,,5,6,1.2,11:27,2,151,5,0,08:35,4,157,5,2,07:37,5,165,5,,,,,,,,,,,,,
2021,BIR,4,,,,,,,,,,,,,,,,,,,,,,,,,,,,,,,,,,,,,,,,,,,,,,,,
2021,BIR,5,,,,,,,,,,,,,,,,,,,,,,,,,,,,,,,,,,,,,,,,,,,,,,,,
2021,BIR,6,,,,,,,,,,,,,,,,,,,,,,,,,,,,,,,,,,,,,,,,,,,,,,,,
2021,BIR,7,,,,,,,,,,,,,,,,,,,,,,,,,,,,,,,,,,,,,,,,,,,,,,,,
2021,BIR,8,,bluti,,,111,115,,,122,131,8,,139,,,,149,0,8,7.62,0.9525,08:40,0,155,8,0,10:18,8,161,7,3,08:45,7,171,7,,,,,,,,,,,,,
2021,DUN,1,,bluti,,,107,117,,,125,130,5,,139,,,149,149,0,5,7.31,1.462,08:27,0,155,5,0,10:45,6,161,5,3,10:19,11,167,5,0,,,,,,,,,,,,
2021,DUN,2,,,,,,,,,,,,,,,,,,,,,,,,,,,,,,,,,,,,,,,,,,,,,,,,
2021,DUN,3,,,,,,,,,,,,,,,,,,,,,,,,,,,,,,,,,,,,,,,,,,,,,,,,
2021,DUN,4,,,,,,,,,,,,,,,,,,,,,,,,,,,,,,,,,,,,,,,,,,,,,,,,
2021,DUN,5,,bluti,,,105,117,,,121,137,11,,139,,,153,153,0,6,5.94,0.99,10:35,2,159,9,0,13:21,9,167,9,2,14:52,12,173,9,2,,,,,,,,,,,,
2021,DUN,6,,,,,,,,,,,,,,,,,,,,,,,,,,,,,,,,,,,,,,,,,,,,,,,,
2021,DUN,7,,,,,,,,,,,,,,,,,,,,,,,,,,,,,,,,,,,,,,,,,,,,,,,,
2021,DUN,8,,bluti,,,117,125,,,131,139,9,,147,,,,,,,,,,,,,,,,,,,,,,,,GOING COLD 171,,,,,,,,,,,
2021,BLG,1,,bluti,,,117,119,,,121,127,7,,129,,,143,143,0,7,9.74,1.391428571,09:47,0,149,6,1,09:54,21,155,5,3,10:01,5,163,5,0,,,,,,,,,,,,
2021,BLG,2,,bluti,,,91,107,,,112,123,12,,129,,,139,139,1,4,3.66,0.915,09:08,1,145,0,,,,,,,,,,0,1,11 chicks dead at v1,,,,,,,,,,,
2021,BLG,3,,bluti,,,91,107,,,113,140,20,,141,,,156,157,0,5,9.67,1.934,10:05,14,163,5,2,12:00,8,169,0,,,,,0,14,"at v1 9 eggs in cup felt inc, 5 buried. Dead 169, 9 uhe in nest cup, 5 uhe buried",,,,,,,,,,,
2021,BLG,4,,bluti,,,93,113,,,115,126,12,,131,,,145,145,0,12,14.3,1.191666667,09:32,0,151,12,0,10:01,11,157,12,5,09:39,13,165,12,0,,,,,,,,,,,,
2021,BLG,5,,bluti,,,97,105,,,111,119,9,,125,,,135,135,2,3,2.87,0.956666667,09:30,0,141,7,1,09:10,16,147,7,1,09:11,12,159,7,0,,,,,,,,,,,,
2021,BLG,6,,bluti,,,93,103,,,114,123,10,,131,,,141,141,0,1,0.79,0.79,08:59,1,147,9,0,08:50,17,153,9,2,09:22,20,161,9,1,,,,,,,,,,,,
2021,BLG,7,,bluti,,,91,101,,,114,120,7,,127,,,138,139,0,6,8.95,1.491666667,08:39,0,145,5,0,09:42,6,151,5,3,10:19,11,159,5,0,121- 1 egg broken (was 8),,,,,,,,,,,
2021,BLG,8,,bluti,,,93,103,,,114,127,13,,131,,,141,141,0,10,12.42,1.242,09:45,2,147,5,1,09:32,10,153,5,3,09:54,8,163,5,2,,,,,,,,,,,,
2021,PIT,1,,,,,111,117,,,123,,,,149,,,,,,,,,,,,,,,,,,,,,,,,"10/3/25 - was seen on warm eggs on two occasions, but by novice recorder. All other viists were cold eggs, so no CS given.",,,,,,,,,,,
2021,PIT,2,,,,,,,,,,,,,,,,,,,,,,,,,,,,,,,,,,,,,,,,,,,,,,,,
2021,PIT,3,,bluti,,,107,115,,,125,139,12,,139,,,153,153,0,8,10.48,1.31,08:58,1,159,10,0,11:04,10,165,9,6,08:37,7,171,8,1,,,,,,,,,,,,
2021,PIT,4,,bluti,,,91,103,,,122,130,8,,133,,,146,147,0,7,11.63,1.661428571,08:20,1,153,7,0,08:22,9,159,7,3,11:18,5,167,7,0,,,,,,,,,,,,
2021,PIT,5,,bluti,,,105,113,,,120,130,8,,129,,,143,143,0,7,9.39,1.341428571,10:30,0,149,5,0,10:48,7,155,5,3,08:24,6,165,5,0,,,,,,,,,,,,
2021,PIT,6,,bluti,,,105,127,,,129,138,9,,143,,,154,155,0,9,13.81,1.534444444,08:33,0,161,9,0,09:48,12,167,9,5,12:55,12,173,9,0,1 egg broken 141,,,,,,,,,,,
2021,PIT,7,,bluti,,,109,117,,,125,136,8,,137,,,151,151,0,7,7.81,1.115714286,08:15,0,157,6,0,08:20,8,163,4,3,11:23,5,171,4,0,,,,,,,,,,,,
2021,PIT,8,,bluti,,,109,121,,,151,156,7,,157,,,169,169,0,1,0.91,0.91,12:09,1,175,4,0,11:39,7,179,3,0,15:37,1,,0,,"This was a second attempt, though previous attempt didn't incubate",,,,,,,,,,,
2021,KCK,1,,bluti,,,93,115,,,119,128,10,,129,,,143,143,0,7,6.38,0.911428571,10:53,0,149,9,5,11:37,17,155,9,0,12:21,14,165,9,0,,,,,,,,,,,,
2021,KCK,2,,bluti,,,111,117,,,130,136,7,,139,,,153,153,0,6,5.79,0.965,11:56,0,159,6,0,08:26,6,165,4,0,12:38,4,173,4,0,,,,,,,,,,,,
2021,KCK,3,,,,,,,,,,,,,,,,,,,,,,,,,,,,,,,,,,,,,,,,,,,,,,,,
2021,KCK,4,,,,,,,,,,,,,,,,,,,,,,,,,,,,,,,,,,,,,,,,,,,,,,,,
2021,KCK,5,,bluti,,,105,117,,,121,128,8,,131,,,144,145,0,7,11.69,1.67,10:50,1,151,7,0,12:07,8,157,7,1,12:21,7,163,6,0,,,,,,,,,,,,
2021,KCK,6,,bluti,,,127,133,,,133,138,6,,139,,,,,,,,,,,,,,,,,,,,,,,,,,,,,,,,,,,
2021,KCK,7,,,,,,,,,,,,,,,,,,,,,,,,,,,,,,,,,,,,,,,,,,,,,,,,
2021,KCK,8,,bluti,,,107,115,,,121,129,7,,129,,,145,145,1,5,4.89,0.978,10:59,0,151,6,0,12:24,8,157,6,3,11:51,6,167,5,0,1 dead at v1,,,,,,,,,,,
2021,KCZ,1,,,,,,,,,,,,,,,,,,,,,,,,,,,,,,,,,,,,,,,,,,,,,,,,
2021,KCZ,2,,bluti,,,93,115,,,125,133,8,,135,,,149,149,0,7,8.41,1.201428571,11:55,1,155,3,0,11:38,4,161,3,1,12:14,8,167,3,1,,,,,,,,,,,,
2021,KCZ,3,,,,,,,,,,,,,,,,,,,,,,,,,,,,,,,,,,,,,,,,,,,,,,,,
2021,KCZ,4,,,,,,,,,,,,,,,,,,,,,,,,,,,,,,,,,,,,,,,,,,,,,,,,
2021,KCZ,5,,bluti,,,111,117,,,121,129,9,,133,,,145,145,0,9,8.62,0.957777778,11:06,0,151,6,0,11:54,7,157,4,2,13:23,4,,0,0,3 dead at v1. All dead 159,,,,,,,,,,,
2021,KCZ,6,,bluti,,,97,115,,,125,134,8,,137,,,149,149,0,7,8.16,1.165714286,12:20,1,155,6,0,11:52,8,161,6,3,11:40,7,171,6,1,,,,,,,,,,,,
2021,KCZ,7,,,,,,,,,,,,,,,,,,,,,,,,,,,,,,,,,,,,,,,,,,,,,,,,
2021,KCZ,8,,bluti,,,133,137,,,137,143,7,,147,,,159,159,0,7,7.32,1.045714286,09:50,0,165,7,3,11:21,8,171,0,,,,,0,0,,,,,,,,,,,,
2021,BLA,1,,bluti,,,109,119,,,127,138,7,,135,,,,,,,,,,,,,,,,,,,,,,,,,,,,,,,,,,,
2021,BLA,2,,bluti,,,101,113,,,125,132,8,,137,,,150,151,0,4,6.08,1.52,13:01,3,157,4,0,14:13,5,163,4,2,13:41,5,171,4,3,,,,,,,,,,,,
2021,BLA,3,,bluti,,,99,115,,,127,134,7,,135,,,149,149,0,4,5.26,1.315,13:20,1,155,5,0,13:35,8,161,5,4,14:05,8,169,5,2,,,,,,,,,,,,
2021,BLA,4,,,,,,,,,,,,,,,,,,,,,,,,,,,,,,,,,,,,,,,,,,,,,,,,
2021,BLA,5,,bluti,,,99,113,,,125,135,9,,135,,,149,149,0,6,7.45,1.241666667,13:32,2,155,7,0,13:48,9,161,7,4,14:20,10,169,7,2,,,,,,,,,,,,
2021,BLA,6,,bluti,,,103,111,,,118,124,7,,127,,,139,139,0,7,7.94,1.134285714,12:48,0,145,0,,,,,,,,,,0,0,4 chicks dead at v1,,,,,,,,,,,
2021,BLA,7,,,,,91,133,,,,,,,,,,,,,,,,,,,,,,,,,,,,,,,,,,,,,,,,,,
2021,BLA,8,,,,,91,129,,,,,,,,,,,,,,,,,,,,,,,,,,,,,,,bee on 133+135,,,,,,,,,,,
2021,CAL,1,,bluti,,,93,113,,,118,125,8,,131,,,147,147,0,8,10.51,1.31375,13:02,0,153,8,0,13:26,10,159,8,2,16:20,7,167,8,0,,,,,,,,,,,,
2021,CAL,2,,,,,,,,,,,,,,,,,,,,,,,,,,,,,,,,,,,,,,,,,,,,,,,,
2021,CAL,3,,,,,,,,,,,,,,,,,,,,,,,,,,,,,,,,,,,,,,,,,,,,,,,,
2021,CAL,4,,,,,103,127,,,,,,,,,,,,,,,,,,,,,,,,,,,,,,,,,,,,,,,,,,
2021,CAL,5,,bluti,,,115,123,,,132,140,9,,139,,,153,153,0,7,10.25,1.464285714,13:25,0,159,9,0,16:36,9,165,4,1,14:24,5,173,4,0,,,,,,,,,,,,
2021,CAL,6,,bluti,,,119,139,,,144,150,7,,151,,,163,163,0,2,1.78,0.89,09:38,0,169,7,0,15:43,8,175,0,,,,,0,0,1 unringed at v1,,,,,,,,,,,
2021,CAL,7,,,,,,,,,,,,,,,,,,,,,,,,,,,,,,,,,,,,,,,,,,,,,,,,
2021,CAL,8,,,,,97,107,,,,,,,,,,,,,,,,,,,,,,,,,,,,,,,,,,,,,,,,,,
2021,DNM,1,,,,,123,,,,,,,,,,,,,,,,,,,,,,,,,,,,,,,,,,,,,,,,,,,
2021,DNM,2,,bluti,,,107,117,,,125,135,10,,135,,,149,149,0,7,6.66,0.951428571,14:35,0,155,8,0,15:15,7,161,8,0,17:00,30,,0,0,dead 163,,,,,,,,,,,
2021,DNM,3,,bluti,,,117,121,,,129,138,7,,139,,,153,153,0,5,5.17,1.034,14:10,0,159,5,0,17:08,7,165,4,2,15:22,5,175,3,0,,,,,,,,,,,,
2021,DNM,4,,,,,105,121,,,,,,,,,,,,,,,,,,,,,,,,,,,,,,,,,,,,,,,,,,
2021,DNM,5,,bluti,,,113,123,,,146,150,5,,147,,,161,161,0,5,6.16,1.232,16:38,0,167,5,0,08:18,7,173,5,1,10:10,9,,5,,,,,,,,,,,,,
2021,DNM,6,,bluti,,,103,119,,,129,138,9,,137,,,151,151,0,5,4.49,0.898,13:58,0,157,9,0,15:40,11,163,9,0,08:25,8,171,2,0,,,,,,,,,,,,
2021,DNM,7,,,,,,,,,,,,,,,,,,,,,,,,,,,,,,,,,,,,,,,,,,,,,,,,
2021,DNM,8,,,,,,,,,,,,,,,,,,,,,,,,,,,,,,,,,,,,,,,,,,,,,,,,
2021,DNC,2,,bluti,,,107,113,,,130,140,11,,141,,,154,155,0,11,16.9,1.536363636,16:08,0,161,11,1,18:21,15,167,4,5,14:46,14,173,4,1,,,,,,,,,,,,
2021,DNC,3,,,,,107,121,,,,,,,,,,,,,,,,,,,,,,,,,,,,,,,,,,,,,,,,,,
2021,DNC,4,,,,,105,,,,,,,,,,,,,,,,,,,,,,,,,,,,,,,,,,,,,,,,,,,
2021,DNC,5,,,,,105,,,,,,,,,,,,,,,,,,,,,,,,,,,,,,,,,,,,,,,,,,,
2021,DNC,6,,bluti,,,101,111,,,121,128,8,,133,,,145,145,0,1,0.83,0.83,13:15,0,151,7,0,14:27,8,157,6,4,16:12,9,167,6,0,"missed 131, inc 133 so will hatch check 141 incase",,,,,,,,,,,
2021,DNC,7,,,,,,,,,,,,,,,,,,,,,,,,,,,,,,,,,,,,,,,,,,,,,,,,
2021,DNC,8,,,,,,,,,,,,,,,,,,,,,,,,,,,,,,,,,,,,,,,,,,,,,,,,
2021,DNC,9,,,,,115,,,,,,,,,,,,,,,,,,,,,,,,,,,,,,,,,,,,,,,,,,,
2021,DNS,1,,bluti,,,107,129,,,131,143,8,,147,,,158,159,0,5,8.52,1.704,19:16,2,165,5,0,16:48,6,171,5,1,09:23,6,,0,2,DEAD 175,,,,,,,,,,,
2021,DNS,2,,coati,,,111,111,,,119,,,,,,,,,,,,,,,,,,,,,,,,,,,,"fledged 173. 1uhe, 1 dead coati pulli",,,,,,,,,,,
2021,DNS,3,,,,,,,,,,,,,,,,,,,,,,,,,,,,,,,,,,,,,,,,,,,,,,,,
2021,DNS,4,,bluti,,,121,129,,,141,146,6,,147,,,159,159,0,5,6.06,1.212,19:09,1,165,5,0,16:59,3,171,5,2,09:48,6,,5,,,,,,,,,,,,,
2021,DLW,1,,,,,,,,,,,,,,,,,,,,,,,,,,,,,,,,,,,,,,,,,,,,,,,,
2021,DLW,2,,,,,,,,,,,,,,,,,,,,,,,,,,,,,,,,,,,,,,,,,,,,,,,,
2021,DLW,3,,,,,,,,,,,,,,,,,,,,,,,,,,,,,,,,,,,,,,,,,,,,,,,,
2021,DLW,4,,,,,111,113,,,,,,,,,,,,,,,,,,,,,,,,,,,,,,,,,,,,,,,,,,
2021,DLW,5,,,,,,,,,,,,,,,,,,,,,,,,,,,,,,,,,,,,,,,,,,,,,,,,
2021,DLW,6,,,,,,,,,,,,,,,,,,,,,,,,,,,,,,,,,,,,,,,,,,,,,,,,
2021,CRU,1,,,,,,,,,,,,,,,,,,,,,,,,,,,,,,,,,,,,,,,,,,,,,,,,
2021,CRU,2,,,,,,,,,,,,,,,,,,,,,,,,,,,,,,,,,,,,,,,,,,,,,,,,
2021,CRU,3,,bluti,,,129,137,,,145,151,6,,149,,,163,163,0,4,4.09,1.0225,16:03,0,169,6,0,17:41,6,175,6,3,08:24,9,,6,,MAYBE 3 ADULTS,,,,,,,,,,,
2021,CRU,4,,,,,113,,,,,,,,,,,,,,,,,,,,,,,,,,,,,,,,,,,,,,,,,,,
2021,CRU,5,,bluti,,,115,127,,,136,144,7,,147,,,159,159,0,3,3.08,1.026666667,20:05,1,165,5,0,17:51,6,171,5,1,08:09,6,,5,,,,,,,,,,,,,
2021,CRU,6,,,,,,,,,,,,,,,,,,,,,,,,,,,,,,,,,,,,,,,,,,,,,,,,
2021,CRU,7,,,,,,,,,,,,,,,,,,,,,,,,,,,,,,,,,,,,,,,,,,,,,,,,
2021,CRU,8,,,,,,,,,,,,,,,,,,,,,,,,,,,,,,,,,,,,,,,,,,,,,,,,
2021,NEW,1,,bluti,,,111,117,,,123,128,6,,129,,,142,143,0,3,4.4,1.466666667,16:24,2,149,3,0,18:05,4,155,3,0,19:45,4,163,3,2,,,,,,,,,,,,
2021,NEW,2,,bluti,,,95,113,,,119,126,7,,129,,,143,143,0,7,6.04,0.862857143,16:35,0,149,7,0,17:52,11,155,7,3,19:51,6,161,3,0,,,,,,,,,,,,
2021,NEW,3,,,,,,,,,,,,,,,,,,,,,,,,,,,,,,,,,,,,,,,,,,,,,,,,
2021,NEW,4,,,,,101,,,,,,,,,,,,,,,,,,,,,,,,,,,,,,,,,,,,,,,,,,,
2021,NEW,5,,bluti,,,93,103,,,120,129,10,,129,,,143,143,1,8,8.29,1.03625,16:25,0,149,7,0,17:23,9,155,7,0,19:29,7,167,7,0,,,,,,,,,,,,
2021,NEW,6,,bluti,,,93,103,,,118,126,8,,127,,,143,143,0,8,11.29,1.41125,16:35,0,149,4,0,17:37,7,155,4,0,19:39,5,165,4,0,149 - 2 dead in nest,,,,,,,,,,,
2021,NEW,7,,,,,93,,,,,,,,,,,,,,,,,,,,,,,,,,,,,,,,,,,,,,,,,,,
2021,NEW,8,,,,,91,127,,,,,,,,,,,,,,,,,,,,,,,,,,,,,,,,,,,,,,,,,,
2021,HWP,1,,bluti,,,99,115,,,120,127,8,,129,,,142,143,0,8,17.49,2.18625,18:00,0,149,8,1,17:44,10,155,8,2,18:50,9,165,8,0,,,,,,,,,,,,
2021,HWP,2,,,,,99,,,,,,,,,,,,,,,,,,,,,,,,,,,,,,,,,,,,,,,,,,,
2021,HWP,3,,,,,109,,,,,,,,,,,,,,,,,,,,,,,,,,,,,,,,,,,,,,,,,,,
2021,HWP,4,,bluti,,,109,121,,,127,133,7,,135,,,147,147,0,7,8.9,1.271428571,16:58,0,153,5,0,18:45,7,159,5,1,20:27,6,167,5,0,,,,,,,,,,,,
2021,HWP,5,,bluti,,,103,113,,,118,126,9,,127,,,141,141,0,8,7.47,0.93375,07:45,1,147,2,0,16:47,4,153,2,1,19:38,3,163,2,0,,,,,,,,,,,,
2021,HWP,6,,,,,97,133,,,,,,,,,,,,,,,,,,,,,,,,,,,,,,,,,,,,,,,,,,
2021,HWP,7,,,,,107,,,,,,,,,,,,,,,,,,,,,,,,,,,,,,,,,,,,,,,,,,,
2021,HWP,8,,,,,,,,,,,,,,,,,,,,,,,,,,,,,,,,,,,,,,,,,,,,,,,,
2021,INS,1,,,,,,,,,,,,,,,,,,,,,,,,,,,,,,,,,,,,,,,,,,,,,,,,
2021,INS,2,,,,,137,,,,,,,,,,,,,,,,,,,,,,,,,,,,,,,,,,,,,,,,,,,
2021,INS,3,,,,,,,,,,,,,,,,,,,,,,,,,,,,,,,,,,,,,,,,,,,,,,,,
2021,INS,4,,bluti,,,91,115,,,129,132,4,,133,,,148,149,0,4,5.89,1.4725,07:54,0,155,4,0,18:04,4,161,4,2,20:58,4,169,4,0,,,,,,,,,,,,
2021,INS,5,,bluti,,,91,,,,139,144,6,,145,,,157,157,0,3,3.81,1.27,19:14,0,163,6,0,17:00,7,169,4,0,08:23,4,,0,0,"171 - all dead, 17/3/25 - edited uhe from 3 to 0 as weas erronously entered at hatching",,,,,,,,,,,
2021,INS,6,,,,,119,,,,,,,,,,,,,,,,,,,,,,,,,,,,,,,,,,,,,,,,,,,
2021,INS,7,,bluti,,,93,121,,,129,136,8,,137,,,150,151,0,8,13.59,1.69875,18:05,0,157,8,0,18:59,8,163,8,2,17:15,11,171,8,0,,,,,,,,,,,,
2021,INS,8,,,,,117,,,,,,,,,,,,,,,,,,,,,,,,,,,,,,,,,,,,,,,,,,,
2021,FSH,1,,bluti,,,127,133,,,135,143,7,,149,,,158,159,0,7,11.88,1.697142857,18:59,0,165,7,0,10:13,7,171,5,0,17:18,6,175,1,,,,,,,,,,,,,
2021,FSH,2,,bluti,,,129,135,,,134,140,7,,147,,,157,157,0,7,9.69,1.384285714,18:08,0,163,7,2,19:57,8,169,7,2,08:05,11,,5,,,,,,,,,,,,,
2021,FSH,3,,bluti,,,91,115,,,132,135?,5,,135,,,150,151,0,4,6.73,1.6825,18:14,1,157,4,0,18:26,5,163,4,1,19:44,5,171,4,1,,,,,,,,,,,,
2021,FSH,4,,bluti,,,95,115,,,131,137,7,,141,,,153,153,0,5,6.42,1.284,19:35,0,159,4,0,18:54,5,165,4,0,10:16,6,175,3,0,,,,,,,,,,,,
2021,FSH,5,,bluti,,,91,105,,,130,135,6,,137,,,150,151,0,6,11.44,1.906666667,18:05,0,157,6,0,18:11,7,163,5,3,09:19,19,169,5,0,163: 1 dead,,,,,,,,,,,
2021,FSH,6,,bluti,,,91,117,,,128,135,7,,133,,,150,151,0,7,11.32,1.617142857,17:52,0,157,7,0,17:56,8,163,5,0,09:27,5,169,5,0,,,,,,,,,,,,
2021,FSH,7,,,,,,,,,,,,,,,,,,,,,,,,,,,,,,,,,,,,,,,,,,,,,,,,
2021,FSH,8,,bluti,,,91,103,,,131,140,9,,147,,,156,157,0,9,14.54,1.615555556,17:59,0,163,9,0,10:14,8,169,9,1,09:25,12,175,4,0,,,,,,,,,,,,
2021,RTH,1,,,,,,,,,,,,,,,,,,,,,,,,,,,,,,,,,,,,,,,,,,,,,,,,
2021,RTH,2,,bluti,,,111,117,,,129,137,9,,137,,,150,151,0,7,11.09,1.584285714,17:15,2,,0,,,,,0,,,,,0,2,accidental check 153 - dead 7ch 2uhe,,,,,,,,,,,
2021,RTH,3,,,,,,,,,,,,,,,,,,,,,,,,,,,,,,,,,,,,,,,,,,,,,,,,
2021,RTH,4,,bluti,,,91,115,,,125,134,10,,133,,,147,147,0,7,6,0.857142857,08:41,0,153,10,1,18:51,12,159,10,4,18:19,18,167,10,0,,,,,,,,,,,,
2021,RTH,5,,bluti,,,91,119,,,129,140,12,,145,,,155,155,0,2,1.7,0.85,17:15,0,161,11,0,19:58,11,167,11,3,09:32,17,175,10,0,,,,,,,,,,,,
2021,RTH,6,,bluti,,,95,119,,,136,142,7,,143,,,157,157,0,7,7.98,1.14,17:33,0,163,7,0,10:51,8,169,7,5,10:07,10,,7,,,,,,,,,,,,,
2021,AVI,1,,bluti,,,105,109,,,121,128,7,,129,,,143,143,0,7,8.8,1.257142857,09:40,0,149,7,0,09:34,11,155,7,0,08:12,12,163,7,0,,,,,,,,,,,,
2021,AVI,2,,,,,,,,,,,,,,,,,,,,,,,,,,,,,,,,,,,,,,,,,,,,,,,,
2021,AVI,3,,bluti,,,111,131,,,130,134,5,,133,,,149,149,0,4,3.99,0.9975,09:52,0,155,4,0,08:15,7,161,2,0,09:50,7,173,2,,,,,,,,,,,,,
2021,AVI,4,,,,,,,,,,,,,,,,,,,,,,,,,,,,,,,,,,,,,,,,,,,,,,,,
2021,AVI,5,,bluti,,,91,113,,,119,127,7,,127,,,141,141,0,4,3.8,0.95,13:45,0,147,6,0,09:46,8,153,6,5,17:59,8,163,6,0,1 egg broken 131,,,,,,,,,,,
2021,AVI,6,,bluti,,,91,111,,,115,?,7,,123,,,136,137,0,7,10.27,1.467142857,14:08,0,143,5,0,09:34,13,149,5,1,09:33,9,159,5,0,,,,,,,,,,,,
2021,AVI,7,,,,,,,,,,,,,,,,,,,,,,,,,,,,,,,,,,,,,,,,,,,,,,,,
2021,AVI,8,,bluti,,,95,105,,,119,138,7,,141,,,153,153,0,2,1.43,0.715,17:26,1,159,5,0,17:43,6,,0,,,,,0,1,165: dead,,,,,,,,,,,
2021,AVN,1,,,,,95,115,,,125,,,,,,,,,,,,,,,,,,,,,,,,,,,,,,,,,,,,,,,
2021,AVN,2,,bluti,,,91,109,,,119,128,8,,131,,,145,145,0,7,9.1,1.3,09:55,1,151,7,0,15:33,8,157,6,1,15:27,5,165,6,0,,,,,,,,,,,,
2021,AVN,3,,bluti,,,93,111,,,119,129,10,,129,,,145,145,0,7,9.7,1.385714286,09:48,1,151,7,0,15:50,11,157,6,0,15:12,6,165,6,2,145: 1 chick dead,,,,,,,,,,,
2021,AVN,4,,bluti,,,103,113,,,121,136,9,,135,,,149,149,0,5,4.97,0.994,10:20,1,155,8,0,09:34,9,161,8,1,11:07,9,169,8,1,,,,,,,,,,,,
2021,AVN,5,,bluti,,,95,113,,,138,141,2,,151,,,162,163,0,1,1.7,1.7,12:38,1,169,1,1,16:58,4,,0,,,,,0,1,DEAD 173,,,,,,,,,,,
2021,AVN,6,,bluti,,,93,117,,,127,133,7,,133,,,147,147,0,4,6,1.5,10:36,0,153,4,2,16:09,5,159,4,0,16:30,6,167,4,0,,,,,,,,,,,,
2021,AVN,7,,bluti,,,95,121,,,127,136,10,,137,,,,,,,,,,,,,,,,,,,,,,,,cold 147 153,,,,,,,,,,,
2021,AVN,8,,,,,93,115,,,124,,,,,,,,,,,,,,,,,,,,,,,,,,,,,,,,,,,,,,,
2021,AVN,8,,bluti,,,141,141,,,143,148,6,,149,,,161,161,0,1,0.86,0.86,10:46,0,167,6,0,13:58,7,173,6,5,12:12,5,,6,,"0 uhe in cup at v1, didnÕt dig up old nest eggs",,,,,,,,,,,
2021,CAR,1,,bluti,,,109,115,,,133,138,6,,139,,,153,153,0,5,6.05,1.21,15:19,1,159,5,0,15:10,6,165,5,1,17:56,8,173,2,1,,,,,,,,,,,,
2021,CAR,2,,bluti,,,109,111,,,117,125,7,,129,,,142,143,0,3,5.09,1.696666667,10:55,3,149,2,0,11:09,4,155,2,2,10:30,3,163,1,3,1 DEAD CHICK AT V1,,,,,,,,,,,
2021,CAR,3,,bluti,,,91,97,,,112,120,7,,123,,,137,137,0,6,6.21,1.035,12:24,1,143,4,0,10:48,5,149,4,2,11:29,6,,0,1,"1 DEAD CHICK AT V1, ALL DEAD AT 157",,,,,,,,,,,
2021,CAR,4,,,,,,,,,,,,,,,,,,,,,,,,,,,,,,,,,,,,,,,,,,,,,,,,
2021,CAR,5,,bluti,,,97,113,,,119,134,7,,135,,,147,147,0,3,3.16,1.053333333,11:04,0,153,5,0,14:57,6,159,5,2,15:14,6,169,5,0,2 DEAD CHICKS AT V1,,,,,,,,,,,
2021,CAR,6,,,,,,,,,,,,,,,,,,,,,,,,,,,,,,,,,,,,,,,,,,,,,,,,
2021,SLS,1,,bluti,,,145,149,,,148,154,7,,153,,,167,167,0,1,1.01,1.01,18:59,0,173,7,0,14:59,11,179,7,2,07:40,9,,2,,,,,,,,,,,,,
2021,SLS,2,,bluti,,,103,115,,,130,138,9,,139,,,,,,,,,,,,,,,,,,,,,,0,,"diggers by box 149 and eggs cold - was recorded as -999, but changed to 0 on 11/2/25",,,,,,,,,,,
2021,SLS,3,,bluti,,,105,113,,,133,141,9,,147,,,158,159,0,9,14.6,1.622222222,14:35,0,165,9,0,17:00,11,171,9,3,10,7,,9,,,,,,,,,,,,,
2021,SLS,4,,,,,,,,,,,,,,,,,,,,,,,,,,,,,,,,,,,,,,,,,,,,,,,,
2021,SLS,5,,bluti,,,131,133,,,134,149,10,,149,,,163,163,0,7,9.12,1.302857143,18:37,3,169,4,0,11:58,6,175,4,2,09:20,5,,4,,,,,,,,,,,,,
2021,SLS,6,,bluti,,,115,121,,,133,140,6,,149,,,158,159,0,3,5.15,1.716666667,14:27,1,165,3,0,17:17,4,171,0,,,,,0,1,171 - all chicks dead,,,,,,,,,,,
2021,SLS,7,,,,,,,,,,,,,,,,,,,,,,,,,,,,,,,,,,,,,,,,,,,,,,,,
2021,SLS,8,,bluti,,,163,163,,,158,167,8,,163,,,175,175,0,2,1.98,0.99,09:27,1,179,0,,,,,,,,,,0,,175 - 7 chicks dead,,,,,,,,,,,
2021,TOM,1,,,,,117,,,,,,,,,,,,,,,,,,,,,,,,,,,,,,,,,,,,,,,,,,,
2021,TOM,2,,,,,,,,,,,,,,,,,,,,,,,,,,,,,,,,,,,,,,,,,,,,,,,,
2021,TOM,3,,,,,121,,,,,,,,,,,,,,,,,,,,,,,,,,,,,,,,,,,,,,,,,,,
2021,TOM,4,,,,,121,,,,,,,,,,,,,,,,,,,,,,,,,,,,,,,,,,,,,,,,,,,
2021,TOM,5,,,,,,,,,,,,,,,,,,,,,,,,,,,,,,,,,,,,,,,,,,,,,,,,
2021,TOM,6,,,,,,,,,,,,,,,,,,,,,,,,,,,,,,,,,,,,,,,,,,,,,,,,
2021,TOM,7,,,,,,,,,,,,,,,,,,,,,,,,,,,,,,,,,,,,,,,,,,,,,,,,
2021,TOM,8,,bluti,,,123,129,,,130,134,5,,135,,,149,149,0,5,6.22,1.244,12:50,0,155,5,0,04:01,5,161,5,3,18:52,6,169,5,0,,,,,,,,,,,,
2021,DAV,1,,bluti,,,91,111,,,121,126,5,,129,,,142,143,0,5,7.96,1.592,12:55,0,149,5,0,13:41,6,155,4,4,15:11,6,161,4,0,,,,,,,,,,,,
2021,DAV,2,,,,,,,,,,,,,,,,,,,,,,,,,,,,,,,,,,,,,,,,,,,,,,,,
2021,DAV,3,,bluti,,,105,117,,,123,129,7,,129,,,142,143,0,4,5.51,1.3775,13:05,0,149,4,3,13:43,7,155,4,2,14:58,10,163,4,0,,,,,,,,,,,,
2021,DAV,4,,,,,91,,,,,,,,,,,,,,,,,,,,,,,,,,,,,,,,,,,,,,,,,,,
2021,DAV,5,,bluti,,,113,117,,,127,134,8,,133,,,147,147,0,8,10.68,1.335,12:55,0,153,5,0,09:24,5,,,,,,,-999,0,PREDATED 159,pine marten,,,,,,,,,,
2021,DAV,6,,bluti,,,93,113,,,123,133,9,,133,,,147,147,0,9,8.97,0.996666667,13:00,,,,,,,,,,,,,-999,0,"PREDATED 153, FRONT REMOVED ON FLOOR AND F DEAD INSIDE NESTBOX (FEMALE RING NO. AXH8134, AGE 6)",pine marten,,,,,,,,,,
2021,DAV,7,,bluti,,,93,107,,,114,141,11,,141,,,,,,,,,,,,,,,,,,,,,,-999,0,"2 eggs broken 135. was 8. 151 eggs predated, front off nest box and F dead below nb ring no. S921318",pine marten,,,,,,,,,,
2021,DAV,8,,bluti,,,99,109,,,131,140,8,,139,,,,,,,,,,,,,,,,,,,,,,0,,153 eggs cold,,,,,,,,,,,
2021,ART,1,,bluti,,,93,115,,,118,124,7,,127,,,139,139,0,6,8.57,1.428333333,10:30,1,145,6,1,13:01,11,151,6,0,11:17,11,161,6,0,,,,,,,,,,,,
2021,ART,2,,bluti,,,93,111,,,113,125?,12,,125,,,141,141,0,9,9.77,1.085555556,11:30,3,147,9,0,13:57,13,153,9,3,10:48,9,161,9,3,NOT FLEDGE CHECKED ON 159,,,,,,,,,,,
2021,ART,3,,bluti,,,105,113,,,118,126,8,,127,,,140,141,0,8,14.2,1.775,11:27,0,147,8,2,14:15,10,153,0,,,,,0,0,,,,,,,,,,,,
2021,ART,4,,bluti,,,91,105,,,117,126,10,,129,,,145,145,0,8,8.23,1.02875,13:09,1,151,5,0,11:50,8,157,5,3,09:23,4,165,5,0,141 - 1 broke,,,,,,,,,,,
2021,ART,5,,bluti,,,113,119,,,125,134,10,,133,,,147,147,0,4,3.82,0.955,14:05,2,153,4,0,11:27,5,159,4,1,09:00,6,167,4,1,1 chick unringed at v1,,,,,,,,,,,
2021,ART,6,,bluti,,,91,111,,,115,127,13,,135,,,147,147,0,9,8.97,0.996666667,13:55,2,153,9,0,10:25,8,159,9,3,08:30,14,167,9,4,,,,,,,,,,,,
2021,ART,7,,bluti,,,111,115,,,121,134,6,,135,,,,,,,,,,,,,,,,,,,,,,,,"133 - 1 broke, was 6, 147- cold, 149- cold 153 cold",,,,,,,,,,,
2021,ART,8,,bluti,,,91,107,,,112,121,9,,131,,,142,143,0,9,14.79,1.643333333,13:44,0,149,9,0,14:48,9,155,9,7,12:06,15,163,9,0,,,,,,,,,,,,
2021,MUN,1,,bluti,,,91,107,,,124,129?,6,,129,,,145,145,0,3,3.6,1.2,13:58,1,151,5,0,12:40,6,157,5,1,10:30,9,165,5,,,,,,,,,,,,,
2021,MUN,2,,bluti,,,91,113,,,126,131,5,,133,,,148,149,0,5,8.65,1.73,16:10,0,155,5,0,14:09,5,161,5,1,17:20,6,169,5,0,"129- 1 broke, was 4",,,,,,,,,,,
2021,MUN,3,,bluti,,,91,111,,,122,130,8,,129,,,147,147,0,7,8.85,1.264285714,15:00,0,153,8,0,12:20,13,159,8,3,10:20,8,,-999,0,FRONT OFF 167,pine marten,,,,,,,,,,
2021,MUN,4,,,,,,,,,,,,,,,,,,,,,,,,,,,,,,,,,,,,,,,,,,,,,,,,
2021,MUN,5,,bluti,,,91,123,,,131,138,8,,143,,,153,153,0,1,0.82,0.82,12:24,1,159,4,0,10:58,5,165,4,4,15:06,5,173,4,0,,,,,,,,,,,,
2021,MUN,6,,bluti,,,93,117,,,127,132,6,,133,,,148,149,0,6,10.45,1.741666667,16:20,0,155,6,0,13:45,9,161,6,6,16:09,9,167,6,0,,,,,,,,,,,,
2021,MUN,7,,bluti,,,103,115,,,125,128,3,,131,,,149,149,1,1,1.42,1.42,16:11,1,155,1,0,13:51,3,161,1,1,17:00,13,167,1,1,v2 long because also using chick to try mist netting female,,,,,,,,,,,
2021,MUN,8,,bluti,,,113,,,,134,140,6,,143,,,158,159,0,6,8.98,1.496666667,10:05,0,165,6,0,14:28,7,171,6,0,12:43,5,,4,,,,,,,,,,,,,
2021,FOU,1,,coati,sporadic ,,,,,,,,,,,,,,,,,,,,,,,,,,,,,,,,,,,,,,,,,,,,,
2021,FOU,2,,,sporadic ,,,,,,,,,,,,,,,,,,,,,,,,,,,,,,,,,,,,,,,,,,,,,
2021,FOU,3,,,sporadic ,,,,,,,,,,,,,,,,,,,,,,,,,,,,,,,,,,,,,,,,,,,,,
2021,FOU,4,,bluti,sporadic ,,,,,,,,,,,,,,,,,,,,0,154,11,,09:05,,,,,,,,11,0,,,,,,,,,,,,
2021,FOU,5,,bluti,sporadic ,,,,,,,,,,,,,,,,,,,,2,154,6,,09:13,,,,,,,,-999,,front off,,,,,,,,,,,
2021,FOU,6,,bluti,sporadic ,,,,,,,,,,,,,,,,,,,,3,154,2,,09:15,,,,,,,,2,,,,,,,,,,,,,
2021,FOU,7,,,sporadic ,,,,,,,,,,,,,,,,,,,,,,,,,,,,,,,,,,,,,,,,,,,,,
2021,FOU,8,,bluti,sporadic ,,,,,,,,,,,,,,,,,,,,0,154,6,,09:07,,,,,,,,6,,,,,,,,,,,,,
2021,ALN,1,,bluti,sporadic ,,,,,,,,,,,,,,,,,,,,0,154,6,,09:54,,,,,,,,6,0,,,,,,,,,,,,
2021,ALN,2,,bluti,sporadic ,,,,,,,,,,,,,,,,,,,,0,154,4,,10:02,,,,,,,,4,0,,,,,,,,,,,,
2021,ALN,3,,bluti,sporadic ,,,,,,,,,,,,,,154,,6,12.78,2.13,10:12,,164,6,,10:10,,,,,,,,5,,,,,,,,,,,,,
2021,ALN,4,,bluti,sporadic ,,,,,,,,,,,,,,,,,,,,4,154,7,,09:55,,,,,,,,0,0,,,,,,,,,,,,
2021,ALN,5,,bluti,sporadic ,,,,,,,,,,,,,,,,,,,,1,154,5,,10:02,,,,,,,,5,,,,,,,,,,,,,
2021,ALN,6,,,sporadic ,,,,,,,,,,,,,,,,,,,,,,,,,,,,,,,,,,,,,,,,,,,,,
2021,ALN,7,,bluti,sporadic ,,,,,,,,,,,,,,,,,,,,,164,7,,10:45,,,,,,,,5,,,,,,,,,,,,,
2021,ALN,8,,bluti,sporadic ,,,,,,,,,,,,,,,,,,,,2,154,5,,10:09,,,,,,,,5,1,,,,,,,,,,,,
2021,DEL,1,,bluti,sporadic ,,,,,,,,,,,,,,,,,,,,0,154,7,,10:48,,,,,,,,6,0,,,,,,,,,,,,
2021,DEL,2,,bluti,sporadic ,,,,,,,,,,,,,,,,,,,,1,154,2,,10:39,,,,,,,,1,0,,,,,,,,,,,,
2021,DEL,3,,bluti,sporadic ,,,,,,,,,,,,,,,,,,,,0,154,7,,10:49,,,,,,,,6,0,,,,,,,,,,,,
2021,DEL,4,,bluti,sporadic ,,,,,,,,,,,,,,,,,,,,0,154,7,,11:32,,,,,,,,7,0,,,,,,,,,,,,
2021,DEL,5,,bluti,sporadic ,,,,,,,,,,,,,,,,,,,,0,154,5,,11:33,,,,,,,,5,0,,,,,,,,,,,,
2021,DEL,6,,bluti,sporadic ,,,,,,,,,,,,,,,,,,,,0,154,8,,11:05,,,,,,,,1,,unringed chick found dead at fledge check,,,,,,,,,,,
2021,DEL,7,,,sporadic ,,,,,,,,,,,,,,,,,,,,,,,,,,,,,,,,,,,,,,,,,,,,,
2021,DEL,8,,bluti,sporadic ,,,,,,,,,,,,,,154,,7,17.61,2.515714286,11:00,,,,,,,,,,,,,,,,,,,,,,,,,,
2021,TAI,1,,bluti,sporadic ,,,,,,,,,,,,,,,,,,,,3,154,5,,12:39,,,,,,,,5,3,,,,,,,,,,,,
2021,TAI,2,,bluti,sporadic ,,,,,,,,,,,,,,,,,,,,0,154,3,,12:21,,,,,,,,2,0,,,,,,,,,,,,
2021,TAI,3,,,sporadic ,,,,,,,,,,,,,,,,,,,,,,,,,,,,,,,,,,,,,,,,,,,,,
2021,TAI,4,,bluti,sporadic ,,,,,,,,,,,,,,,,,,,,0,154,7,,12:11,,,,,,,,6,0,,,,,,,,,,,,
2021,TAI,5,,bluti,sporadic ,,,,,,,,,,,,,,,,,,,,0,154,10,,12:30,,,,,,,,7,,,,,,,,,,,,,
2021,TAI,6,,,sporadic ,,,,,,,,,,,,,,,,,,,,,,,,,,,,,,,,,,,,,,,,,,,,,
2021,DOR,1,,bluti,sporadic ,,,,,,,,,,,,,,154,,5,8.2,1.64,13:01,,164,5,,13:30,,,,,,,,4,,,,,,,,,,,,,
2021,DOR,2,,bluti,sporadic ,,,,,,,,,,,,,,154,,3,3.06,1.02,13:03,,164,5,,14:10,,,,,,,,1,,,,,,,,,,,,,
2021,DOR,3,,bluti,sporadic ,,,,,,,,,,,,,,,,,,,,0,154,7,,13:22,,,,,,,,4,0,,,,,,,,,,,,
2021,DOR,4,,,sporadic ,,,,,,,,,,,,,,,,,,,,,,,,,,,,,,,,,,,,,,,,,,,,,
2021,DOR,5,,,sporadic ,,,,,,,,,,,,,,,,,,,,,,,,,,,,,,,,,,,,,,,,,,,,,
2021,DOR,6,,bluti,sporadic ,,,,,,,,,,,,,,,,,,,,0,154,6,,13:04,,,,,,,,2,,,,,,,,,,,,,
2022,EDI,1,,bluti,,,97,103,,,111,121,5,,121,,,135,135,0,5,6.52,1.304,13:33,0,141,5,0,12:50,5,147,5,0,06:47,4,155,5,0,,,,,,,,,,,,
2022,EDI,2,,bluti,,,93,103,,,119,125,7,,125,,,141,141,0,6,8.09,1.348,13:00,0,147,6,1,06:41,5,153,6,0,16:35,5,161,6,0,,,,,,,,,,,,
2022,EDI,3,,bluti,,,91,93,,,111,119,8,,121,,,133,133,1,4,3.78,0.945,13:35,0,139,8,0,09:36,16,145,8,2,14:13,5,155,8,0,,,,,,,,,,,,
2022,EDI,4,,bluti,,,101,107,,,117,126,7,,127,,,140,141,0,7,11.21,1.601,12:55,0,147,7,0,06:34,5,153,7,0,16:43,5,159,5,0,,,,,,,,,,,,
2022,EDI,5,,bluti,,,101,109,,,117,123,6,,123,,,137,137,0,5,5.6,1.12,17:58,0,143,6,0,16:03,6,149,6,2,08:44,5,157,6,0, ,,,,,,,,,,,
2022,EDI,6,,bluti,,,91,107,,,118,124,6,,127,,,139,139,0,5,6.3,1.26,14:58,0,145,6,0,14:15,6,151,6,0,16:06,7,159,6,,,,,,,,,,,,,
2022,EDI,7,,bluti,,,95,107,,,114,121,7,,121,,,139,139,0,4,4.39,1.098,14:54,0,145,7,2,14:05,8,151,7,1,15:58,5,159,7,0,,,,,,,,,,,,
2022,EDI,8,,bluti,,,103,109,,,112,121,9,,127,,,139,139,1,5,4.54,0.908,14:51,0,145,9,0,13:54,9,151,9,0,15:40,12,159,8,0,,,,,,,,,,,,
2022,RSY,1,,bluti,,,92,104,,,114,121,6,,126,,,138,138,0,3,3.7,1.233,08:20,3,144,3,1,06:57,3,150,3,0,07:21,3,156,1,1,,,,,,,,,,,,
2022,RSY,2,,bluti,,,122,130,,,131,138,8,,138,,,152,152,0,5,7.07,1.414,07:45,2,158,5,0,09:02,4,164,4,1,07:54,9,,4,1,,,,,,,,,,,,
2022,RSY,3,,bluti,,,104,118,,,118,125,8,,130,,,142,142,0,6,6.4,1.067,08:16,1,148,3,0,07:11,3,154,3,0,06:20,3,162,3,0,3 dead chicks at V1,,,,,,,,,,,
2022,RSY,4,,,,,,,,,,,,,,,,,,,,,,,,,,,,,,,,,,,,,,,,,,,,,,,,
2022,RSY,5,,bluti,,,96,110,,,119,126,8,,126,,,139,140,0,7,10.69,1.527,10:52,1,146,7,0,07:20,9,152,6,0,07:49,7,,-999,,Door off front of box on day 156,,,,,,,,,,,
2022,RSY,6,,,,,,,,,,,,,,,,,,,,,,,,,,,,,,,,,,,,,,,,,,,,,,,,
2022,RSY,7,,bluti,,,122,128,,,127,136,9,,136,,,148,148,0,7,9.71,1.387,07:25,0,154,7,0,07:25,7,160,7,0,07:35,5,170,3,0,,,,,,,,,,,,
2022,RSY,8,,bluti,,,100,110,,,115,122,8,,122,,,134,134,0,4,3.98,0.995,09:19,0,140,7,0,10:43,10,146,7,0,07:16,14,154,7,,,,,,,,,,,,,
2022,FOF,1,,bluti,,,92,110,,,127,134,8,,134,,,148,148,0,6,7.45,1.242,07:48,1,154,7,0,07:56,6,160,6,1,08:27,6,170,5,0,,,,,,,,,,,,
2022,FOF,2,,bluti,,,102,108,,,114,124,10,,126,,,138,138,0,8,10.57,1.321,08:49,0,144,10,0,07:30,6,150,10,3,08:08,12,158,6,0,,,,,,,,,,,,
2022,FOF,3,,bluti,,,94,106,,,116,124,9,,124,,,136,136,1,6,5.54,0.923,09:10,0,142,9,2,08:43,20,148,0,,,,,0,,,,,,,,,,,,,
2022,FOF,4,,,,,102,108,,,,,,,,,,,,,,,,,,,,,,,,,,,,,,,,,,,,,,,,,,
2022,FOF,5,,bluti,,,108,114,,,126,133,8,,134,,,146,146,0,6,7.1,1.183,07:58,0,152,8,0,08:25,5,158,8,1,09:37,7,166,6,,,,,,,,,,,,,
2022,FOF,6,,bluti,,,114,120,,,124,135,12,,138,,,150,150,0,10,12.61,1.261,08:09,0,156,10,1,08:36,10,162,5,0,09:12,5,,2,0,,,,,,,,,,,,
2022,FOF,7,,bluti,,,92,110,,,119,125,7,,126,,,138,138,0,5,4.94,0.988,08:58,0,144,7,0,07:41,5,150,7,0,08:19,5,158,7,0,,,,,,,,,,,,
2022,FOF,8,,bluti,,,106,108,,,119,126,7,,130,,,,,,,,,,,,,,,,,,,,,,0,,Desertion assumed to be due to cub scout fire within 2m of nestbox. Changed from -999 to 0 on 25/3/25,,,,,,,,,,,
2022,BAD,1,,bluti,,,93,101,,,116,122,7,,127,,,140,141,0,7,12.4,1.771,12:06,0,147,7,0,16:49,7,153,7,0,15:52,5,159,2,0,DEAD UNRINGED ADULT FOUND IN BOX AT FC,,,,,,,,,,,
2022,BAD,2,,bluti,,,115,,,,124,133,10,,135,,,147,147,0,4,3.85,0.963,16:59,0,153,10,0,15:45,12,159,6,0,14:58,8,,0,0,,,,,,,,,,,,
2022,BAD,3,,bluti,,,91,109,,,124,131,8,,131,,,144,145,0,6,9.1,1.517,13:08,0,151,7,2,14:44,8,157,5,1,11:42,5,165,4,1,,,,,,,,,,,,
2022,BAD,4,,bluti,,,99,109,,,122,129,8,,129,,,144,145,0,5,7.27,1.454,13:11,3,151,5,0,14:37,5,157,5,0,11:35,6,163,5,2,,,,,,,,,,,,
2022,BAD,5,,bluti,,,97,107,,,118,125,7,,123,,,139,139,0,6,6.7,1.117,14:10,1,145,6,0,13:16,6,151,6,2,14:27,5,159,6,1,,,,,,,,,,,,
2022,BAD,6,,bluti,,,107,109,,,120,127,7,,125,,,139,139,0,3,3.33,1.11,14:04,1,145,6,0,13:12,5,151,6,2,14:18,5,159,6,1,,,,,,,,,,,,
2022,LVN,1,,,,,92,108,,,,,,,,,,,,,,,,,,,,,,,,,,,,,,,,,,,,,,,,,,
2022,LVN,2,,bluti,,,92,96,,,122,129,8,,130,,,142,142,0,6,6.72,1.12,09:50,0,148,8,1,08:55,7,154,8,0,08:45,6,162,8,0,,,,,,,,,,,,
2022,LVN,3,,bluti,,,92,92,,,116,124,8,,126,,,138,138,,5,4.85,0.97,09:40,2,144,6,0,08:19,5,150,6,1,08:56,6,158,6,0,,,,,,,,,,,,
2022,LVN,4,,,,,114,130,,,,,,,,,,,,,,,,,,,,,,,,,,,,,,,,,,,,,,,,,,
2022,LVN,5,,bluti,,,92,108,,,126,127,2,,128,,,143,144,0,2,3.34,1.67,08:27,0,150,2,1,09:05,3,156,2,0,09:59,5,160,-999,3,"Assumed to be a relay on day 126, after FED previously on 118. 17/3/25 uhe reduced from 2 to 0 as first uhe assumed to belong to first attempt",,1,,,,,1,,,,
2022,LVN,6,,bluti,,,94,96,,,116,122,6,,126,,,138,138,0,4,3.98,0.995,09:35,1,144,5,0,08:30,4,150,5,2,08:59,8,158,5,1,,,,,,,,,,,,
2022,LVN,7,,bluti,,,118,122,,,126,133,7,,132,,,145,146,0,5,7.32,1.464,08:55,1,152,6,0,09:00,5,158,6,2,10:17,5,166,6,,,,,,,,,,,,,
2022,LVN,8,,bluti,,,92,92,,,111,117,7,,120,,,131,132,0,7,10.27,1.467,09:13,0,138,7,0,11:38,15,144,7,2,08:15,10,152,7,,,,,,,,,,,,,
2022,DOW,1,,bluti,,,97,107,,,116,121,6,,125,,,137,137,0,6,7.39,1.232,16:30,0,143,6,0,14:26,8,149,6,2,11:52,5,152,6,0,,,,,,,,,,,,
2022,DOW,2,,,,,,,,,,,,,,,,,,,,,,,,,,,,,,,,,,,,,,,,,,,,,,,,
2022,DOW,3,,,,,,,,,,,,,,,,,,,,,,,,,,,,,,,,,,,,,,,,,,,,,,,,
2022,DOW,4,,bluti,,,91,101,,,113,131,8,,133,,,145,145,0,3,3.21,1.07,12:36,3,151,4,0,13:58,4,157,4,1,10:54,4,163,4,2,,,,,,,,,,,,
2022,DOW,5,,bluti,,,91,109,,,122,129,8,,127,,,143,143,0,6,7.95,1.325,14:27,1,149,7,3,12:00,5,155,7,3,15:45,9,163,7,0,,,,,,,,,,,,
2022,DOW,6,,bluti,,,91,105,,,117,127,8,,125,,,139,139,0,6,7.34,1.223,13:22,2,145,6,0,12:37,5,151,6,4,13:42,8,159,6,2,,,,,,,,,,,,
2022,DOW,7,,bluti,,,91,105,,,121,128,7,,129,,,140,141,0,2,2.96,1.48,11:45,1,147,3,0,07:57,3,153,3,0,14:45,3,159,3,0,,,,,,,,,,,,
2022,DOW,8,,bluti,,,91,107,,,115,125,10,,125,,,139,139,0,9,10.62,1.18,13:30,0,145,10,0,12:40,7,151,10,2,13:27,7,159,10,0,,,,,,,,,,,,
2022,GLF,1,,bluti,,,105,,,,123,,5,,149,,,163,163,0,2,2.42,1.21,11:46,3,169,0,,,,,,,,,,0,,149 - 1 microegg,,,,,,,,,,,
2022,GLF,2,,,,,,,,,,,,,,,,,,,,,,,,,,,,,,,,,,,,,,,,,,,,,,,,
2022,GLF,3,,bluti,,,91,109,,,123,129,7,,129,,,141,141,0,3,3.04,1.013,11:08,0,147,6,0,08:37,6,153,6,0,13:17,11,163,5,0,,,,,,,,,,,,
2022,GLF,4,,,,,,,,,,,,,,,,,,,,,,,,,,,,,,,,,,,,,,,,,,,,,,,,
2022,GLF,5,,bluti,,,101,107,,,115,127,9,,127,,,141,141,0,4,4.28,1.07,11:00,4,147,5,1,09:05,6,153,5,0,13:50,5,161,5,2,,,,,,,,,,,,
2022,GLF,6,,bluti,,,91,105,,,116,126,8,,123,,,140,141,0,8,14.08,1.76,10:55,0,147,8,0,09:17,6,153,8,7,13:25,7,159,8,0,,,,,,,,,,,,
2022,GLF,7,,bluti,,,91,107,,,114,121,8,,121,,,135,135,0,3,2.8,0.933,07:55,0,141,8,0,10:54,7,147,7,2,08:45,6,157,7,0,,,,,,,,,,,,
2022,GLF,8,,bluti,,,105,109,,,116,128,12,,127,,,141,141,0,6,5.07,0.845,11:05,1,147,9,0,08:55,6,153,7,0,13:46,5,,0,,,,,,,,,,,,,
2022,SER,1,,bluti,,,91,91,,,108,120,12,,125,,,137,137,0,9,9.48,1.053,15:05,2,143,9,0,12:44,11,149,9,6,13:32,12,155,9,2,,,,,,,,,,,,
2022,SER,2,,bluti,,,101,105,,,114,125,11,,127,,,140,141,0,8,13.94,1.743,10:15,2,147,8,1,15:41,10,153,8,0,12:45,5,157,8,1,,,,,,,,,,,,
2022,SER,3,,bluti,,,91,103,,,110,118,8,,119,,,133,133,0,6,8.03,1.338,11:11,1,139,7,0,08:35,11,145,7,2,10:54,8,153,7,1,,,,,,,,,,,,
2022,SER,4,,bluti,,,103,109,,,112,118,7,,119,,,132,133,0,7,10.51,1.501,11:15,0,139,7,1,08:20,10,145,7,6,11:08,5,153,7,0,,,,,,,,,,,,
2022,SER,5,,bluti,,,97,105,,,113,122,10,,125,,,135,135,0,4,3.32,0.83,09:07,0,141,10,0,10:15,10,147,10,3,15:19,11,155,10,0,,,,,,,,,,,,
2022,SER,6,,bluti,,,129,131,,,131,138,6,,135,,,151,151,0,3,4.13,1.377,11:53,3,157,3,0,09:35,3,163,3,0,11:12,6,,3,2,,,,,,,,,,,,
2022,SER,7,,bluti,,,91,109,,,110,119,9,,119,,,133,133,0,8,10.86,1.358,10:55,0,139,9,0,06:59,24,145,9,2,10:37,7,153,9,0,,,,,,,,,,,,
2022,SER,8,,bluti,,,91,109,,,113,121,9,,125,,,137,137,0,5,5.45,1.09,15:00,4,143,5,0,13:02,5,149,5,2,13:22,8,155,4,3,,,,,,,,,,,,
2022,MCH,1,,bluti,,,96,108,,,113,118,5,,122,,,132,132,0,1,0.72,0.72,10:00,0,138,4,0,10:47,8,144,4,1,09:30,4,154,4,,,,,,,,,,,,,
2022,MCH,2,,,,,,,,,,,,,,,,,,,,,,,,,,,,,,,,,,,,,,,,,,,,,,,,
2022,MCH,3,,bluti,,,92,94,,,,,,,,,,,,,,,,,,,,,,,,,,,,,,,,,,,,,,,,,,
2022,MCH,4,,bluti,,,92,100,,,110,118,9,,124,,,,,,,,,,,,,,,,,,,,,,0,,deserted,,,,,,,,,,,
2022,MCH,5,,bluti,,,100,112,,,120,127,3,,130,,,144,144,0,1,0.75,0.75,09:20,2,150,1,0,09:48,1,156,0,,,,,0,2,,,,,,,,,,,,
2022,MCH,6,,bluti,,,92,92,,,111,121,11,,120,,,135,136,0,9,13.38,1.487,10:35,1,142,10,0,10:50,20,148,10,1,10:33,8,154,9,,,,,,,,,,,,,
2022,PTH,1,,bluti,,,94,100,,,109,119,11,,120,,,133,134,0,11,17.04,1.549,12:20,0,140,11,0,13:50,16,146,10,2,10:38,12,,0,,,,,,,,,,,,,
2022,PTH,2,,bluti,,,96,108,,,111,120,10,,126,,,138,138,0,3,3.29,1.097,13:04,6,144,3,0,10:44,3,150,3,1,10:50,4,158,3,5,one dead chick at hatching,,,,,,,,,,,
2022,PTH,3,,,,,104,130,,,,,,,,,,,,,,,,,,,,,,,,,,,,,,,,,,,,,,,,,,
2022,PTH,4,,bluti,,,104,110,,,111,120,10,,122,,,134,134,0,8,8.2,1.025,12:11,0,140,9,0,13:53,8,146,9,3,10:29,16,152,9,0,,,,,,,,,,,,
2022,PTH,5,,bluti,,,94,106,,,112,122,9,,122,,,135,136,0,5,7.66,1.532,11:20,2,142,7,0,12:45,15,148,7,0,09:53,9,156,7,0,,,,,,,,,,,,
2022,PTH,6,,bluti,,,96,112,,,122,135,9,,134,,,146,146,0,1,1.12,1.12,10:21,1,152,8,0,10:15,5,158,4,1,10:45,6,160,0,4,,,,,,,,,,,,
2022,PTH,7,,,,,,,,,,,,,,,,,,,,,,,,,,,,,,,,,,,,,,,,,,,,,,,,
2022,PTH,8,,,,,94,,,,,,,,,,,,,,,,,,,,,,,,,,,,,,,,,,,,,,,,,,,
2022,STY,1,,bluti,,,107,109,,,117,125,9,,125,,,138,139,0,7,10.99,1.57,10:52,1,145,7,0,09:35,7,151,7,6,10:40,8,159,7,1,,,,,,,,,,,,
2022,STY,2,,bluti,,,105,123,,,123,129,7,,131,,,143,143,0,6,6.36,1.06,10:27,0,149,7,1,11:23,8,155,7,2,11:34,9,163,7,0,,,,,,,,,,,,
2022,STY,3,,bluti,,,91,107,,,118,126,9,,129,,,140,141,0,9,13.44,1.493,09:40,0,147,9,1,13:17,11,153,5,0,09:25,4,,0,,,,,,,,,,,,,
2022,STY,4,,bluti,,,91,103,,,113,129,8,,129,,,142,143,0,5,7.32,1.464,10:30,1,149,6,0,11:30,6,155,6,3,11:33,9,163,6,1,1 egg broken 119,,,,,,,,,1,,
2022,STY,5,,bluti,,,97,,,,113,121,9,,,,,,,,,,,,,,,,,,,,,,,,,,UR F BLUTI DEAD ON NEST 121,,,,,,,,,,,
2022,STY,6,,bluti,,,91,109,,,114,124,11,,129,,,139,139,0,9,9.08,1.009,10:57,0,145,9,0,09:46,6,,,,,,,0,,,,,,,,,,,,,
2022,STY,7,,,,,101,,,,,,,,,,,,,,,,,,,,,,,,,,,,,,,,,,,,,,,,,,,
2022,STY,8,,bluti,,,101,107,,,114,122,8,,127,,,139,139,0,3,3.16,1.053,10:50,2,145,3,0,09:37,3,151,3,2,10:34,2,159,3,2,2 dead still in half open eggs at hatching,,,,,,,,,,,
2022,BIR,1,,,,,92,94,,,,,,,,,,,,,,,,,,,,,,,,,,,,,,,,,,,,,,,,,,
2022,BIR,2,,bluti,,,108,114,,,120,127,8,,128,,,140,140,0,6,8.52,1.42,15:19,0,146,8,0,11:48,10,152,8,0,11:00,10,160,8,0,,,,,,,,,,,,
2022,BIR,3,,bluti,,,108,120,,,134,139,6,,138,,,,,,,,,,,,,,,,,,,,,,0,,deserted,,,,,,,,,,,
2022,BIR,4,,coati,,,112,112,,,120,,,,,,,,,,,,,,,,,,,,,,,,,,,,,,,,,,,,,,,
2022,BIR,5,,,,,,,,,,,,,,,,,,,,,,,,,,,,,,,,,,,,,,,,,,,,,,,,
2022,BIR,6,,bluti,,,92,112,,,120,128,8,,128,,,142,142,0,5,6.51,1.302,14:15,1,148,7,0,11:05,6,154,7,1,12:31,9,160,3,0,,,,,,,,,,,,
2022,BIR,7,,bluti,,,102,116,,,124,130,7,,132,,,144,144,0,5,5.86,1.172,11:38,2,150,5,0,12:01,5,156,5,2,12:20,6,164,5,2,,,,,,,,,,,,
2022,BIR,8,,,,,,,,,,,,,,,,,,,,,,,,,,,,,,,,,,,,,,,,,,,,,,,,
2022,DUN,1,,,,,,,,,,,,,,,,,,,,,,,,,,,,,,,,,,,,,,,,,,,,,,,,
2022,DUN,2,,,,,,,,,,,,,,,,,,,,,,,,,,,,,,,,,,,,,,,,,,,,,,,,
2022,DUN,3,,bluti,,,111,113,,,119,129,10,,133,,,145,145,0,7,7.8,1.114,09:11,0,151,10,1,09:41,7,157,10,0,08:25,5,165,10,0,,,,,,,,,,,,
2022,DUN,4,,,,,,,,,,,,,,,,,,,,,,,,,,,,,,,,,,,,,,,,,,,,,,,,
2022,DUN,5,,,,,91,115,,,,,,,,,,,,,,,,,,,,,,,,,,,,,,,,,,,,,,,,,,
2022,DUN,6,,bluti,,,91,111,,,116,125,10,,129,,,139,139,0,6,6.29,1.048,10:19,0,145,9,2,09:00,8,151,9,4,09:42,9,161,9,0,,,,,,,,,,,,
2022,DUN,7,,,,,,,,,,,,,,,,,,,,,,,,,,,,,,,,,,,,,,,,,,,,,,,,
2022,DUN,8,,,,,,,,,,,,,,,,,,,,,,,,,,,,,,,,,,,,,,,,,,,,,,,,
2022,BLG,1,,bluti,,,112,116,,,123,129,7,,128,,,142,142,0,4,4.27,1.068,14:55,0,148,7,0,12:32,6,154,7,0,13:15,7,162,7,0,,,,,,,,,,,,
2022,BLG,2,,bluti,,,92,106,,,118,126,8,,128,,,140,140,0,5,6.94,1.388,16:00,2,146,6,0,12:28,6,152,6,0,12:20,11,160,6,3,,,,,,,,,,,,
2022,BLG,3,,bluti,,,92,110,,,116,122,7,,124,,,138,138,0,7,8.22,1.174,14:14,0,144,7,0,12:30,5,150,7,4,13:21,6,160,7,0,,,,,,,,,,,,
2022,BLG,4,,bluti,,,92,116,,,123,133,9,,130,,,,,,,,,,,,,,,,,,,,,,0,,deserted,,,,,,,,,,,
2022,BLG,5,,bluti,,,100,114,,,118,126,7,,128,,,141,142,0,7,12.3,1.757,14:49,0,148,6,1,12:52,4,154,6,0,13:40,7,160,6,0,,,,,,,,,,,,
2022,BLG,6,,bluti,,,92,106,,,116,123,8,,124,,,138,138,1,3,2.3,0.767,13:58,0,144,7,2,12:27,6,150,7,4,13:13,7,158,7,0,,,,,,,,,,,,
2022,BLG,7,,bluti,,,102,106,,,116,126,11,,126,,,138,138,0,3,2.64,0.88,13:50,2,144,9,0,12:10,7,150,9,0,12:53,6,160,9,2,,,,,,,,,,,,
2022,BLG,8,,,,,,,,,,,,,,,,,,,,,,,,,,,,,,,,,,,,,,,,,,,,,,,,
2022,PIT,1,,bluti,,,109,111,,,117,127,10,,131,,,143,143,0,10,12.75,1.275,08:58,0,149,10,0,08:40,10,155,10,6,09:44,14,163,10,0,,,,,,,,,,,,
2022,PIT,2,,bluti,,,91,109,,,121,127,7,,129,,,143,143,0,3,4.27,1.423,09:02,4,149,3,0,09:00,3,155,3,0,09:44,4,163,3,4,,,,,,,,,,,,
2022,PIT,3,,bluti,,,105,109,,,117,127,11,,127,,,141,141,0,9,12.28,1.364,08:34,2,147,9,1,11:01,9,153,9,0,08:00,11,161,9,2,,,,,,,,,,,,
2022,PIT,4,,bluti,,,91,101,,,117,128,10,,127,,,140,141,0,7,10.45,1.493,08:38,1,147,9,0,11:27,10,153,9,1,08:09,7,163,8,0,,,,,,,,,,,,
2022,PIT,5,,bluti,,,107,113,,,117,127,11,,127,,,140,141,0,10,14.72,1.472,08:40,0,147,10,2,11:40,13,153,7,0,07:57,8,161,6,0,accidental early v1 on 145 ,,,,,,,,,,,
2022,PIT,6,,bluti,,,101,109,,,116,124,9,,125,,,137,137,0,6,6.92,1.153,12:15,1,143,7,0,09:00,10,149,7,5,09:06,11,157,7,1,,,,,,,,,,,,
2022,PIT,7,,,,,,,,,,,,,,,,,,,,,,,,,,,,,,,,,,,,,,,,,,,,,,,,
2022,PIT,8,,bluti,,,93,107,,,115,128,10,,127,,,139,139,0,8,11.26,1.408,09:50,1,145,8,1,08:31,6,151,8,0,08:41,6,159,7,1,,,,,,,,,,,,
2022,KCK,1,,bluti,,,111,117,,,121,129,7,,133,,,145,145,0,7,8.79,1.256,07:40,0,151,7,0,07:19,7,157,7,1,07:08,6,165,7,0,,,,,,,,,,,,
2022,KCK,2,,,,,,,,,,,,,,,,,,,,,,,,,,,,,,,,,,,,,,,,,,,,,,,,
2022,KCK,3,,,,,109,,,,,,,,,,,,,,,,,,,,,,,,,,,,,,,,,,,,,,,,,,,
2022,KCK,4,,,,,,,,,,,,,,,,,,,,,,,,,,,,,,,,,,,,,,,,,,,,,,,,
2022,KCK,5,,bluti,,,105,117,,,121,127,7,,127,,,141,141,0,5,6.48,1.296,07:48,1,147,6,0,10:18,7,153,6,3,06:34,6,161,6,1,,,,,,,,,,,,
2022,KCK,6,,,,,101,131,,,,,,,,,,,,,,,,,,,,,,,,,,,,,,,,,,,,,,,,,,
2022,KCK,7,,,,,,,,,,,,,,,,,,,,,,,,,,,,,,,,,,,,,,,,,,,,,,,,
2022,KCK,8,,bluti,,,107,117,,,122,130,8,,135,,,145,145,0,7,8.11,1.159,07:54,1,151,7,0,07:49,7,157,7,0,07:33,5,167,5,1,,,,,,,,,,,,
2022,KCZ,1,,,,,,,,,,,,,,,,,,,,,,,,,,,,,,,,,,,,,,,,,,,,,,,,
2022,KCZ,2,,,,,,,,,,,,,,,,,,,,,,,,,,,,,,,,,,,,,,,,,,,,,,,,
2022,KCZ,3,,bluti,,,109,,,,119,127,9,,129,,,141,141,0,1,0.8,0.8,07:55,1,147,8,1,09:56,8,153,8,0,06:35,9,163,8,1,1 egg broken 127,,,,,,,,,,,
2022,KCZ,4,,,,,,,,,,,,,,,,,,,,,,,,,,,,,,,,,,,,,,,,,,,,,,,,
2022,KCZ,5,,bluti,,,109,121,,,135,143,9,,145,,,157,157,9,8,9.95,1.244,07:35,0,163,9,1,08:22,10,169,0,,,,,0,0,,,,,,,,,,,,
2022,KCZ,6,,,,,107,115,,,,,,,,,,,,,,,,,,,,,,,,,,,,,,,,,,,,,,,,,,
2022,KCZ,7,,,,,,,,,,,,,,,,,,,,,,,,,,,,,,,,,,,,,,,,,,,,,,,,
2022,KCZ,8,,bluti,,,119,121,,,124,131,8,,129,,,145,145,0,8,10.57,1.321,07:44,0,151,8,0,07:27,8,157,8,0,07:00,7,163,7,0,,,,,,,,,,,,
2022,BLA,1,,bluti,,,92,110,,,119,126,8,,128,,,140,140,0,6,5.86,0.977,16:31,0,146,8,0,13:20,9,152,5,0,13:25,5,162,3,0,,,,,,,,,,,,
2022,BLA,2,,bluti,,,106,112,,,126,135,8,,134,,,146,146,0,1,0.93,0.93,13:32,0,152,7,0,13:32,6,158,7,1,14:19,7,168,7,0,,,,,,,,,,,,
2022,BLA,3,,bluti,,,114,134,,,134,139,6,,138,,,152,152,0,2,2.14,1.07,13:56,0,158,6,0,14:32,7,164,6,2,12:39,7,,6,0,,,,,,,,,,,,
2022,BLA,4,,,,,,,,,,,,,,,,,,,,,,,,,,,,,,,,,,,,,,,,,,,,,,,,
2022,BLA,5,,bluti,,,112,122,,,128,136,8,,134,,,148,148,0,4,5.12,1.28,13:49,0,154,8,0,14:13,8,160,8,0,13:26,9,168,8,0,,,,,,,,,,,,
2022,BLA,6,,,,,,,,,,,,,,,,,,,,,,,,,,,,,,,,,,,,,,,,,,,,,,,,
2022,BLA,7,,,,,114,,,,,,,,,,,,,,,,,,,,,,,,,,,,,,,,,,,,,,,,,,,
2022,BLA,8,,,,,,,,,,,,,,,,,,,,,,,,,,,,,,,,,,,,,,,,,,,,,,,,
2022,CAL,1,,bluti,,,91,107,,,110,119,10,,125,,,135,135,0,6,5.24,0.873,09:08,2,141,7,0,07:07,6,147,7,5,09:03,12,155,6,1,,,,,,,,,,1 ON 123,,
2022,CAL,2,,,,,109,,,,,,,,,,,,,,,,,,,,,,,,,,,,,,,,,,,,,,,,,,,
2022,CAL,3,,,,,,,,,,,,,,,,,,,,,,,,,,,,,,,,,,,,,,,,,,,,,,,,
2022,CAL,4,,,,,,,,,,,,,,,,,,,,,,,,,,,,,,,,,,,,,,,,,,,,,,,,
2022,CAL,5,,,,,,,,,,,,,,,,,,,,,,,,,,,,,,,,,,,,,,,,,,,,,,,,
2022,CAL,6,,,,,117,,,,133,,,,,,,,,,,,,,,,,,,,,,,,,,,,,,,,,,,,,,,
2022,CAL,7,,bluti,,,97,113,,,114,121,8,,125,,,137,137,0,8,9.49,1.186,10:40,0,143,8,0,07:23,10,149,8,0,06:55,10,157,8,0,,,,,,,,,,,,
2022,CAL,8,,bluti,,,123,127,,,129,136,8,,137,,,151,151,0,7,9.6,1.371,06:57,1,157,7,0,06:20,6,163,7,0,07:36,4,,5,1,,,,,,,,,,,,
2022,DNM,1,,bluti,,,92,108,,,125,135,11,,134,,,150,150,0,11,15.54,1.413,15:17,0,156,10,0,14:10,12,162,9,1,14:32,8,170,1,0,,,,,,,,,,,,
2022,DNM,2,,bluti,,,100,106,,,117,124,8,,124,,,139,140,0,8,13.71,1.714,17:10,0,146,8,0,14:20,11,152,8,0,14:20,8,160,8,0,,,,,,,,,,,,
2022,DNM,3,,,,,,,,,,,,,,,,,,,,,,,,,,,,,,,,,,,,,,,,,,,,,,,,
2022,DNM,4,,,,,,,,,,,,,,,,,,,,,,,,,,,,,,,,,,,,,,,,,,,,,,,,
2022,DNM,5,,bluti,,,92,106,,,120,128,9,,134,,,144,144,1,8,9.8,1.225,13:38,1,150,8,0,15:24,6,156,8,1,14:17,7,162,8,1,,,,,,,,,,,,
2022,DNM,6,,bluti,,,94,112,,,119,128,10,,128,,,142,142,0,8,8.25,1.031,16:12,0,148,9,1,14:43,10,154,9,0,15:17,9,162,9,0,,,,,,,,,,,,
2022,DNM,7,,,,,106,,,,,,,,,,,,,,,,,,,,,,,,,,,,,,,,,,,,,,,,,,,
2022,DNM,8,,,,,108,126,,,136,,,,,,,,,,,,,,,,,,,,,,,,,,,,,,,,,,,,,,,
2022,DNC,2,,bluti,,,140,140,,,142,150,8,,148,,,161,162,0,6,10.5,1.75,15:22,0,168,6,0,15:38,8,174,6,5,16:20,5,,6,0,,,,,,,,,,,,
2022,DNC,3,,,,,,,,,,,,,,,,,,,,,,,,,,,,,,,,,,,,,,,,,,,,,,,,
2022,DNC,4,,,,,104,,,,,,,,,,,,,,,,,,,,,,,,,,,,,,,,,,,,,,,,,,,
2022,DNC,5,,bluti,,,92,108,,,112,122,11,,122,,,136,136,0,3,2.59,0.863,15:00,0,142,11,0,16:51,20,148,0,,,,,0,,,,,,,,,,,,,
2022,DNC,6,,,,,,,,,,,,,,,,,,,,,,,,,,,,,,,,,,,,,,,,,,,,,,,,
2022,DNC,7,,,,,,,,,,,,,,,,,,,,,,,,,,,,,,,,,,,,,,,,,,,,,,,,
2022,DNC,8,,,,,,,,,,,,,,,,,,,,,,,,,,,,,,,,,,,,,,,,,,,,,,,,
2022,DNC,9,,bluti,,,116,120,,,121,129,9,,128,,,144,144,0,5,4.61,0.922,13:55,0,150,8,0,16:00,10,156,8,5,14:43,10,166,8,,,,,,,,,,,,,
2022,DNS,1,,bluti,,,94,106,,,121,129,9,,128,,,142,142,0,6,6.51,1.085,17:30,0,148,8,0,16:21,9,154,7,0,16:00,8,160,3,0,,,,,,,,,,,,
2022,DNS,2,,,,,92,,,,,,,,,,,,,,,,,,,,,,,,,,,,,,,,,,,,,,,,,,,
2022,DNS,3,,bluti,,,122,126,,,130,136,7,,134,,,148,148,0,4,4.97,1.243,16:20,0,154,7,0,16:22,8,160,7,2,16:16,6,168,7,0,,,,,,,,,,,,
2022,DNS,4,,,,,,,,,,,,,,,,,,,,,,,,,,,,,,,,,,,,,,,,,,,,,,,,
2022,DLW,1,,,,,93,,,,,,,,,,,,,,,,,,,,,,,,,,,,,,,,,,,,,,,,,,,
2022,DLW,2,,,,,,,,,,,,,,,,,,,,,,,,,,,,,,,,,,,,,,,,,,,,,,,,
2022,DLW,3,,bluti,,,93,107,,,117,125,10,,125,,,138,139,0,9,13.55,1.505555556,08:00,0,145,10,0,07:00,10,151,5,2,07:18,8,159,5,0,,,,,,,,,,,,
2022,DLW,4,,,,,,,,,,,,,,,,,,,,,,,,,,,,,,,,,,,,,,,,,,,,,,,,
2022,DLW,5,,,,,91,,,,,,,,,,,,,,,,,,,,,,,,,,,,,,,,,,,,,,,,,,,
2022,DLW,6,,,,,91,,,,,,,,,,,,,,,,,,,,,,,,,,,,,,,,,,,,,,,,,,,
2022,CRU,1,,,,,,,,,,,,,,,,,,,,,,,,,,,,,,,,,,,,,,,,,,,,,,,,
2022,CRU,2,,,,,,,,,,,,,,,,,,,,,,,,,,,,,,,,,,,,,,,,,,,,,,,,
2022,CRU,3,,,,,,,,,,,,,,,,,,,,,,,,,,,,,,,,,,,,,,,,,,,,,,,,
2022,CRU,4,,bluti,,,115,123,,,127,135,8,,135,,,149,149,0,5,6.14,1.228,08:21,3,155,5,0,07:30,07:35,161,5,2,09:52,7,169,5,2,,,,,,,,,,,,
2022,CRU,5,,,,,151,,,,,,,,,,,,,,,,,,,,,,,,,,,,,,,,,,,,,,,,,,,
2022,CRU,6,,,,,,,,,,,,,,,,,,,,,,,,,,,,,,,,,,,,,,,,,,,,,,,,
2022,CRU,7,,,,,,,,,,,,,,,,,,,,,,,,,,,,,,,,,,,,,,,,,,,,,,,,
2022,CRU,8,,,,,,,,,,,,,,,,,,,,,,,,,,,,,,,,,,,,,,,,,,,,,,,,
2022,NEW,1,,,,,,,,,,,,,,,,,,,,,,,,,,,,,,,,,,,,,,,,,,,,,,,,
2022,NEW,2,,bluti,,,102,106,,,115,122,8,,122,,,136,136,0,6,7.56,1.26,15:24,1,142,7,0,15:24,9,148,7,4,17:04,13,156,7,,,,,,,,,,,,,
2022,NEW,3,,,,,,,,,,,,,,,,,,,,,,,,,,,,,,,,,,,,,,,,,,,,,,,,
2022,NEW,4,,bluti,,,92,98,,,118,128,10,,128,,,142,142,0,9,12.68,1.408888889,15:34,0,148,9,0,17:14,8,154,9,0,18:04,12,160,9,0,,,,,,,,,,,,
2022,NEW,5,,,,,,,,,,,,,,,,,,,,,,,,,,,,,,,,,,,,,,,,,,,,,,,,
2022,NEW,6,,,,,,,,,,,,,,,,,,,,,,,,,,,,,,,,,,,,,,,,,,,,,,,,
2022,NEW,7,,,,,92,,,,,,,,,,,,,,,,,,,,,,,,,,,,,,,,,,,,,,,,,,,
2022,NEW,8,,bluti,,,92,104,,,126,131,6,,130,,,144,144,0,4,3.98,0.995,16:04,0,150,6,0,16:53,6,156,6,1,14:23,6,164,6,0,,,,,,,,,,,,
2022,HWP,1,,bluti,,,129,129,,,129,135,6,,135,,,148,149,0,4,6.36,1.59,08:59,2,155,4,1,08:16,4,161,4,1,11:29,4,167,4,3,LOOKED MAYBE LIKE A NEST BUILT ON TOP OF THE 3 UHE,,,,,,,,,,,
2022,HWP,2,,bluti,,,107,113,,,124,131,8,,131,,,143,143,0,4,3.83,0.9575,08:57,0,149,0,,09:12,,,,,,,,0,0,8N DEAD AT V1 149,,,,,,,,,,,
2022,HWP,3,,bluti,,,99,117,,,121,128,8,,129,,,141,141,0,4,4.17,1.0425,09:38,0,147,8,0,05:57,8,153,8,7,08:36,10,163,8,0,,,,,,,,,,,,
2022,HWP,4,,,,,,,,,,,,,,,,,,,,,,,,,,,,,,,,,,,,,,,,,,,,,,,,
2022,HWP,5,,,,,119,,,,127,,,,,,,,,,,,,,,,,,,,,,,,,,,,,,,,,,,,,,,
2022,HWP,6,,bluti,,,103,109,,,112,122,11,,123,,,135,135,0,2,1.88,0.94,09:53,3,141,8,0,09:33,11,147,7,0,05:52,8,157,7,3,,,,,,,,,,,,
2022,HWP,7,,,,,,,,,,,,,,,,,,,,,,,,,,,,,,,,,,,,,,,,,,,,,,,,
2022,HWP,8,,bluti,,,115,125,,,125,134,10,,135,,,147,147,0,6,7.07,1.178333333,06:15,0,153,7,0,08:45,8,159,7,4,08:41,8,167,7,0,,,,,,,,,,,,
2022,INS,1,,bluti,,,144,144,,,144,148,5,,146,,,160,160,0,3,3.57,1.19,17:51,0,166,5,0,15:24,6,172,5,3,16:52,8,,5,0,,,,,,,,,,,,
2022,INS,2,,bluti,,,98,112,,,113,119,7,,118,,,,,,,,,,,,,,,,,,,,,,,,,,,,,,,,,,,
2022,INS,3,,bluti,,,92,126,,,129,135,5,,134,,,149,150,0,5,8.36,1.672,14:49,0,156,5,0,13:52,6,162,5,1,17:43,4,170,2,,,,,,,,,,,,,
2022,INS,4,,,,,92,,,,,,,,,,,,,,,,,,,,,,,,,,,,,,,,,,,,,,,,,,,
2022,INS,5,,bluti,,,98,110,,,122,,,,128,,,,144,,,,,,0,,0,,,,,,,,,,0,,,,,,,,,,,,,
2022,INS,6,,,,,126,,,,,,,,,,,,,,,,,,,,,,,,,,,,,,,,,,,,,,,,,,,
2022,INS,7,,bluti,,,92,92,,,114,120,7,,122,,,136,136,0,7,9.08,1.3,14:45,0,142,7,0,14:51,8,148,7,6,15:16,7,156,7,,,,,,,,,,,,,
2022,INS,8,,,,,124,,,,,,,,,,,,,,,,,,,,,,,,,,,,,,,,,,,,,,,,,,,
2022,FSH,1,,,,,106,122,,,124,,,,,,,,,,,,,,,,,,,,,,,,,,,,,,,,,,,,,,,
2022,FSH,2,,bluti,,,102,110,,,115,123,8,,124,,,137,138,0,8,13.14,1.6425,13:47,0,144,8,0,14:55,7,150,8,1,15:21,7,,0,,,,,,,,,,,,,
2022,FSH,3,,bluti,,,104,120,,,124,135,9,,134,,,146,146,0,5,6.72,1.344,13:57,1,152,6,2,15:36,7,158,6,3,15:15,8,168,6,1,,,,,,,,,,,,
2022,FSH,4,,bluti,,,112,120,,,122,129,8,,128,,,142,142,0,5,6.41,1.282,14:27,1,148,7,0,13:55,6,154,0,,,,,0,,,,,,,,,,,,,
2022,FSH,5,,bluti,,,102,110,,,122,128,7,,128,,,141,142,0,7,10.94,1.562857143,14:22,0,148,7,1,13:30,8,154,6,3,15:53,14,162,4,0,,,,,,,,,,,,
2022,FSH,6,,,,,92,,,,,,,,,,,,,,,,,,,,,,,,,,,,,,,,,,,,,,,,,,,
2022,FSH,7,,bluti,,,112,120,,,125,132,8,,134,,,146,146,0,7,9.07,1.295714286,13:55,0,152,8,0,15:30,10,158,8,4,15:33,9,166,7,0,,,,,,,,,,,,
2022,FSH,8,,,,,92,,,,,,,,,,,,,,,,,,,,,,,,,,,,,,,,,,,,,,,,,,,
2022,RTH,1,,,,,,,,,,,,,,,,,,,,,,,,,,,,,,,,,,,,,,,,,,,,,,,,
2022,RTH,2,,bluti,,,106,112,,,117,125,9,,124,,,138,138,0,7,7.92,1.131428571,13:11,1,144,8,1,14:09,10,150,8,1,14:37,9,158,8,0,,,,,,,,,,,,
2022,RTH,3,,,,,,,,,,,,,,,,,,,,,,,,,,,,,,,,,,,,,,,,,,,,,,,,
2022,RTH,4,,bluti,,,110,112,,,123,133,11,,132,,,146,146,0,9,11.64,1.293333333,13:25,0,152,8,0,14:10,8,158,8,6,14:26,12,166,4,1,1 UR CHICK DEAD AT FLEDGE,,,,,,,,,,,
2022,RTH,5,,bluti,,,108,112,,,122,130,9,,126,,,142,142,0,4,4.03,1.0075,13:37,0,148,9,0,12:45,7,154,9,7,15:05,15,164,9,0,,,,,,,,,,,,
2022,RTH,6,,bluti,,,106,112,,,120,130,11,,130,,,143,144,0,11,17.49,1.59,13:57,0,150,11,0,14:32,10,156,11,0,11:57,11,164,11,0,,,,,,,,,,,,
2022,AVI,1,,bluti,,,113,119,,,125,132,5,,133,,,145,145,0,3,4.02,1.34,09:33,0,151,5,0,09:43,5,157,4,2,10:44,6,165,4,1,,,,,,,,,,,,
2022,AVI,2,,bluti,,,107,115,,,130,138,8,,137,,,150,151,0,6,9.81,1.635,09:57,1,157,6,2,10:59,7,163,6,5,10:50,8,,6,1,,,,,,,,,,,,
2022,AVI,3,,bluti,,,93,107,,,123,131,9,,131,,,145,145,0,7,9.24,1.32,09:35,1,151,8,1,09:54,10,157,8,5,11:12,8,165,8,1,,,,,,,,,,,,
2022,AVI,4,,,,,,,,,,,,,,,,,,,,,,,,,,,,,,,,,,,,,,,,,,,,,,,,
2022,AVI,5,,bluti,,,111,125,,,136,141,6,,141,,,,157,0,6,,,,0,163,6,0,10:27,7,169,6,2,11:25,9,,6,0,"Hatch recorded 159- 27.75g 6chicks, 11:16",,,,,,,,,,,
2022,AVI,6,,bluti,,,109,117,,,129,135,7,,135,,,149,149,0,6,8.6,1.433333333,09:40,0,155,7,1,09:31,8,161,7,0,12:20,6,169,7,0,,,,,,,,,,,,
2022,AVI,7,,,,,107,,,,,,,,,,,,,,,,,,,,,,,,,,,,,,,,,,,,,,,,,,,
2022,AVI,8,,,,,,,,,,,,,,,,,,,,,,,,,,,,,,,,,,,,,,,,,,,,,,,,
2022,AVN,1,,,,,,,,,,,,,,,,,,,,,,,,,,,,,,,,,,,,,,,,,,,,,,,,
2022,AVN,2,,bluti,,,94,110,,,127,131,5,,132,,,145,146,0,2,3.35,1.675,12:25,3,152,2,0,12:35,3,158,2,2,13:18,3,166,2,3,,,,,,,,,,,,
2022,AVN,3,,bluti,,,94,108,,,118,128,10,,128,,,140,140,0,7,7.42,1.06,12:30,0,146,8,0,12:31,13,152,8,6,12:45,11,160,8,0,,,,,,,,,,,,
2022,AVN,4,,bluti,,,92,108,,,118,127,10,,126,,,141,142,0,10,16.4,1.64,12:26,0,148,10,0,11:50,9,154,10,APPROX 4,14:00,13,160,10,0,,,,,,,,,,,,
2022,AVN,5,,bluti,,,104,112,,,122,127,6,,,,,,,,,,,,,,,,,,,,,,,,,,,,,,,,,,,,,
2022,AVN,6,,bluti,,,102,108,,,122,135,11,,134,,,148,148,0,9,10.39,1.154444444,12:03,0,154,9,2,14:04,13,160,9,4,14:47,9,168,9,0,,,,,,,,,,,,
2022,AVN,7,,bluti,,,92,114,,,123,132,10,,132,,,146,146,0,8,10,1.25,12:45,,,0,,,,,0,,,,,0,,,,,,,,,,,,,
2022,AVN,8,,bluti,,,92,104,,,114,135,11,,134,,,146,146,0,3,3.61,1.203333333,12:25,2,152,7,1,12:30,8,158,7,6,13:02,7,168,7,1,,,,,,,,,,,,
2022,CAR,1,,bluti,,,108,138,,,140,145,5,,144,,,159,160,0,4,6.61,1.6525,13:52,1,166,4,0,13:39,4,172,2,2,15:04,6,,2,1,,,,,,,,,,,,
2022,CAR,2,,,,,,,,,,,,,,,,,,,,,,,,,,,,,,,,,,,,,,,,,,,,,,,,
2022,CAR,3,,bluti,,,92,112,,,123,129,7,,128,,,142,142,0,2,2,1,12:04,1,148,6,0,11:15,7,154,5,6,13:21,7,164,4,0,,,,,,,,,,,,
2022,CAR,4,,,,,,,,,,,,,,,,,,,,,,,,,,,,,,,,,,,,,,,,,,,,,,,,
2022,CAR,5,,,,,106,,,,,,,,,,,,,,,,,,,,,,,,,,,,,,,,,,,,,,,,,,,
2022,CAR,6,,bluti,,,108,116,,,121,129,8,,130,,,143,144,0,8,12.59,1.57375,13:03,0,150,8,1,12:54,8,156,7,1,10:01,9,164,2,0,,,,,,,,,,,,
2022,SLS,1,,bluti,,,91,109,,,121,129,9,,131,,,143,143,0,8,9.44,1.18,10:15,0,149,9,2,10:49,10,155,9,0,10:55,11,163,9,0,,,,,,,,,,,,
2022,SLS,2,,bluti,,,113,,,,,,,,,,,,,,,,,,,,,,,,,,,,,,,,,,,,,,,,,,,
2022,SLS,3,,bluti,,,113,119,,,123,130,8,,133,,,145,145,0,5,7.23,1.446,10:40,2,151,6,0,11:31,8,157,6,3,13:27,10,165,6,0,,,,,,,,,,,,
2022,SLS,4,,,,,,,,,,,,,,,,,,,,,,,,,,,,,,,,,,,,,,,,,,,,,,,,
2022,SLS,5,,bluti,,,109,113,,,122,129,8,,131,,,143,143,0,4,4.33,1.0825,10:15,2,149,6,0,10:42,6,155,6,2,10:30,6,161,3,,,,,,,,,,,,,
2022,SLS,6,,,,,,,,,,,,,,,,,,,,,,,,,,,,,,,,,,,,,,,,,,,,,,,,
2022,SLS,7,,bluti,,,111,117,,,122,129,8,,131,,,143,143,0,6,6.5,1.083333333,10:11,1,149,7,2,10:36,8,155,7,5,11:16,6,163,7,1,,,,,,,,,,,,
2022,SLS,8,,,,,113,,,,,,,,,,,,,,,,,,,,,,,,,,,,,,,,,,,,,,,,,,,
2022,TOM,1,,,,,,,,,,,,,,,,,,,,,,,,,,,,,,,,,,,,,,,,,,,,,,,,
2022,TOM,2,,,,,,,,,,,,,,,,,,,,,,,,,,,,,,,,,,,,,,,,,,,,,,,,
2022,TOM,3,,,,,111,,,,,,,,,,,,,,,,,,,,,,,,,,,,,,,,,,,,,,,,,,,
2022,TOM,4,,,,,,,,,,,,,,,,,,,,,,,,,,,,,,,,,,,,,,,,,,,,,,,,
2022,TOM,5,,,,,,,,,,,,,,,,,,,,,,,,,,,,,,,,,,,,,,,,,,,,,,,,
2022,TOM,6,,,,,,,,,,,,,,,,,,,,,,,,,,,,,,,,,,,,,,,,,,,,,,,,
2022,TOM,7,,,,,,,,,,,,,,,,,,,,,,,,,,,,,,,,,,,,,,,,,,,,,,,,
2022,TOM,8,,,,,,,,,,,,,,,,,,,,,,,,,,,,,,,,,,,,,,,,,,,,,,,,
2022,ART,1,,bluti,,,91,107,,,112,122,11,,125,,,137,137,0,8,8.13,1.01625,13:25,0,143,10,1,12:01,17,149,10,4,13:42,10,157,10,0,,,,,,,,,,,,
2022,ART,2,,bluti,,,91,107,,,111,122,11,,121,,,133,133,0,1,0.92,0.92,13:40,0,139,11,0,11:25,14,145,11,0,12:35,15,153,11,0,,,,,,,,,,,,
2022,ART,3,,bluti,,,91,101,,,111,120,8,,119,,,134,135,0,2,2.52,1.26,13:05,5,141,2,0,12:07,3,147,2,2,11:18,3,155,2,,,,,,,,,,,,,
2022,ART,4,,bluti,,,91,101,,,111,123,11,,123,,,136,137,0,7,12.01,1.715714286,13:36,0,143,7,3,12:24,9,149,7,6,13:23,4,157,7,0,,,,,,,,,,,,
2022,ART,5,,,,,,,,,,,,,,,,,,,,,,,,,,,,,,,,,,,,,,,,,,,,,,,,
2022,ART,6,,bluti,,,91,107,,,110,118,9,,119,,,133,133,0,1,0.98,0.98,13:37,2,139,7,0,12:10,6,145,7,0,13:08,7,153,7,2,,,,,,,,,,,,
2022,ART,7,,,,,,,,,,,,,,,,,,,,,,,,,,,,,,,,,,,,,,,,,,,,,,,,
2022,ART,8,,bluti,,,91,107,,,110,120,11,,119,,,133,133,0,6,5.18,0.863333333,13:43,0,139,11,0,11:55,11,145,11,0,12:58,19,153,11,0,,,,,,,,,,,,
2022,MUN,1,,bluti,,,92,106,,,116,123,8,,126,,,138,138,0,5,4.05,0.81,10:25,0,144,4,1,10:39,5,,,,,,,0,0,"1 chick dead at v1 144, dead 149",,,,,,,,,,,
2022,MUN,2,,bluti,,,92,106,,,116,125,8,,128,,,141,142,0,6,11.16,1.86,11:04,2,146,6,0,10:40,9,154,6,1,11:46,6,164,6,2,,,,,,,,,,,,
2022,MUN,3,,bluti,,,128,,,,130,135,6,,138,,,150,150,0,6,6,1,11:20,0,156,3,0,09:13,3,162,3,1,13:46,3,170,2,,,,,,,,,,,,,
2022,MUN,4,,bluti,,,104,112,,,116,125,7,,126,,,138,138,0,2,2.75,1.375,10:41,3,144,4,0,11:02,5,150,4,4,11:30,4,158,4,0,,,,,,,,,,,,
2022,MUN,5,,,,,110,,,,,,,,,,,,,,,,,,,,,,,,,,,,,,,,,,,,,,,,,,,
2022,MUN,6,,,,,100,,,,,,,,,,,,,,,,,,,,,,,,,,,,,,,,,,,,,,,,,,,
2022,MUN,7,,bluti,,,92,110,,,110,120,11,,120,,,134,134,2,2,1.89,0.945,11:07,0,140,11,0,10:47,9,146,9,0,10:10,9,156,9,,,,,,,,,,,,,
2022,MUN,8,,bluti,,,92,102,,,111,120,10,,120,,,134,134,0,1,0.76,0.76,11:04,2,140,7,0,10:30,8,146,7,2,10:15,10,156,7,,,,,,,,,,,,,
2022,FOU,1,,,,,,,,,,,,,,,,,,,,,,,,,,,,,,,,,,,,,,,,,,,,,,,,
2022,FOU,2,,,,,,,,,,,,,,,,,,,,,,,,,,,,,,,,,,,,,,,,,,,,,,,,
2022,FOU,3,,bluti,,,93,107,,,115,122,8,,123,,,136,137,0,8,12.81,1.60125,14:15,0,143,8,2,13:14,10,149,8,0,14:47,8,157,8,0,,,,,,,,,,,,
2022,FOU,4,,bluti,,,91,107,,,112,120,9,,121,,,134,135,0,6,9.28,1.546666667,13:45,2,141,6,0,12:56,8,147,6,0,12:45,6,155,6,,,,,,,,,,,,,
2022,FOU,5,,,,,101,117,,,,,,,,,,,,,,,,,,,,,,,,,,,,,,,,,,,,,,,,,,
2022,FOU,6,,bluti,,,105,127,,,129,133,6,,133,,,147,147,1,5,6.21,1.242,12:47,0,153,6,1,15:09,8,159,0,,,,,0,0,,,,,,,,,,,,
2022,FOU,7,,bluti,,,117,121,,,123,129,7,,131,,,143,143,1,6,7.06,1.176666667,13:35,0,149,4,1,14:34,6,,,,,,,0,,,,,,,,,,,,,
2022,FOU,8,,,,,,,,,,,,,,,,,,,,,,,,,,,,,,,,,,,,,,,,,,,,,,,,
2022,ALN,1,,bluti,,,93,107,,,112,120,9,,121,,,135,135,0,7,7.52,1.074285714,14:11,0,141,9,0,13:42,12,147,9,4,14:06,7,153,9,0,,,,,,,,,,,,
2022,ALN,2,,,,,93,,,,,,,,,,,,,,,,,,,,,,,,,,,,,,,,,,,,,,,,,,,
2022,ALN,3,,bluti,,,91,97,,,123,128,6,,127,,,143,143,0,4,4.83,1.2075,14:09,1,149,5,0,15:11,5,155,1,1,13:42,1,163,1,0,,,,,,,,,,,,
2022,ALN,4,,,,,,,,,,,,,,,,,,,,,,,,,,,,,,,,,,,,,,,,,,,,,,,,
2022,ALN,5,,,,,,,,,,,,,,,,,,,,,,,,,,,,,,,,,,,,,,,,,,,,,,,,
2022,ALN,6,,,,,,,,,,,,,,,,,,,,,,,,,,,,,,,,,,,,,,,,,,,,,,,,
2022,ALN,7,,,,,,,,,,,,,,,,,,,,,,,,,,,,,,,,,,,,,,,,,,,,,,,,
2022,ALN,8,,,,,107,115,,,121,,,,,,,,,,,,,,,,,,,,,,,,,,,,,,,,,,,,,,,
2022,DEL,1,,bluti,,,92,108,,,116,125,10,,124,,,138,138,0,8,11.25,1.40625,09:45,0,144,10,0,09:08,8,150,10,2,10:04,8,158,10,0,,,,,,,,,,,,
2022,DEL,2,,bluti,,,92,108,,,112,119,8,,120,,,134,134,0,6,6.66,1.11,10:20,1,140,7,0,09:47,7,146,6,0,09:10,10,,0,,,,,,,,,,,,,
2022,DEL,3,,,,,92,,,,,,,,,,,,,,,,,,,,,,,,,,,,,,,,,,,,,,,,,,,
2022,DEL,4,,bluti,,,102,114,,,117,124,7,,124,,,136,136,0,1,0.84,0.84,10:05,0,142,6,1,10:07,9,148,6,0,08:40,5,158,6,0,,,,,,,,,,,,
2022,DEL,5,,bluti,,,104,112,,,126,133,8,,132,,,144,144,0,3,2.83,0.943333333,08:54,0,150,8,0,10:41,6,156,7,0,08:34,9,164,6,0,,,,,,,,,,,,
2022,DEL,6,,,,,,,,,,,,,,,,,,,,,,,,,,,,,,,,,,,,,,,,,,,,,,,,
2022,DEL,7,,,,,,,,,,,,,,,,,,,,,,,,,,,,,,,,,,,,,,,,,,,,,,,,
2022,DEL,8,,bluti,,,108,,,,118,127,9,,128,,,140,140,0,5,6.95,1.39,09:35,1,146,7,0,08:48,7,152,6,2,09:51,9,162,1,1,,,,,,,,,,,,
2022,TAI,1,,bluti,,,101,105,,,117,127,11,,129,,,139,139,0,8,9.26,1.1575,14:30,1,145,9,0,16:19,15,151,7,1,16:45,11,161,5,0,1 DEAD AT V1,,,,,,,,,,,
2022,TAI,2,,,,,91,,,,,,,,,,,,,,,,,,,,,,,,,,,,,,,,,,,,,,,,,,,
2022,TAI,3,,bluti,,,91,105,,,113,118,5,,117,,,132,133,0,5,7.4,1.48,16:07,0,139,5,1,14:15,6,145,5,0,16:18,7,153,4,0,,,,,,,,,,,,
2022,TAI,4,,bluti,,,91,119,,,113,124,7,,123,,,137,137,0,5,6,1.2,15:15,1,143,6,2,14:59,11,149,5,3,13:02,7,159,4,1,,,,,,,,,,,,
2022,TAI,5,,bluti,,,91,101,,,123,133,10,,133,,,145,145,0,6,7.5,1.25,16:35,0,151,8,0,16:46,8,157,8,1,17:03,9,167,5,0,1 UR CHICK DEAD AT FLEDGE,,,,,,,,,,,
2022,TAI,6,,bluti,,,91,91,,,105,111,7,,115,,,,,,,,,,,,,,,,,,,,,,0,,,,,,,,,,,113-1byPAH,,
2022,OSP,1,,,,,,,,,,,,,,,,,,,,,,,,,,,,,,,,,,,,,,,,,,,,,,,,
2022,OSP,2,,bluti,,,108,114,,,125,132,8,,132,,,146,146,0,4,4.27,1.0675,07:20,2,152,3,0,06:31,4,158,3,0,08:15,3,166,2,3,,,,,,,,,,,,
2022,OSP,3,,,,,92,,,,,,,,,,,,,,,,,,,,,,,,,,,,,,,,,,,,,,,,,,,
2022,OSP,4,,bluti,,,92,110,,,120,125,5,,128,,,140,140,0,4,4.86,1.215,08:20,0,146,4,0,07:10,4,152,3,0,06:53,4,159,3,0,,,,,,,,,,,,
2022,OSP,5,,bluti,,,94,106,,,115,124,10,,124,,,137,138,1,9,13.95,1.55,08:15,0,144,9,1,06:56,14,150,4,1,09:03,5,,0,,,,,,,,,,,,,
2022,OSP,6,,,,,,,,,,,,,,,,,,,,,,,,,,,,,,,,,,,,,,,,,,,,,,,,
2022,OSP,7,,bluti,,,92,112,,,120,126,7,,130,,,141,142,0,7,11.5,1.642857143,08:36,0,148,6,0,06:38,7,154,4,4,08:20,7,162,4,0,,,,,,,,,,,,
2022,OSP,8,,bluti,,,92,106,,,119,126,8,,128,,,140,140,0,8,9.65,1.20625,08:24,0,146,8,0,07:14,10,152,5,0,06:56,8,162,3,0,,,,,,,,,,,,
2022,SPD,1,,bluti,,,102,112,,,124,131,6,,134,,,146,146,0,4,4.78,1.195,07:55,2,152,4,0,08:10,6,158,4,1,08:47,6,164,4,2,,,,,,,,,,,,
2022,SPD,2,,bluti,,,108,118,,,121,126,6,,130,,,142,142,0,5,6.59,1.318,09:10,1,148,5,0,07:29,6,154,0,,,,,-999,1,DOOR OFF CHICKS GONE 154,pine marten,,,,,,,,,,
2022,SPD,3,,,,,,,,,,,,,,,,,,,,,,,,,,,,,,,,,,,,,,,,,,,,,,,,
2022,SPD,4,,bluti,,,120,124,,,128,136,9,,136,,,150,150,0,8,11.14,1.3925,08:50,0,156,9,0,07:30,10,162,3,0,11:10,4,170,3,0,,,,,,,,,,,,
2022,SPD,5,,bluti,,,100,114,,,118,128,11,,132,,,142,142,0,7,6.65,0.95,09:04,2,148,9,0,07:30,8,,,,,,,0,,,,,,,,,,,,,
2022,SPD,6,,,,,,,,,,,,,,,,,,,,,,,,,,,,,,,,,,,,,,,,,,,,,,,,
2022,SPD,7,,,,,,,,,,,,,,,,,,,,,,,,,,,,,,,,,,,,,,,,,,,,,,,,
2022,SPD,8,,bluti,,,100,112,,,114,120,7,,130,,,140,140,0,7,6.68,0.954285714,08:45,0,146,7,0,07:48,10,152,7,0,08:24,9,158,7,0,,,,,,,,,,,,
2022,DOR,1,,,,,,,,,,,,,,,,,,,,,,,,,,,,,,,,,,,,,,,,,,,,,,,,
2022,DOR,2,,bluti,,,122,,,,138,,,,,,,,,,,,,,,,,,,,,,,,,,,,,,,,,,,,,1 broke 152,,
2022,DOR,3,,,,,,,,,,,,,,,,,,,,,,,,,,,,,,,,,,,,,,,,,,,,,,,,
2022,DOR,4,,bluti,,,108,,,,119,126,8,,130,,,142,142,0,6,7.99,1.331666667,08:11,2,148,6,0,05:55,7,154,6,1,06:58,9,162,6,2,,,,,,,,,,,,
2022,DOR,5,,,,,,,,,,,,,,,,,,,,,,,,,,,,,,,,,,,,,,,,,,,,,,,,
2022,DOR,6,,bluti,,,106,112,,,122,128,7,,130,,,141,142,0,6,9.2,1.533333333,08:08,0,148,6,1,05:57,8,154,6,4,07:20,8,162,6,0,,,,,,,,,,,,
2023,EDI,1,,bluti,,<92,104,,,,108,118,9,,118,,,132,132,0,6,8.05,1.34,14:38,0,138,6,,14:43,6,144,6,,16:45,8,152,6,,,,,,,,,,,,,
2023,EDI,2,,bluti,,<92,100,,,,110,119,10,,120,,,134,134,0,6,5.94,0.99,14:09,1,140,9,,15:29,12,146,7,,15:18,8,156,6,,,,,,,,,,,,,
2023,EDI,3,,bluti,,<92,100,,,,114,123,9,,122,,,136,136,0,6,7.34,1.22,13:59,1,142,8,,18:15,6,148,8,,18:45,8,156,8,,,,,,,,,,,,,
2023,EDI,4,,bluti,,98,104,,,,112,121,8,,124,,,,,,,,,,,,,,,,,,,,,,,,,,,,,,,,,,,
2023,EDI,5,,bluti,,94,110,,,,110,117,7,,120,,,133,134,0,7,10.48,1.5,14:13,0,140,7,,15:17,9,146,7,,15:04,8,154,7,,,,,,,,,,,,,
2023,EDI,6,,bluti,,<92,104,,,,114,122,8,,122,,,135,136,0,7,10.77,1.54,14:05,1,142,7,,18:29,7,148,6,,18:48,8,156,6,,,,,,,,,,,,,
2023,EDI,7,,bluti,,96,106,,,,114,118,4,,122,,,134,134,0,2,1.94,0.97,14:08,0,140,4,,15:07,5,146,4,,14:54,6,154,4,,,,,,,,,,,,,
2023,EDI,8,,bluti,,104,110,,,,112,120,8,,124,,,,,,,,,,,,,,,,,,,,,,,,,,,,,,,,,,,
2023,RSY,1,,bluti,,<91,103,,,,117,127,7,,129,,,141,141,0,4,3.99,1,07:26,1,147,6,,06:50,8,153,6,,06:51,6,163,6,,,,,,,,,,,,,
2023,RSY,2,,,,,,,,,,,,,,,,,,,,,,,,,,,,,,,,,,,,,,,,,,,,,,,,
2023,RSY,3,,,,,,,,,,,,,,,,,,,,,,,,,,,,,,,,,,,,,,,,,,,,,,,,
2023,RSY,4,,bluti,,105,111,,,,118,126,8,,129,,,,,,,,,,,,,,,,,,,,,,,,,,,,,,,,,,,
2023,RSY,5,,,,,,,,,,,,,,,,,,,,,,,,,,,,,,,,,,,,,,,,,,,,,,,,
2023,RSY,6,,bluti,,107,111,,,,118,125,8,,127,,,139,139,0,1,0.88,0.88,07:51,3,145,4,,06:43,4,151,0,,06:45,,,0,,,,,,,,,,,,,
2023,RSY,7,,bluti,,99,103,,,,112,123,11,,127,,,139,139,0,11,11.36,1.03,07:44,,145,0,,06:50,,,,,,,,0,,,,,,,,,,,,,
2023,RSY,8,,,,127,,,,,,,,,,,,,,,,,,,,,,,,,,,,,,,,,,,,,,,,,,,,
2023,FOF,1,,bluti,,<91,101,,,,113,121,9,,125,,,137,137,0,9,10.86,1.21,08:05,0,143,9,,09:10,9,149,9,,08:11,15,156,9,,,,,,,,,,,,,
2023,FOF,2,,bluti,,95,105,,,,111,129,8,,129,,,141,141,0,4,3.65,0.91,08:42,0,147,8,,08:06,11,153,8,,07:13,10,163,8,,,,,,,,,,,,,
2023,FOF,3,,bluti,,95,105,,,,113,118,6,,123,,,135,135,0,6,7.27,1.21,08:23,0,141,6,,08:34,5,147,6,,08:24,10,156,6,,,,,,,,,,,,,
2023,FOF,4,,bluti,,<91,101,,,,115,124,9,,127,,,137,137,0,5,5.58,1.12,08:21,2,143,7,,09:48,14,149,7,,07:48,10,159,7,,,,,,,,,,,,,
2023,FOF,5,,bluti,,<91,103,,,,112,119,8,,121,,,133,133,0,7,9.57,1.37,08:15,0,139,8,,08:22,19,145,8,,07:48,10,153,8,,,,,,,,,,,,,
2023,FOF,6,,bluti,,107,111,,,,114,122,7,,123,,,135,135,0,6,6.66,1.11,08:21,0,141,7,,08:05,8,147,7,,07:25,11,157,7,,,,,,,,,,,,,
2023,FOF,7,,bluti,,<91,111,,,,115,120,6,,121,,,135,135,0,5,6.79,1.36,08:30,1,141,5,,08:23,6,147,5,,08:36,6,155,5,,,,,,,,,,,,,
2023,FOF,8,,bluti,,95,101,,,,112,119,8,,121,,,,,,,,,,,,,,,,,,,,,,0,,deserted on eggs,,,,,,,,,,,
2023,BAD,1,,bluti,,120,132,,,,133,139,7,,144,,,150,154,0,7,21.67,3.1,15:17,0,156,7,,18:11,7,162,7,,16:36,8,,1,,,,,,,,,,,,,
2023,BAD,2,,bluti,,<96,102,,,,116,123,8,,126,,,138,138,0,5,5.22,1.04,13:51,0,144,7,,14:42,7,150,7,,18:29,7,162,7,,,,,,,,,,,,,
2023,BAD,3,,bluti,,<96,126,,,,124,132,9,,132,,,144,144,0,6,6.91,1.15,14:52,1,150,8,,18:42,8,156,8,,18:20,6,167,8,,,,,,,,,,,,,
2023,BAD,4,,bluti,,<96,102,,,,120,127,8,,126,,,140,144,0,1,4.33,4.33,14:58,7,144,1,,14:58,1,150,1,,18:30,2,162,1,,,,,,,,,,,,,
2023,BAD,5,,bluti,,102,108,,,,118,124,7,,126,,,138,138,0,5,6.64,1.33,13:52,1,144,6,,15:02,7,150,6,,18:56,8,162,6,,,,,,,,,,,,,
2023,BAD,6,,bluti,,<96,102,,,,116,124,9,,126,,,138,138,0,7,8.85,1.26,13:48,0,144,9,,14:45,10,150,9,,18:54,10,162,9,,,,,,,,,,,,,
2023,LVN,1,,,,127,,,,,,,,,,,,,,,,,,,,,,,,,,,,,,,,,,,,,,,,,,,,
2023,LVN,2,,bluti,,93,99,,,,121,126,6,,127,,,140,141,0,6,10.04,1.67,09:33,0,147,6,,10:24,7,153,6,,08:50,8,161,6,,,,,,,,,,,,,
2023,LVN,3,,bluti,,<91,99,,,,116,122,7,,127,,,137,137,0,3,2.66,0.89,09:00,1,143,6,,10:46,8,149,6,,10:11,9,159,6,,,,,,,,,,,,,
2023,LVN,4,,bluti,,<91,103,,,,111,126,11,,131,,,143,143,0,1,1.34,1.34,11:01,10,149,1,,10:28,9,155,1,,08:13,2,163,1,,,,,,,,,,,,,
2023,LVN,5,,bluti,,<91,107,,,,121,129,7,,131,,,143,143,0,7,7.27,1.04,11:01,0,149,7,,10:31,8,155,7,,08:35,5,163,7,,,,,,,,,,,,,
2023,LVN,6,,bluti,,95,103,,,,112,118,7,,127,,,136,137,0,6,9.39,1.57,09:01,0,143,7,,10:51,7,149,7,,10:14,8,156,7,,,,,,,,,,,,,
2023,LVN,7,,bluti,,99,109,,,,117,126,9,,127,,,139,139,0,5,4.71,0.94,09:13,0,145,9,,09:00,10,151,9,,07:53,8,159,8,,,,,,,,,,,,,
2023,LVN,8,,bluti,,<91,101,,,,111,119,9,,125,,,137,137,0,9,12.05,1.34,08:53,0,143,9,,10:35,8,149,9,,09:22,10,156,9,,,,,,,,,,,,,
2023,DOW,1,,bluti,,98,102,,,,118,123,6,,126,,,138,138,0,1,0.86,0.86,13:06,0,144,6,,13:56,6,150,6,,16:44,7,158,6,,,,,,,,,,,,,
2023,DOW,2,,bluti,,106,110,,,,120,129,9,,128,,,142,142,1,5,5.84,1.17,16:14,1,148,4,,15:59,4,154,4,,16:49,,162,3,,,,,,,,,,,,,
2023,DOW,3,,bluti,,<92,102,,,,113,123,9,,128,,,140,140,1,7,9.24,1.32,14:25,1,146,7,,12:50,9,152,7,,15:09,8,160,7,,,,,,,,,,,,,
2023,DOW,4,,bluti,,<92,104,,,,109,116,8,,122,,,134,134,0,6,6.76,1.13,13:25,1,140,7,,14:14,8,146,7,,13:01,8,154,7,,,,,,,,,,,,,
2023,DOW,5,,bluti,,96,104,,,,120,128,8,,128,,,142,142,0,6,6.16,1.03,16:10,1,148,6,,15:41,8,154,6,,16:35,,162,6,,,,,,,,,,,,,
2023,DOW,6,,bluti,,<92,100,,,,124,129,4,,130,,,141,142,0,3,4.63,1.54,16:20,0,148,4,,15:54,5,154,4,,16:28,,162,4,,,,,,,,,,,,,
2023,DOW,7,,bluti,,<92,100,,,,113,117,5,,118,,,132,132,0,5,5.33,1.07,13:38,0,138,5,,13:14,8,144,5,,14:08,5,152,5,,,,,,,,,,,,,
2023,DOW,8,,bluti,,110,110,,,,117,136,11,,134,,,148,148,0,3,3.34,1.11,16:09,,154,0,,,,,,,,,,0,,,,,,,,,,,,,
2023,GLF,1,,,,,,,,,,,,,,,,,,,,,,,,,,,,,,,,,,,,,,,,,,,,,,,,
2023,GLF,2,,bluti,,<92,100,,,,120,127,6,,128,,,140,140,0,1,0.88,0.88,13:31,3,146,2,,11:54,3,152,2,,13:37,2,160,2,,,,,,,,,,,,,
2023,GLF,3,,bluti,,118,124,,,,126,136,7,,136,,,,,,,,,,,,,,,,,,,,,,,,,,,,,,,,,,,
2023,GLF,4,,,,<92,102,,,,,,,,,,,,,,,,,,,,,,,,,,,,,,,,,,,,,,,,,,,
2023,GLF,5,,bluti,,96,102,,,,120,127,8,,128,,,142,142,1,7,7.98,1.14,15:30,1,148,7,,14:44,6,154,7,,16:12,5,162,7,,,,,,,,,,,,,
2023,GLF,6,,bluti,,<92,106,,,,118,124,7,,126,,,139,140,0,5,8.03,1.61,13:32,1,146,5,,11:51,6,152,5,,13:52,4,160,5,,,,,,,,,,,,,
2023,GLF,7,,bluti,,<92,106,,,,121,128,9,,128,,,142,142,0,1,0.81,0.81,15:37,2,148,6,,14:49,6,154,6,,15:57,8,164,6,,,,,,,,,,,,,
2023,GLF,8,,,,108,110,,,,122,,,,,,,,,,,,,,,,,,,,,,,,,,,,,,,,,,,,,,,
2023,SER,1,,bluti,,<92,104,,,,110,116,8,,122,,,134,134,0,8,8.97,1.12,12:00,0,140,8,,12:41,10,146,8,,10:44,8,154,8,,,,,,,,,,,,,
2023,SER,2,,bluti,,<92,100,,,,111,122,12,,126,,,137,138,0,11,19.38,1.76,11:45,1,144,11,,11:52,11,150,11,,14:35,9,156,11,,,,,,,,,,,,,
2023,SER,3,,bluti,,<92,100,,,,106,114,9,,118,,,131,132,0,9,14.03,1.56,12:10,0,138,9,,10:27,10,144,9,,12:16,8,150,9,,,,,,,,,,,,,
2023,SER,4,,bluti,,106,110,,,,112,118,7,,124,,,133,134,0,7,10.88,1.55,12:04,0,140,7,,12:26,9,146,7,,10:57,9,154,7,,,,,,,,,,,,,
2023,SER,5,,bluti,,<92,100,,,,107,114,7,,116,,,129,130,0,7,10.24,1.46,14:57,0,135,7,,10:17,11,142,6,,14:37,8,144,0,,,,,,,,,,,,,
2023,SER,6,,bluti,,<92,100,,,,111,119,9,,122,,,134,134,0,8,9.79,1.22,11:52,0,140,9,,12:08,13,146,9,,10:30,11,154,9,,,,,,,,,,,,,
2023,SER,7,,bluti,,<92,94,,,,108,117,10,,122,,,134,134,0,10,12.18,1.22,11:50,0,140,10,,12:54,12,146,10,,11:03,11,154,10,,,,,,,,,,,,,
2023,SER,8,,bluti,,124,,,,,144,149,6,,148,,,162,162,0,5,5.93,1.19,13:52,0,168,5,,11:29,6,,,,,,,2,,,,,,,,,,,,,
2023,MCH,1,,bluti,,<91,95,,,,121,131,10,,131,,,143,143,0,1,0.94,0.94,11:44,2,149,8,,11:28,10,155,8,,09:33,7,165,8,,,,,,,,,,,,,
2023,MCH,2,,bluti,,125,,,,,131,137,7,,139,,,152,153,0,7,10.75,1.54,07:18,0,159,6,,09:21,8,165,5,,10:07,5,,5,,,,,,,,,,,,,
2023,MCH,3,,bluti,,93,101,,,,113,124,10,,129,,,139,139,0,9,11.47,1.27,10:02,0,145,9,,10:05,9,151,7,,08:51,8,159,6,,,,,,,,,,,,,
2023,MCH,4,,bluti,,<91,105,,,,115,125,9,,127,,,139,139,0,6,5.79,0.97,09:58,0,145,8,,10:14,8,151,8,,09:08,9,161,7,,,,,,,,,,,,,
2023,MCH,5,,bluti,,<91,99,,,,115,122,7,,129,,,141,141,0,2,6.57,3.29,10:00,2,147,3,,11:17,4,153,3,,07:35,,163,3,,,,,,,,,,,,,
2023,MCH,6,,bluti,,<91,103,,,,113,123,11,,127,,,139,139,0,11,16.31,1.48,09:58,0,145,11,,10:03,13,151,11,,09:19,11,159,11,,,,,,,,,,,,,
2023,PTH,1,,bluti,,<91,103,,,,111,121,9,,123,,,135,135,0,7,7.53,1.08,11:12,0,141,9,,11:02,17,147,9,,12:32,10,155,9,,,,,,,,,,,,,
2023,PTH,2,,bluti,,<91,107,,,,115,122,8,,127,,,139,139,0,8,11.58,1.45,10:53,0,145,8,,11:52,9,151,8,,10:34,10,159,8,,,,,,,,,,,,,
2023,PTH,3,,bluti,,<91,99,,,,109,116,8,,117,,,131,131,0,7,8.47,1.21,10:35,0,137,8,,10:34,8,143,5,,13:15,10,151,5,,,,,,,,,,,,,
2023,PTH,4,,bluti,,103,107,,,,117,124,8,,127,,,137,137,0,5,6.09,1.22,11:40,0,143,8,,12:28,8,149,4,,14:05,5,159,4,,,,,,,,,,,,,
2023,PTH,5,,bluti,,<91,99,,,,119,126,6,,127,,,139,139,0,6,7.67,1.28,10:46,,,,,,,,,,,,,0,,,,,,,,,,,,,
2023,PTH,6,,bluti,,<91,109,,,,112,121,10,,127,,,138,139,0,10,15.71,1.57,10:43,0,145,10,,11:43,11,153,10,,09:40,11,159,10,,,,,,,,,,,,,
2023,PTH,7,,bluti,,<91,107,,,,119,131,11,,133,,,143,143,0,2,1.94,0.97,12:44,1,149,0,,,,,,,,,,0,,,,,,,,,,,,,
2023,PTH,8,,bluti,,115,,,,,120,128,9,,131,,,143,143,0,6,5.32,0.89,,1,151,6,,10:34,4,157,5,,10:36,7,,-999,,LID FOUND OFF AT 165,,,,,,,,,,,
2023,STY,1,,,,,,,,,,,,,,,,,,,,,,,,,,,,,,,,,,,,,,,,,,,,,,,,
2023,STY,2,,bluti,,104,110,,,,116,124,9,,124,,,138,138,0,5,5.14,1.03,10:49,0,144,9,,09:41,9,150,9,,12:58,7,160,9,,,,,,,,,,,,,
2023,STY,3,,bluti,,<92,98,,,,111,120,9,,122,,,135,136,0,9,13.95,1.55,11:07,0,142,9,,11:48,10,148,9,,12:05,13,156,9,changed from 122? To 122 on 13/3/25,,,,,,,,,,,,
2023,STY,4,,bluti,,<92,104,,,,112,125,10,,124,,,135,136,0,7,10.77,1.54,11:15,0,142,10,,12:04,9,148,10,,11:44,13,154,10,,,,,,,,,,,,,
2023,STY,5,,,,,,,,,,,,,,,,,,,,,,,,,,,,,,,,,,,,,,,,,,,,,,,,
2023,STY,6,,bluti,,96,106,,,,116,133,10,,130,,,144,144,0,6,6.67,1.11,09:48,1,150,7,,12:20,9,156,7,,15:48,6,164,7,,,,,,,,,,,,,
2023,STY,7,,,,100,,,,,,,,,,,,,,,,,,,,,,,,,,,,,,,,,,,,,,,,,,,,
2023,STY,8,,,,114,,,,,,,,,,,,,,,,,,,,,,,,,,,,,,,,,,,,,,,,,,,,
2023,BIR,1,,bluti,,<91,103,,,,123,127,5,,129,,,141,141,0,1,1.28,1.28,11:00,1,147,4,,13:28,4,153,4,,08:48,,161,4,,,,,,,,,,,,,
2023,BIR,2,,bluti,,97,,,,,131,138,8,,139,,,151,151,0,6,6.72,1.12,11:53,1,157,7,,11:32,6,163,7,,12:21,7,,7,,,,,,,,,,,,,
2023,BIR,3,,bluti,,103,113,,,,123,129,7,,131,,,143,143,0,5,7,1.4,14:03,1,149,5,,15:01,5,155,5,,11:48,7,163,5,,,,,,,,,,,,,
2023,BIR,4,,,,,,,,,,,,,,,,,,,,,,,,,,,,,,,,,,,,,,,,,,,,,,,,
2023,BIR,5,,,,,,,,,,,,,,,,,,,,,,,,,,,,,,,,,,,,,,,,,,,,,,,,
2023,BIR,6,,,,,,,,,,,,,,,,,,,,,,,,,,,,,,,,,,,,,,,,,,,,,,,,
2023,BIR,7,,bluti,,105,127,,,,135,139,5,,139,,,153,153,0,4,4.02,1.01,09:28,0,159,5,,11:09,6,165,5,,12:12,6,,5,,,,,,,,,,,,,
2023,BIR,8,,coati,,109,111,,,,127,,,,141,,,,,,,,,,,,,,,,,,,,,,,,,,,,,,,,,,,
2023,DUN,1,,,,,,,,,,,,,,,,,,,,,,,,,,,,,,,,,,,,,,,,,,,,,,,,
2023,DUN,2,,bluti,,112,130,,,,136,138,6,,143,,,152,154,0,6,12.11,2.02,13:06,0,160,6,,13:26,6,166,6,,13:41,7,,6,,,,,,,,,,,,,
2023,DUN,3,,,,142,,,,,,,,,,,,,,,,,,,,,,,,,,,,,,,,,,,,,,,,,,,,
2023,DUN,4,,,,,,,,,,,,,,,,,,,,,,,,,,,,,,,,,,,,,,,,,,,,,,,,
2023,DUN,5,,bluti,,<94,112,,,,127,131,5,,136,,,146,148,0,5,16.54,3.31,10:45,0,154,5,,12:58,5,158,5,,13:37,5,166,5,,,,,,,,,,,,,
2023,DUN,6,,,,<94,,,,,,,,,,,,,,,,,,,,,,,,,,,,,,,,,,,,,,,,,,,,
2023,DUN,7,,,,<94,112,,,,,,,,,,,,,,,,,,,,,,,,,,,,,,,,,,,,,,,,,,,
2023,DUN,8,,,,143,,,,,,,,,,,,,,,,,,,,,,,,,,,,,,,,,,,,,,,,,,,,
2023,BLG,1,,bluti,,95,107,,,,122,131,8,,127,,,141,141,0,3,3.3,1.1,14:00,0,147,8,,14:04,12,153,8,,11:22,,163,8,,,,,,,,,,,,,
2023,BLG,2,,bluti,,<91,99,,,,112,122,10,,123,,,136,137,0,10,16.42,1.64,12:09,0,143,10,,14:45,10,149,10,,16:23,14,155,10,,,,,,,,,,,,,
2023,BLG,3,,bluti,,<91,109,,,,124,133,10,,129,,,143,143,0,1,1,1,14:58,1,149,9,,16:43,10,155,8,,13:08,8,165,8,,,,,,,,,,,,,
2023,BLG,4,,bluti,,<91,97,,,,114,123,10,,127,,,137,137,0,2,1.69,0.85,11:58,2,143,7,,14:52,10,149,7,,16:08,9,157,7,,,,,,,,,,,,,
2023,BLG,5,,bluti,,99,105,,,,121,127,7,,129,,,142,143,0,6,10.97,1.83,14:47,1,149,4,,15:54,7,155,4,,13:31,6,163,4,,,,,,,,,,,,,
2023,BLG,6,,bluti,,<91,105,,,,121,129,7,,129,,,143,143,0,3,3.35,1.12,14:42,1,149,6,,15:40,9,155,6,,13:49,9,163,6,,,,,,,,,,,,,
2023,BLG,7,,bluti,,<91,97,,,,110,118,9,,119,,,131,131,0,1,0.87,0.87,11:50,0,137,9,,11:48,9,143,9,,15:09,9,155,9,,,,,,,,,,,,,
2023,BLG,8,,bluti,,113,117,,,,121,130,10,,133,,,143,143,0,8,10.5,1.31,14:36,0,149,10,,16:30,10,155,9,,12:58,10,165,9,,,,,,,,,,,,,
2023,PIT,1,,bluti,,94,110,,,,117,130,13,,130,,,143,144,0,6,5.6,0.93,08:50,4,150,9,,11:03,11,156,9,,13:47,9,164,9,,,,,,,,,,,,,
2023,PIT,2,,bluti,,<92,114,,,,125,132,8,,134,,,146,146,0,7,7.54,1.08,07:53,0,152,8,,09:58,9,158,8,,12:22,7,166,8,,,,,,,,,,,,,
2023,PIT,3,,bluti,,100,114,,,,124,136,10,,136,,,147,148,0,3,5.02,1.67,10:02,7,154,3,,11:43,3,160,3,,12:02,3,166,3,,,,,,,,,,,,,
2023,PIT,4,,bluti,,96,112,,,,130,136,7,,134,,,147,148,0,4,6.33,1.58,10:06,0,154,6,,11:50,6,160,6,,12:13,7,168,6,,,,,,,,,,,,,
2023,PIT,5,,bluti,,100,114,,,,127,136,10,,136,,,150,150,0,9,12.01,1.33,11:16,0,156,9,,14:11,8,162,9,,11:53,8,168,7,,,,,,,,,,,,,
2023,PIT,6,,bluti,,104,114,,,,118,136,9,,134,,,147,148,0,5,6.53,1.31,10:05,2,154,7,,11:52,8,160,7,,12:25,9,168,7,,17/3/25 - increased cs by 1 to match v1alive+uhe,,,,,,,,,,,
2023,PIT,7,,bluti,,104,116,,,,122,129,9,,130,,,144,144,0,7,9.15,1.31,08:55,1,150,7,,11:04,6,156,7,,14:01,5,164,7,,,,,,,,,,,,,
2023,PIT,8,,bluti,,96,110,,,,123,133,9,,134,,,146,146,0,3,2.27,0.76,07:53,4,152,5,,09:55,5,158,5,,11:33,6,166,5,,,,,,NB: nest blew out on day 96,,,,,,,
2023,KCK,1,,bluti,,116,120,,,,125,132,8,,132,,,144,144,0,2,1.7,0.85,08:14,0,150,8,,09:52,9,156,8,,11:52,9,164,8,,,,,,,,,,,,,
2023,KCK,2,,,,118,,,,,,,,,,,,,,,,,,,,,,,,,,,,,,,,,,,,,,,,,,,,
2023,KCK,3,,bluti,,108,124,,,,127,132,6,,132,,,146,146,0,5,5.68,1.14,07:11,1,152,5,,09:09,5,158,5,,10:12,7,166,3,,,,,,,,,,,,,
2023,KCK,4,,bluti,,106,112,,,,121,129,6,,130,,,141,142,0,6,8.83,1.47,09:50,0,148,6,,09:09,5,154,6,,10:47,5,162,6,,,,,,,,,,,,,
2023,KCK,5,,bluti,,<92,112,,,,124,131,8,,130,,,144,144,0,1,0.92,0.92,08:18,0,150,5,,10:10,5,156,4,,12:16,5,166,4,,,,,,,,,,,,,
2023,KCK,6,,bluti,,100,112,,,,123,130,8,,130,,,143,144,0,6,9.69,1.62,08:22,2,150,6,,10:18,5,156,6,,12:27,8,164,6,,,,,,,,,,,,,
2023,KCK,7,,,,118,,,,,,,,,,,,,,,,,,,,,,,,,,,,,,,,,,,,,,,,,,,,
2023,KCK,8,,bluti,,112,116,,,,122,129,8,,130,,,144,144,0,8,9.3,1.16,08:30,0,150,8,,10:27,7,156,8,,12:41,10,164,8,,,,,,,,,,,,,
2023,KCZ,1,,bluti,,100,122,,,,128,137,10,,136,,,149,150,0,9,13.22,1.47,10:00,0,156,9,,12:25,8,162,8,,10:44,10,168,7,,1 chick escaped at catching,,,,,,,,,,,
2023,KCZ,2,,,,96,,,,,,,,,,,,,,,,,,,,,,,,,,,,,,,,,,,,,,,,,,,,
2023,KCZ,3,,bluti,,114,124,,,,128,137,9,,138,,,150,150,0,9,9.61,1.07,10:05,1,156,8,,12:40,9,162,8,,10:18,9,168,8,,,,,,,,,,,,,
2023,KCZ,4,,bluti,,132,132,,,,,140,8,,140,,,152,152,1,4,4,1,08:54,0,158,8,,10:44,7,,,,,,,0,,162: all dead at catching,,,,,,,,,,,
2023,KCZ,5,,bluti,,102,124,,,,126,133,6,,134,,,,,,,,,,,,,,,,,,,,,,,,,,,,,,,,,,,
2023,KCZ,6,,,,106,120,,,,126,,,,,,,,,,,,,,,,,,,,,,,,,,,,,,,,,,,,,,,
2023,KCZ,7,,bluti,,106,124,,,,128,135,8,,134,,,148,148,0,6,6.64,1.11,09:09,0,154,8,,10:19,10,160,7,,10:53,6,168,6,,,,,,,,,,,,,
2023,KCZ,8,,bluti,,96,116,,,,132,139,8,,138,,,151,152,0,6,9.48,1.58,08:43,0,158,8,,09:59,9,164,4,,10:10,5,170,3,,,,,,,,,,,,,
2023,BLA,1,,bluti,,95,113,,,,128,129,2,,131,,,145,145,0,2,1.84,0.92,13:51,0,151,2,,14:19,3,157,2,,13:28,3,165,2,,,,,,,,,,,,,
2023,BLA,2,,bluti,,97,121,,,,126,132,7,,133,,,145,145,0,5,6.52,1.3,14:05,0,151,7,,14:07,7,157,7,,13:37,6,165,7,,,,,,,,,,,,,
2023,BLA,3,,,,105,115,,,,,,,,,,,,,,,,,,,,,,,,,,,,,,,,,,,,,,,,,,,
2023,BLA,4,,,,125,,,,,,,,,,,,,,,,,,,,,,,,,,,,,,,,,,,,,,,,,,,,
2023,BLA,5,,bluti,,105,121,,,,133,139,5,,139,,,156,157,0,3,7,2.33,13:31,0,163,1,,14:08,1,,,,,,,0,,1 DEAD CHICK @ HATCHING,,,,,,,,,,,
2023,BLA,6,,bluti,,<91,117,,,,124,131,7,,131,,,143,143,0,2,1.99,1,15:53,0,149,6,,17:30,10,155,6,,14:53,8,163,6,,,,,,,,,,,,,
2023,BLA,7,,bluti,,93,111,,,,121,128,8,,127,,,141,141,0,6,7.93,1.32,14:53,0,147,8,,15:58,6,153,8,,12:57,9,161,8,,,,,,,,,,,,,
2023,BLA,8,,,,103,109,,,,122,,,,,,,,,,,,,,,,,,,,,,,,,,,,,,,,,,,,,,,
2023,CAL,1,,bluti,,<92,110,,,,113,117,4,,126,,,136,136,0,2,2.3,1.15,08:35,2,142,2,,09:03,2,148,2,,08:35,2,154,2,,,,,,,,,,,,,
2023,CAL,2,,,,,,,,,,,,,,,,,,,,,,,,,,,,,,,,,,,,,,,,,,,,,,,,
2023,CAL,3,,bluti,,136,136,,,,138,142,5,,146,,,158,158,0,3,3.46,1.15,08:55,1,164,4,,09:14,3,170,4,,09:50,3,,4,,,,,,,,,,,,,
2023,CAL,4,,bluti,,96,112,,,,126,132,7,,132,,,146,146,0,5,4.65,0.93,06:30,0,152,7,,08:04,7,158,7,,09:18,7,168,6,,,,,,,,,,,,,
2023,CAL,5,,bluti,,<92,110,,,,123,131,9,,132,,,146,146,0,9,15.23,1.69,06:18,0,152,9,,08:05,9,158,9,,09:04,10,164,9,,,,,,,,,,,,,
2023,CAL,6,,,,,,,,,,,,,,,,,,,,,,,,,,,,,,,,,,,,,,,,,,,,,,,,
2023,CAL,7,,,,116,,,,,,,,,,,,,,,,,,,,,,,,,,,,,,,,,,,,,,,,,,,,
2023,CAL,8,,,,,,,,,,,,,,,,,,,,,,,,,,,,,,,,,,,,,,,,,,,,,,,,
2023,DNM,1,,bluti,,<91,111,,,,119,129,9,,129,,,143,143,0,8,11.23,1.4,16:19,0,149,7,,18:04,8,155,7,,16:11,9,163,7,,,,,,,,,,,,,
2023,DNM,2,,bluti,,<91,111,,,,126,132,7,,133,,,145,145,0,2,1.94,0.97,14:30,0,151,7,,15:20,8,157,7,,14:26,9,165,7,,,,,,,,,,,,,
2023,DNM,3,,bluti,,133,133,,,,137,144,8,,143,,,157,157,0,4,4.4,1.1,14:21,1,163,3,,14:46,2,,,,,,,0,,,,,,,,,,,,,
2023,DNM,4,,bluti,,97,111,,,,123,130,8,,131,,,145,145,0,8,10.63,1.33,14:40,0,151,8,,15:04,9,157,8,,14:37,10,165,8,,,,,,,,,,,,,
2023,DNM,5,,bluti,,95,115,,,,123,130,8,,129,,,143,143,0,5,7.08,1.42,16:29,2,149,6,,18:19,6,155,5,,16:56,5,163,5,,,,,,,,,,,,,
2023,DNM,6,,,,,,,,,,,,,,,,,,,,,,,,,,,,,,,,,,,,,,,,,,,,,,,,
2023,DNM,7,,,,,,,,,,,,,,,,,,,,,,,,,,,,,,,,,,,,,,,,,,,,,,,,
2023,DNM,8,,bluti,,99,109,,,,122,129,8,,127,,,141,141,0,3,2.94,0.98,15:41,0,147,8,,16:39,10,153,8,,14:40,9,161,8,,,,,,,,,,,,,
2023,DNC,2,,bluti,,105,113,,,,117,125,9,,127,,,141,141,0,1,1.04,1.04,16:16,0,147,9,,17:26,6,153,9,,15:27,9,163,9,,,,,,,,,,,,,
2023,DNC,3,,,,,,,,,,,,,,,,,,,,,,,,,,,,,,,,,,,,,,,,,,,,,,,,
2023,DNC,4,,bluti,,107,125,,,,131,139,9,,139,,,151,151,0,5,6.51,1.3,16:58,2,157,7,,15:28,8,163,7,,15:19,7,171,7,,,,,,,,,,,,,
2023,DNC,5,,,,,,,,,,,,,,,,,,,,,,,,,,,,,,,,,,,,,,,,,,,,,,,,
2023,DNC,6,,bluti,,105,111,,,,114,127,10,,123,,,138,139,0,10,15.19,1.52,13:52,0,145,10,,15:21,9,151,10,,16:20,10,157,10,,,,,,,,,,,,,
2023,DNC,7,,,,,,,,,,,,,,,,,,,,,,,,,,,,,,,,,,,,,,,,,,,,,,,,
2023,DNC,8,,,,97,,,,,,,,,,,,,,,,,,,,,,,,,,,,,,,,,,,,,,,,,,,,
2023,DNC,9,,,,,,,,,,,,,,,,,,,,,,,,,,,,,,,,,,,,,,,,,,,,,,,,
2023,DNS,1,,bluti,,103,109,,,,124,133,9,,131,,,145,145,0,6,6.61,1.1,15:49,0,151,9,,17:10,8,157,5,,15:37,7,165,5,,,,,,,,,,,,,
2023,DNS,2,,,,111,,,,,,,,,,,,,,,,,,,,,,,,,,,,,,,,,,,,,,,,,,,,
2023,DNS,3,,,,127,,,,,,,,,,,,,,,,,,,,,,,,,,,,,,,,,,,,,,,,,,,,
2023,DNS,4,,bluti,,107,,,,,131,137,7,,137,,,149,149,,5,6.16,1.23,19:08,0,155,7,,18:37,4,161,7,,15:26,8,167,7,,,,,,,,,,,,,
2023,DLW,1,,bluti,6 days,<92,104,,,,121,,10,,134,,,144,146,0,10,25.8,2.58,05:40,0,152,9,,07:24,10,158,9,,08:15,10,164,8,,,,,,1 chick escaped at v2,,,,,,,
2023,DLW,2,,,6 days,,,,,,,,,,,,,,,,,,,,,,,,,,,,,,,,,,,,,,,,,,,,,
2023,DLW,3,,,6 days,,,,,,,,,,,,,,,,,,,,,,,,,,,,,,,,,,,,,,,,,,,,,
2023,DLW,4,,,6 days,,,,,,,,,,,,,,,,,,,,,,,,,,,,,,,,,,,,,,,,,,,,,
2023,DLW,5,,,6 days,,,,,,,,,,,,,,,,,,,,,,,,,,,,,,,,,,,,,,,,,,,,,
2023,DLW,6,,,6 days,,,,,,,,,,,,,,,,,,,,,,,,,,,,,,,,,,,,,,,,,,,,,
2023,CRU,1,,bluti,,<92,110,,,,127,133,6,,134,,,146,146,0,3,3.46,1.15,05:24,0,152,6,,06:49,7,158,6,,07:17,7,166,6,,,,,,,,,,,,,
2023,CRU,2,,,,126,,,,,,,,,,,,,,,,,,,,,,,,,,,,,,,,,,,,,,,,,,,,
2023,CRU,3,,bluti,,110,128,,,,130,137,7,,138,,,150,150,0,3,3.36,1.12,07:36,1,156,6,,09:00,6,162,6,,08:02,6,170,6,,,,,,,,,,,,,
2023,CRU,4,,bluti,,98,112,,,,126,135,8,,134,,,147,148,0,6,10.09,1.68,07:09,1,154,7,,07:40,8,160,7,,08:22,6,168,7,,,,,,,,,,,,,
2023,CRU,5,,,,94,116,,,,,,,,,,,,,,,,,,,,,,,,,,,,,,,,,,,,,,,,,,,
2023,CRU,6,,,,,,,,,,,,,,,,,,,,,,,,,,,,,,,,,,,,,,,,,,,,,,,,
2023,CRU,7,,,,,,,,,,,,,,,,,,,,,,,,,,,,,,,,,,,,,,,,,,,,,,,,
2023,CRU,8,,,,,,,,,,,,,,,,,,,,,,,,,,,,,,,,,,,,,,,,,,,,,,,,
2023,NEW,1,,bluti,,96,112,,,,124,129,6,,130,,,143,144,0,6,10.19,1.7,06:14,0,150,6,,06:27,7,156,6,,07:29,7,162,6,,,,,,,,,,,,,
2023,NEW,2,,bluti,,120,124,,,,127,133,7,,132,,,146,146,0,5,4.27,0.85,04:40,0,152,7,,06:19,8,158,7,,06:14,8,166,7,,,,,,,,,,,,,
2023,NEW,3,,bluti,,<92,110,,,,113,121,9,,126,,,136,136,0,7,7.52,1.07,07:20,0,142,9,,07:27,10,148,7,,06:15,9,160,6,,,,,,,,,,,,,
2023,NEW,4,,,,,,,,,,,,,,,,,,,,,,,,,,,,,,,,,,,,,,,,,,,,,,,,
2023,NEW,5,,bluti,,94,112,,,,123,131,9,,132,,,144,144,1,4,3.27,0.82,06:22,0,150,9,,06:54,10,156,9,,07:54,9,166,7,,,,,,,,,,,,,
2023,NEW,6,,bluti,,106,110,,,,122,128,7,,134,,,144,144,0,7,9.29,1.33,06:14,0,150,7,,06:47,8,156,7,,07:41,7,162,7,,,,,,,,,,,,,
2023,NEW,7,,bluti,,100,112,,,,124,130,7,,134,,,144,144,0,1,1.11,1.11,06:21,1,150,4,,06:41,4,156,4,,08:05,6,164,4,,,,,,,,,,,,,
2023,NEW,8,,bluti,,108,116,,,,122,129,8,,132,,,144,144,0,7,8.49,1.212857143,06:19,0,150,7,,06:32,8,156,7,,07:24,6,164,7,,,,,,,,,,,,,
2023,HWP,1,,bluti,6 -10 days,,,120,121,,,,7,,,,,,144,,7,22.25,3.178571429,06:20,0,144,7,,06:20,,,,,,,,7,,,,,,,,,,,,,
2023,HWP,2,,bluti,6 -10 days,,,120,123,,,,7,,,,,,144,,2,1.7,0.85,06:27,2,150,5,,09:25,,,,,,,,5,,,,,,,,,,,,,
2023,HWP,3,,,6 -10 days,,,,,,,,,,,,,,,,,,,,,,,,,,,,,,,,,,,,,,,,,,,,,
2023,HWP,4,,,6 -10 days,,,,,,,,,,,,,,,,,,,,,,,,,,,,,,,,,,,,,,,,,,,,,
2023,HWP,5,,,6 -10 days,,,,,,,,,,,,,,,,,,,,,,,,,,,,,,,,,,,,,,,,,,,,,
2023,HWP,6,,bluti,6 -10 days,,,,114,,,,9,,,,,,144,,8,58.33,7.29125,06:31,0,144,8,,06:31,,,,,,,,8,,,,,,,,,,,,,
2023,HWP,7,,coati,6 -10 days,,,,118,,,,,,,,,,,,,,,,,,,,,,,,,,,,,,,,,,,,,,,,,
2023,HWP,8,,bluti,6 -10 days,,,126,127,,,,9,,,,,,150,,8,25.23,3.15375,09:35,1,156,8,,14:01,,,,,,,,8,,,,,,,,,,,,,
2023,INS,1,,,6 -10 days,,,,,,,,,,,,,,,,,,,,,,,,,,,,,,,,,,,,,,,,,,,,,
2023,INS,2,,,6 -10 days,,,,,,,,,,,,,,,,,,,,,,,,,,,,,,,,,,,,,,,,,,,,,
2023,INS,3,,bluti,6 -10 days,,,122,125,,,,7,,,,,,,,,,,,,,,,,,,,,,,,,,,,,,,,,,,,,
2023,INS,4,,bluti,6 -10 days,,,122,125,,,,6,,,,,,144,,4,6.53,1.6325,07:00,1,150,5,,06:20,,,,,,,,5,,,,,,,,,,,,,
2023,INS,5,,bluti,6 -10 days,,,,,,,,6,,,,,,156,,3,8.03,2.676666667,06:19,3,163,3,,06:28,,,,,,,,3,,,,,,,,,,,,,
2023,INS,6,,,6 -10 days,,,,,,,,,,,,,,,,,,,,,,,,,,,,,,,,,,,,,,,,,,,,,
2023,INS,7,,bluti,6 -10 days,,,121,124,,,,8,,,,,,,,,,,,,,,,,,,,,,,,,,,,,,,,,,,,,
2023,INS,8,,,6 -10 days,,,,,,,,,,,,,,,,,,,,,,,,,,,,,,,,,,,,,,,,,,,,,
2023,FSH,1,,bluti,6 -10 days,,,126,127,,,,6,,,,,,150,,6,21.89,3.648333333,06:46,0,156,6,,06:40,,,,,,,,6,,,,,,,,,,,,,
2023,FSH,2,,bluti,6 -10 days,,,134,135,,,,8,,,,,,156,,7,12.08,1.725714286,06:48,0,163,8,,11:39,,,,,,,,7,,,,,,,,,,,,,
2023,FSH,3,,bluti,6 -10 days,,,126,127,,,,7,,,,,,150,,7,19.41,2.772857143,06:50,0,156,7,,06:51,,,,,,,,7,,,,,,,,,,,,,
2023,FSH,4,,bluti,6 -10 days,,,126,127,,,,8,,,,,,156,,7,10,1.428571429,06:58,0,163,7,,11:13,,,,,,,,7,,,,,,,,,,,,,
2023,FSH,5,,bluti,6 -10 days,,,,,,,,7,,,,,,150,,7,31.82,4.545714286,06:55,0,156,7,,07:05,,,,,,,,7,,,,,,,,,,,,,
2023,FSH,6,,bluti,6 -10 days,,,124,126,,,,7,,,,,,150,,7,33.63,4.804285714,06:59,0,156,7,,07:15,,,,,,,,7,,,,,,,,,,,,,
2023,FSH,7,,,6 -10 days,,,,,,,,,,,,,,,,,,,,,,,,,,,,,,,,,,,,,,,,,,,,,
2023,FSH,8,,bluti,6 -10 days,,,128,128,,,,7,,,,,,150,,6,12.91,2.151666667,06:43,1,156,6,,06:35,,,,,,,,5,,,,,,,,,,,,,
2023,RTH,1,,bluti,6 -10 days,,,122,125,,,,8,,,,,,144,,4,3.46,0.865,07:39,1,150,7,,07:10,,,,,,,,7,,,,,,,,,,,,,
2023,RTH,2,,,6 -10 days,,,,,,,,,,,,,,,,,,,,,,,,,,,,,,,,,,,,,,,,,,,,,
2023,RTH,3,,,6 -10 days,,,,,,,,,,,,,,,,,,,,,,,,,,,,,,,,,,,,,,,,,,,,,
2023,RTH,4,,bluti,6 -10 days,,,122,125,,,,11,,,,,,150,,11,32.68,2.970909091,07:20,0,156,11,,08:19,,,,,,,,11,,,,,,,,,,,,,
2023,RTH,5,,,6 -10 days,,,,,,,,,,,,,,,,,,,,,,,,,,,,,,,,,,,,,,,,,,,,,
2023,RTH,6,,bluti,6 -10 days,,,120,123,,,,9,,,,,,150,,8,45.26,5.6575,07:23,1,150,8,,07:23,,,,,,,,8,,,,,,,,,,,,,
2023,AVI,1,,bluti,6 -10 days,,,128,130,,,,,,,,,,,,,,,,,,,,,,,,,,,,,,,,,,,,,,,,,
2023,AVI,2,,bluti,6 -10 days,,,136,139,,,,7,,,,,,156,,2,2.29,1.145,09:25,0,163,6,,09:30,,,,,,,,6,,,,,,,,,,,,,
2023,AVI,3,,bluti,6 -10 days,,,122,125,,,,,,,,,,,,,,,,,,,,,,,,,,,,,,,,,,,,,,,,,
2023,AVI,4,,bluti,6 -10 days,,,136,139,,,,6,,,,,,156,,6,10.95,1.825,09:22,0,163,6,,09:49,,,,,,,,6,,,,,,,,,,,,,
2023,AVI,5,,bluti,6 -10 days,,,121,124,,,,8,,,,,,150,,7,29.31,4.187142857,07:52,,,,,,,,,,,,,0,,,,,,,,,,,,,
2023,AVI,6,,bluti,6 -10 days,,,128,128,,128,,8,,,,,,144,,8,17.85,2.23125,08:03,0,150,8,,07:55,,,,,,,,8,,,,,,,,,,,,,
2023,AVI,7,,bluti,6 -10 days,,,120,122,,,,6,,,,,,150,,6,19.63,3.271666667,07:45,0,156,6,,09:28,,,,,,,,6,,,,,,,,,,,,,
2023,AVI,8,,,6 -10 days,,,,,,,,,,,,,,,,,,,,,,,,,,,,,,,,,,,,,,,,,,,,,
2023,AVN,4,,bluti,6 -10 days,,,126,127,,,,9,,,,,,150,,7,15.81,2.258571429,08:25,2,156,7,,10:09,,,,,,,,0,,,,,,,,,,,,,
2023,AVN,5,,bluti,6 -10 days,,,,118,,,,5,,,,,,144,,3,10.01,3.336666667,08:23,2,150,3,,08:17,,,,,,,,3,,,,,,,,,,,,,
2023,AVN,6,,bluti,6 -10 days,,,128,129,,,,7,,,,,,150,,6,23.57,3.928333333,08:21,0,156,6,,09:58,,,,,,,,6,,,,,,,,,,,,,
2023,AVN,7,,bluti,6 -10 days,,,124,126,,,,7,,,,,,150,,5,24.57,4.914,08:14,2,156,5,,10:16,,,,,,,,5,,,,,,,,,,,,,
2023,AVN,8,,bluti,6 -10 days,,,136,139,,,,6,,,,,,156,,4,5.5,1.375,10:07,1,163,5,,08:39,,,,,,,,0,,,,,,,,,,,,,
2023,CAR,1,,bluti,6 -10 days,,,122,125,,,,7,,,,,,150,,7,24.98,3.568571429,08:37,0,156,7,,11:11,,,,,,,,7,,,,,,,,,,,,,
2023,CAR,2,,bluti,6 -10 days,,,136,139,,,,6,,,,,,156,,5,7.24,1.448,11:19,1,163,4,,07:59,,,,,,,,4,,,,,,,,,,,,,
2023,CAR,3,,,6 -10 days,,,,,,,,,,,,,,,,,,,,,,,,,,,,,,,,,,,,,,,,,,,,,
2023,CAR,4,,bluti,6 -10 days,,,122,125,,,,6,,,,,,144,,3,3.2,1.066666667,08:44,1,150,5,,08:41,,,,,,,,5,,,,,,,,,,,,,
2023,CAR,5,,bluti,6 -10 days,,,136,137,,,,8,,,,,,150,,6,9.1,1.516666667,08:48,2,156,6,,11:44,,,,,,,,2,,,,,,,,,,,,,
2023,CAR,6,,,6 -10 days,,,,,,,,,,,,,,,,,,,,,,,,,,,,,,,,,,,,,,,,,,,,,
2023,SLS,1,,bluti,6 -10 days,,,126,127,,,,8,,,,,,149,,8,16.55,2.06875,17:54,0,156,7,,12:10,,,,,,,,7,,,,,,,,,,,,,
2023,SLS,2,,,6 -10 days,,,,,,,,,,,,,,,,,,,,,,,,,,,,,,,,,,,,,,,,,,,,,
2023,SLS,3,,bluti,6 -10 days,,,122,125,,,,8,,,,,,149,,8,37.01,4.62625,17:50,0,156,8,,12:34,,,,,,,,8,,,,,,,,,,,,,
2023,SLS,4,,,6 -10 days,,,,,,,,,,,,,,,,,,,,,,,,,,,,,,,,,,,,,,,,,,,,,
2023,SLS,5,,,6 -10 days,,,,,,,,,,,,,,,,,,,,,,,,,,,,,,,,,,,,,,,,,,,,,
2023,SLS,6,,,6 -10 days,,,,,,,,,,,,,,,,,,,,,,,,,,,,,,,,,,,,,,,,,,,,,
2023,SLS,7,,bluti,6 -10 days,,,134,135,,,,7,,,,,,156,,5,8.13,1.626,12:16,1,162,1,,17:08,,,,,,,,0,,,,,,,,,,,,,
2023,SLS,8,,bluti,6 -10 days,,,128,131,,,,10,,,,,,156,,10,44.38,4.438,12:20,0,162,10,,17:31,,,,,,,,5,,,,,,,,,,,,,
2023,TOM,1,,,6 -10 days,,,,,,,,,,,,,,,,,,,,,,,,,,,,,,,,,,,,,,,,,,,,,
2023,TOM,2,,,6 -10 days,,,,,,,,,,,,,,,,,,,,,,,,,,,,,,,,,,,,,,,,,,,,,
2023,TOM,3,,,6 -10 days,,,,,,,,,,,,,,,,,,,,,,,,,,,,,,,,,,,,,,,,,,,,,
2023,TOM,4,,,6 -10 days,,,,,,,,,,,,,,,,,,,,,,,,,,,,,,,,,,,,,,,,,,,,,
2023,TOM,5,,,6 -10 days,,,,,,,,,,,,,,,,,,,,,,,,,,,,,,,,,,,,,,,,,,,,,
2023,TOM,6,,,6 -10 days,,,,,,,,,,,,,,,,,,,,,,,,,,,,,,,,,,,,,,,,,,,,,
2023,TOM,7,,,6 -10 days,,,,,,,,,,,,,,,,,,,,,,,,,,,,,,,,,,,,,,,,,,,,,
2023,TOM,8,,,6 -10 days,,,,,,,,,,,,,,,,,,,,,,,,,,,,,,,,,,,,,,,,,,,,,
2023,ART,1,,bluti,6 -10 days,,,,113,,,,11,,,,,,143,,8,33.32,4.165,08:36,3,143,8,,08:36,,,,,,,,8,,,,,,,,,,,,,
2023,ART,2,,bluti,6 -10 days,,,,116,,,,7,,,,,,143,,7,46.27,6.61,08:47,0,143,7,,08:47,,,,,,,,7,,,,,,,,,,,,,
2023,ART,3,,bluti,6 -10 days,,,,116,,,,8,,,,,,143,,4,5.92,1.48,08:54,4,149,4,,16:21,,,,,,,,4,,,,,,,,,,,,,
2023,ART,4,,bluti,6 -10 days,,,128,129,,,,7,,,,,,149,,7,14.97,2.138571429,16:26,0,155,7,,07:05,,,,,,,,6,,,,,,,,,,,,,
2023,ART,5,,bluti,6 -10 days,,,,114,,,,13,,,,,,143,,10,27.24,2.724,08:58,1,149,9,,16:28,,,,,,,,9,,,,,,,,,,,,,
2023,ART,6,,bluti,6 -10 days,,,128,128,,,,8,,,,,,143,,7,12.53,1.79,09:13,1,149,6,,16:41,,,,,,,,6,,,,,,,,,,,,,
2023,ART,7,,bluti,6 -10 days,,,,111,,,,10,,,,,,143,,9,50.57,5.618888889,09:04,1,143,9,,09:04,,,,,,,,9,,,,,,,,,,,,,
2023,ART,8,,bluti,6 -10 days,,,128,129,,,,8,,,,,,155,,7,45.32,6.474285714,07:28,0,155,7,,07:28,,,,,,,,3,,,,,,,,,,,,,
2023,MUN,1,,bluti,6 -10 days,,,138,141,,,,3,,,,,,162,,3,18.3,6.1,09:22,0,162,3,,09:22,,,,,,,,3,,,,,,,,,,,,,
2023,MUN,2,,bluti,6 -10 days,,,122,125,,,,7,,,,,,149,,6,27.17,4.528333333,14:20,0,155,6,,16:39,,,,,,,,6,,,,,,,,,,,,,
2023,MUN,3,,bluti,6 -10 days,,,,117,,,,10,,,,,,143,,6,8.2,1.366666667,16:55,3,149,7,,15:04,,,,,,,,-999,,"front off nestbox on 162, pine marten?",pine marten,,,,,,,,,,
2023,MUN,4,,bluti,6 -10 days,,,120,123,,,,6,,,,,,143,,6,7.15,1.191666667,16:58,0,149,6,,14:57,,,,,,,,0,,,,,,,,,,,,,
2023,MUN,5,,bluti,6 -10 days,,,121,124,,,,9,,,,,,143,,1,0.97,0.97,16:59,1,149,8,,14:47,,,,,,,,7,,,,,,,,,,,,,
2023,MUN,6,,bluti,6 -10 days,,,,110,,,,10,,,,,,143,,10,67.77,6.777,17:01,0,143,10,,17:01,,,,,,,,-999,,"front off nestbox on 162, pine marten?",pine marten,,,,,,,,,,
2023,MUN,7,,,6 -10 days,,,,,,,,,,,,,,,,,,,,,,,,,,,,,,,,,,,,,,,,,,,,,
2023,MUN,8,,bluti,6 -10 days,,,128,130,,,,6,,,,,,149,,6,9.02,1.503333333,14:22,0,155,6,,16:46,,,,,,,,6,,,,,,,,,,,,,
2023,FOU,1,,bluti,6 -10 days,,,,113,,,,7,,,,,,135,,6,24.21,4.035,10:28,1,135,6,,10:28,,,,,,,,6,,,,,,,,,,,,,
2023,FOU,2,,bluti,6 -10 days,,,128,129,,,,7,,,,,,143,,5,7.16,1.432,09:48,0,149,6,,06:30,,,,,,,,0,,,,,,,,,,,,,
2023,FOU,3,,bluti,6 -10 days,,,,110,,,,10,,,,,,,,,,,,,,,,,,,,,,,,0,,,,,,,,,,,,,
2023,FOU,4,,bluti,6 -10 days,,,,107,,,,8,,,,,,127,,8,10.68,1.335,11:24,0,135,8,,10:46,,,,,,,,8,,,,,,,,,,,,,
2023,FOU,5,,bluti,6 -10 days,,,120,122,,,,7,,,,,,143,,7,17.42,2.488571429,10:29,0,149,7,,06:46,,,,,,,,7,,,,,,,,,,,,,
2023,FOU,6,,,6 -10 days,,,,,,,,,,,,,,,,,,,,,,,,,,,,,,,,,,,,,,,,,,,,,
2023,FOU,7,,bluti,6 -10 days,,,,105,,,,10,,,,,,127,,9,9.57,1.063333333,11:14,0,135,9,,10:11,,,,,,,,9,,,,,,,,,,,,,
2023,FOU,8,,bluti,6 -10 days,,,,116,,,,4,,,,,,143,,2,11.02,5.51,10:32,2,143,2,,10:32,,,,,,,,2,,,,,,,,,,,,,
2023,ALN,1,,,6 -10 days,,,,,,,,,,,,,,,,,,,,,,,,,,,,,,,,,,,,,,,,,,,,,
2023,ALN,2,,bluti,6 -10 days,,,,113,,,,8,,,,,,135,,8,15.43,1.92875,14:03,0,143,8,,15:43,,,,,,,,8,,,,,,,,,,,,,
2023,ALN,3,,,6 -10 days,,,,,,,,,,,,,,,,,,,,,,,,,,,,,,,,,,,,,,,,,,,,,
2023,ALN,4,,bluti,6 -10 days,,,,115,,,,6,,,,,,135,,5,11.37,2.274,13:57,1,143,5,,16:18,,,,,,,,5,,,,,,,,,,,,,
2023,ALN,5,,bluti,6 -10 days,,,120,124,,,,8,,,,,,143,,6,8.95,1.491666667,16:03,0,149,8,,13:34,,,,,,,,8,,,,,,,,,,,,,
2023,ALN,6,,bluti,6 -10 days,,,128,132,,,,6,,,,,,149,,4,7.1,1.775,13:31,0,155,6,,14:43,,,,,,,,6,,,,,,,,,,,,,
2023,ALN,7,,,6 -10 days,,,,,,,,,,,,,,,,,,,,,,,,,,,,,,,,,,,,,,,,,,,,,
2023,ALN,8,,,6 -10 days,,,,,,,,,,,,,,,,,,,,,,,,,,,,,,,,,,,,,,,,,,,,,
2023,DEL,1,,bluti,6 -10 days,,,,112,,,,8,,,,,,135,,8,37.48,4.685,11:18,0,135,8,,11:18,,,,,,,,8,,,,,,,,,,,,,
2023,DEL,2,,bluti,6 -10 days,,,,116,,,,8,,,,,,143,,8,47.53,5.94125,11:15,0,143,8,,11:15,,,,,,,,8,,,,,,,,,,,,,
2023,DEL,3,,bluti,6 -10 days,,,,112,,,,8,,,,,,135,,7,18.28,2.611428571,11:27,1,143,7,,11:37,,,,,,,,7,,,,,,,,,,,,,
2023,DEL,4,,bluti,6 -10 days,,,,115,,,,8,,,,,,143,,7,54.06,7.722857143,11:48,1,143,7,,11:48,,,,,,,,7,,,,,,,,,,,,,
2023,DEL,5,,bluti,6 -10 days,,,,114,,,,10,,,,,,143,,8,56.9,7.1125,11:57,1,143,8,,11:57,,,,,,,,8,,,,,,,,,,,,,
2023,DEL,6,,bluti,6 -10 days,,,120,123,,,,8,,,,,,143,,7,11.81,1.687142857,12:06,0,149,8,,08:33,,,,,,,,5,,,,,,,,,,,,,
2023,DEL,7,,,6 -10 days,,,,,,,,,,,,,,,,,,,,,,,,,,,,,,,,,,,,,,,,,,,,,
2023,DEL,8,,,6 -10 days,,,,,,,,,,,,,,,,,,,,,,,,,,,,,,,,,,,,,,,,,,,,,
2023,TAI,1,,bluti,6 -10 days,,,120,122,,,,6,,,,,,143,,6,9.1,1.516666667,12:38,0,149,5,,09:59,,,,,,,,4,,,,,,,,,,,,,
2023,TAI,2,,bluti,6 -10 days,,,,118,,,,10,,,,,,143,,10,36.06,3.606,12:36,0,149,10,,09:50,,,,,,,,3,,,,,,,,,,,,,
2023,TAI,3,,bluti,6 -10 days,,,,119,,,,7,,,,,,143,,7,18.91,2.701428571,12:33,0,149,7,,09:42,,,,,,,,5,,,,,,,,,,,,,
2023,TAI,4,,bluti,6 -10 days,,,,112,,,,8,,,,,,143,,7,48.68,6.954285714,12:49,0,143,7,,12:49,,,,,,,,6,,,,,,,,,,,,,
2023,TAI,5,,bluti,6 -10 days,,,,119,,,,6,,,,,,143,,5,27.5,5.5,12:55,1,143,5,,12:55,,,,,,,,-999,,"door off 162, pine marten",pine marten,,,,,,,,,,
2023,TAI,6,,bluti,6 -10 days,,,,116,,,,4,,,,,,135,,4,8.17,2.0425,11:53,0,143,4,,12:42,,,,,,,,4,,,,,,,,,,,,,
2023,OSP,1,,,6 -10 days,,,,,,,,,,,,,,,,,,,,,,,,,,,,,,,,,,,,,,,,,,,,,
2023,OSP,2,,bluti,6 -10 days,,,128,130,,,,6,,,,,,143,,3,3.35,1.116666667,14:16,0,149,6,,12:09,,,,,,,,4,,,,,,,,,,,,,
2023,OSP,3,,bluti,6 -10 days,,,128,130,,,,6,,,,,,149,,6,23.64,3.94,12:07,0,155,5,,12:43,,,,,,,,5,,,,,,,,,,,,,
2023,OSP,4,,bluti,6 -10 days,,,128,128,,128,,8,,,,,,143,,8,12.64,1.58,14:13,0,149,7,,12:00,,,,,,,,4,,,,,,,,,,,,,
2023,OSP,5,,bluti,6 -10 days,,,120,121,,,,7,,,,,,143,,7,16.43,2.347142857,14:06,0,149,6,,11:39,,,,,,,,0,,,,,,,,,,,,,
2023,OSP,6,,,6 -10 days,,,,,,,,,,,,,,,,,,,,,,,,,,,,,,,,,,,,,,,,,,,,,
2023,OSP,7,,bluti,6 -10 days,,,124,126,,,,7,,,,,,149,,6,17.08,2.846666667,11:55,0,155,5,,12:15,,,,,,,,1,,,,,,,,,,,,,
2023,OSP,8,,bluti,6 -10 days,,,128,129,,,,7,,,,,,149,,5,9.49,1.898,11:57,2,155,4,,12:21,,,,,,,,4,,,,,,,,,,,,,
2023,SPD,1,,bluti,6 -10 days,,,128,130,,,,9,,,,,,155,,9,31.8,3.533333333,13:22,,,,,,,,,,,,,0,,,,,,,,,,,,,
2023,SPD,2,,,6 -10 days,,,,,,,,,,,,,,,,,,,,,,,,,,,,,,,,,,,,,,,,,,,,,
2023,SPD,3,,bluti,6 -10 days,,,122,125,,,,10,,,,,,149,,9,33.44,3.715555556,12:35,,,,,,,,,,,,,-999,,"door off on 155, looks like pine marten",pine marten,,,,,,,,,,
2023,SPD,4,,bluti,6 -10 days,,,124,126,,,,10,,,,,,149,,10,19.87,1.987,12:38,0,155,7,,13:27,,,,,,,,-999,,"signs of pine marten attack 155, door off 162",pine marten,,,,,,,,,,
2023,SPD,5,,bluti,6 -10 days,,,122,125,,,,13,,,,,,149,,3,2.53,0.843333333,12:40,2,155,9,,13:34,,,,,,,,9,,,,,,,,,,,,,
2023,SPD,6,,bluti,6 -10 days,,,126,127,,,,11,,,,,,149,,8,22.72,2.84,12:42,,,,,,,,,,,,,-999,,"chicks dead, but looks like pine marten attack",pine marten,,,,,,,,,,
2023,SPD,8,,bluti,6 -10 days,,,128,129,,,,9,,,,,,149,,5,6.98,1.396,12:29,0,155,4,,13:14,,,,,,,,-999,,door off 162,pine marten,,,,,,,,,,
2023,DOR,1,,bluti,6 -10 days,,,,114,,,,10,,,,,,143,,10,66.37,6.637,13:31,0,143,10,,13:31,,,,,,,,10,,,,,,,,,,,,,
2023,DOR,2,,bluti,6 -10 days,,,,119,,,,8,,,,,,143,,8,23.73,2.96625,13:41,0,149,8,,10:48,,,,,,,,3,,,,,,,,,,,,,
2023,DOR,3,,,6 -10 days,,,,,,,,,,,,,,,,,,,,,,,,,,,,,,,,,,,,,,,,,,,,,
2023,DOR,4,,bluti,6 -10 days,,,120,120,,120,,8,,,,,,149,,8,64.33,8.04125,11:16,0,149,8,,11:16,,,,,,,,0,,,,,,,,,,,,,
2023,DOR,5,,,6 -10 days,,,,,,,,,,,,,,,,,,,,,,,,,,,,,,,,,,,,,,,,,,,,,
2023,DOR,6,,bluti,6 -10 days,,,,115,,,,8,,,,,,143,,8,59.81,7.47625,13:47,0,143,8,,13:47,,,,,,,,8,,,,,,,,,,,,,
2024,EDI,1,,bluti,,,103,108,,,114,122,7,,122,,,,134,0,3,3.33,1.11,18:12,0,140,6,,15:47,,146,6,,15:58,,156,6,,,,,,,,,,,,,
2024,EDI,2,,bluti,,,98,108,,,125,130,5,,128,,,,144,0,5,7,1.4,15:26,0,150,5,,14:52,,156,0,,,,,0,,,,,,,,,,,,,
2024,EDI,3,,bluti,,,92,112,,,123,130,7,,130,,,,142,0,1,0.77,0.77,16:42,1,148,3,,16:13,,152,0,,17:54,,,0,,,,,,,,,,,,,
2024,EDI,4,,,,,103,112,,,,,,,,,,,,,,,,,,,,,,,,,,,,,,,,,,,,,,,,,,
2024,EDI,5,,bluti,,,100,108,,,114,122,6,,122,,,,136,0,2,1.99,1,14:58,4,142,2,,16:27,,148,2,,16:18,,156,2,,,,,,,,,,,,,
2024,EDI,6,,bluti,,,92,108,,,124,132,6,,132,,,,,,,,,,,,,,,,,,,,,,0,,deserted,,,,,,,,,,,
2024,EDI,7,,bluti,,,92,104,,,117,122,5,,124,,,,138,0,4,7.39,1.85,15:27,0,144,4,,15:04,,150,4,,15:07,,156,4,,,,,,,,,,,,,
2024,EDI,8,,bluti,,,114,,,,122,130,6,,130,,,,144,0,2,1.9,0.95,15:15,3,150,0,,,,,,,,,,0,,,,,,,,,,,,,
2024,RSY,1,,bluti,,,103,117,,,126,133,,,133,,,,145,0,2,1.68,0.84,07:23,,,,,,,,,,,,,0,,,,,,,,,,,,,
2024,RSY,2,,bluti,,,125,,,,,,,,,,,,,,,,,,,,,,,,,,,,,,,,,,,,,,,,,,,
2024,RSY,3,,bluti,,,93,115,,,124,133,9,,131,,,,145,0,6,6.26,1.04,07:29,1,151,7,,07:42,,157,1,,06:38,,,0,,,,,,,,,,,,,
2024,RSY,4,,bluti,,,135,135,,,134,141,7,,141,,,,157,0,3,2.58,0.86,06:44,2,165,2,,08:22,,169,2,,08:11,,,2,1,,,,,,,,,,,,
2024,RSY,5,,bluti,,,109,129,,,125,129,6,,133,,,,143,0,3,1,0.33,07:34,,149,1,,07:26,,,0,,,,,0,,"seems very small, uhe not recorded",,,,,,,,,,,
2024,RSY,6,,bluti,,,115,123,,,125,132,8,,133,,,,145,0,5,4.81,0.96,07:23,1,151,7,,07:37,,157,6,,06:26,,,0,,,,,,,,,,,,,
2024,RSY,7,,bluti,,,111,115,,,127,135,9,,135,,,,,,,,,,,,,,,,,,,,,,0,6,deserted,,,,,,,,,,,
2024,RSY,8,,,,,107,,,,,,,,,,,,,,,,,,,,,,,,,,,,,,,,115 - door off,,,,,,,,,,,
2024,FOF,1,,bluti,,,93,101,,,123,133,10,,131,,,,145,0,6,6.64,1.11,07:48,0,151,8,,08:19,,157,7,,07:27,,167,2,0,,,,,,,,,,,,
2024,FOF,2,,,,,,,,,,,,,,,,,,,,,,,,,,,,,,,,,,,,,,,,,,,,,,,,
2024,FOF,3,,bluti,,,93,115,,,123,129,7,,129,,,,143,0,5,3.54,0.71,08:11,0,149,6,,07:50,,155,6,,09:19,,163,6,,,,,,,,,,,,,
2024,FOF,4,,bluti,,,105,123,,,128,134,7,,137,,,,149,0,7,9.83,1.4,07:59,0,155,7,,08:47,,161,6,,08:25,,,0,0,,,,,,,,,,,,
2024,FOF,5,,bluti,,,105,117,,,125,133,9,,135,,,,147,1,4,4.04,1.01,08:49,4,153,0,,,,,,,,,,0,,,,,,,,,,,,,
2024,FOF,6,,bluti,,,111,117,,,125,133,9,,131,,,,145,0,1,0.71,0.71,07:52,0,151,9,,08:28,,,,,,,,0,,,,,,,,,,,,,
2024,FOF,7,,bluti,,,101,113,,,126,132,7,,135,,,,145,0,4,3.54,0.89,07:53,0,151,7,,08:36,,157,7,,07:39,,165,5,,17/3/25 - increased cs by 1 to match v1alive,,,,,,,,,,,
2024,FOF,8,,bluti,,,109,117,,,128,135,8,,133,,,,147,0,5,4.7,0.94,08:17,0,153,8,,07:57,,159,8,,08:22,,,0,,,,,,,,,,,,,
2024,BAD,1,,bluti,6 days,,96,104,,,126,,7,,132,,,,150,0,7,36.72,5.25,,0,150,7,,16:44,,,,,,,167,4,0,,,,,,,,,,,,
2024,BAD,2,,bluti,6 days,,96,,,,132,,7,,138,,,,154,0,6,16.01,2.67,17:37,0,162,5,,15:11,,,,,,,167,1,1,,,,,,,,,,,,
2024,BAD,3,,bluti,6 days,,96,104,,,124,,8,,132,,,,144,0,5,5.13,1.03,13:14,0,150,8,,16:57,,,,,,,,0,,,,,,,,,,,,,
2024,BAD,4,,,6 days,,,,,,,,,,,,,,,,,,,,,,,,,,,,,,,,,,,,,,,,,,,,,
2024,BAD,5,,bluti,6 days,,104,104,,,130,,3,,132,,,,154,0,2,17.71,8.86,17:47,0,154,2,,17:47,,,,,,,167,2,0,,,,,,,,,,,,
2024,BAD,6,,bluti,6 days,,104,108,,,120,,7,,132,,,,144,0,5,12.56,2.51,13:19,0,154,5,,17:52,,,,,,,162,5,,,,,,,,,,,,,
2024,LVN,1,,,,,99,,,,132,,,,,,,,,,,,,,,,,,,,,,,,,,,,,,,,,,,,,,,
2024,LVN,2,,bluti,,,93,99,,,115,116,2,,129,,,,141,0,2,2.82,1.41,08:43,0,147,2,,09:31,,153,2,,09:34,,159,2,,,,,,,,,,,,,
2024,LVN,3,,bluti,,,93,101,,,126,131,5,,129,,,,143,0,3,3.08,1.03,09:16,0,149,5,,10:07,,155,5,,09:57,,161,5,,,,,,,,,,,,,
2024,LVN,4,,bluti,,,93,105,,,114,120,7,,129,,,,139,0,6,14.19,2.36,09:58,1,145,6,,09:12,,151,6,,09:56,,157,6,1,,,,,,,,,,,,
2024,LVN,5,,bluti,,,93,105,,,115,124,6,,127,,,,139,0,5,7,1.4,10:01,1,145,5,,08:57,,151,5,,09:47,,159,5,,,,,,,,,,,,,
2024,LVN,6,,bluti,,,93,125,,,127,,,,,,,,,,,,,,,,,,,,,,,,,,,,,,,,,,,,,,,
2024,LVN,7,,bluti,,,93,101,,,114,127,9,,129,,,,139,0,3,2.51,0.84,10:07,1,145,8,,08:32,,151,8,,09:28,,161,8,,,,,,,,,,,,,
2024,LVN,8,,bluti,,,99,111,,,116,121,6,,127,,,,137,0,5,5.15,1.03,09:26,0,143,6,,08:51,,149,6,,08:45,,157,6,,,,,,,,,,,,,
2024,DOW,1,,bluti,,,110,118,,,125,132,8,,130,,,,146,0,1,1.04,1.04,14:50,,,0,,,,,0,,,,,0,,2 dead chicks at hatching (day 146),,,,,,,,,,,
2024,DOW,2,,,,,,,,,,,,,,,,,,,,,,,,,,,,,,,,,,,,,,,,,,,,,,,,
2024,DOW,3,,,,,,,,,,,,,,,,,,,,,,,,,,,,,,,,,,,,,,,,,,,,,,,,
2024,DOW,4,,,,,,,,,,,,,,,,,,,,,,,,,,,,,,,,,,,,,,,,,,,,,,,,
2024,DOW,5,,bluti,,,102,120,,,127,132,6,,132,,,,146,0,6,8.03,1.34,14:54,0,152,6,,16:46,,158,0,,17:15,,,0,,,,,,,,,,,,,
2024,DOW,6,,bluti,,,92,104,,,128,134,6,,130,,,,144,0,1,1.49,1.49,14:18,0,150,6,,15:35,,156,6,,08:24,,162,5,,,,,,,,,,,,,
2024,DOW,7,,bluti,,,96,110,,,133,140,7,,138,,,,150,0,3,3.43,1.14,16:05,1,156,6,,09:15,,162,5,,14:03,,170,2,,,,,,,,,,,,,
2024,DOW,8,,bluti,,,92,110,,,124,132,8,,130,,,,144,,2,1.88,0.94,14:14,0,150,8,,16:10,,156,0,,,,,0,,,,,,,,,,,,,
2024,GLF,1,,bluti,,,104,112,,,119,126,7,,128,,,,140,,5,6.07,1.2,14:03,0,146,7,,14:07,,152,7,,16:07,,160,5,,,,,,,,,,,,,
2024,GLF,2,,,,,,,,,,,,,,,,,,,,,,,,,,,,,,,,,,,,,,,,,,,,,,,,
2024,GLF,3,,bluti,,,108,120,,,126,133,7,,132,,,,148,0,6,7.7,1.28,13:51,1,154,6,,15:08,,,0,,,,,0,,,,,,,,,,,,,
2024,GLF,4,,,,,102,,,,,,,,,,,,,,,,,,,,,,,,,,,,,,,,132 - wasp nest removed; 136 - wasp nest rebuilt,,,,,,,,,,,
2024,GLF,5,,bluti,,,92,98,,,118,128,7,,130,,,,144,0,6,12.21,2.04,13:38,1,150,6,,15:10,,156,6,,17:51,,,0,,,,,,,,,,,,,
2024,GLF,6,,bluti,,,92,106,,,125,131,7,,132,,,,144,0,4,4.13,1.03,13:30,0,150,6,,14:48,,156,6,,17:40,,162,1,,,,,,,,,,,,,
2024,GLF,7,,bluti,,,102,120,,,128,135,8,,132,,,,148,0,5,6.77,1.35,13:54,1,154,7,,15:16,,160,3,,14:46,,166,3,0,,,,,,,,,,,,
2024,GLF,8,,bluti,,,102,110,,,126,134,8,,134,,,,148,0,5,5.2,1.04,13:57,1,154,6,,15:24,,,0,,,,,0,,,,,,,,,,,,,
2024,SER,1,,bluti,,,98,108,,,121,126,6,,126,,,,140,0,1,0.88,0.88,13:22,0,146,6,,12:26,,152,5,,15:27,,160,4,,,,,,,,,,,,,
2024,SER,2,,bluti,,,92,104,,,126,131,6,,130,,,,144,1,5,5.33,1.07,12:46,0,150,6,,14:01,,156,6,,17:04,,164,6,,,,,,,,,,,,,
2024,SER,3,,bluti,,,110,126,,,131,137,7,,132,,,,150,0,3,3.87,1.29,14:01,1,156,5,,16:34,,162,4,,12:40,,172,4,,,,,,,,,,,,,
2024,SER,4,,bluti,,,100,106,,,112,127,7,,124,,,,136,0,1,0.9,0.9,12:36,2,142,5,,13:56,,148,3,,12:55,,156,3,,,,,,,,,,,,,
2024,SER,5,,bluti,,,92,108,,,117,122,6,,126,,,,138,,4,5.46,1.37,12:24,2,144,4,,12:23,,150,4,,13:44,,158,4,1,,,,,,,,,,,,
2024,SER,6,,bluti,,,92,106,,,116,124,8,,126,,,,140,0,7,9.37,1.34,13:25,0,146,8,,12:53,,152,6,,15:45,,158,3,,,,,,,,,,,,,
2024,SER,7,,bluti,,,92,100,,,107,118,10,,122,,,,,,,,,,,,,,,,,,,,,,0,,deserted on eggs,,,,,,,,,,,
2024,SER,8,,bluti,,,92,100,,,114,121,8,,120,,,,136,0,4,4.23,1.06,12:16,1,142,7,,13:36,,148,7,,13:01,,156,7,1,,,,,,,,,,,,
2024,MCH,1,,bluti,,,103,111,,,118,129,9,,129,,,,141,0,6,5.95,0.99,09:43,1,147,8,,10:36,,153,0,,,,,0,,,,,,,,,,,,,
2024,MCH,2,,bluti,,,93,105,,,118,126,9,,129,,,,141,0,1,0.85,0.85,09:58,0,149,9,,11:14,,153,7,,10:37,,167,4,0,,,,,,,,,,,,
2024,MCH,3,,,,,,,,,,,,,,,,,,,,,,,,,,,,,,,,,,,,,,,,,,,,,,,,
2024,MCH,4,,bluti,,,93,109,,,119,129,9,,129,,,,141,0,6,5.82,0.97,09:40,0,147,8,,10:36,,153,7,,11:00,,163,7,,,,,,,,,,,,,
2024,MCH,5,,,,,109,,,,,,,,,,,,,,,,,,,,,,,,,,,,,,,,,,,,,,,,,,,
2024,MCH,6,,bluti,,,93,109,,,117,127,11,,129,,,,,,,,,,,,,,,,,,,,,,0,,deserted,,,,,,,,,,,
2024,PTH,1,,,,,,,,,,,,,,,,,,,,,,,,,,,,,,,,,,,,,,,,,,,,,,,,
2024,PTH,2,,bluti,,,111,123,,,126,133,8,,131,,,,145,0,5,4.58,0.92,11:22,0,151,5,,12:11,,157,5,,10:32,,,0,,,,,,,,,,,,,
2024,PTH,3,,bluti,,,93,111,,,119,134,6,,135,,,,147,0,4,5.27,1.32,11:48,0,153,6,,12:57,,159,5,,12:00,,165,4,,,,,,,,,,,,,
2024,PTH,4,,bluti,,,93,105,,,124,131,8,,131,,,,143,0,5,5.47,1.09,11:44,1,149,7,,13:00,,155,7,,12:35,,161,7,,,,,,,,,,,,,
2024,PTH,5,,bluti,,,93,105,,,121,127,6,,127,,,,139,0,4,4.13,1.03,11:49,0,145,6,,11:00,,151,6,,12:23,,159,6,,,,,,,,,,,,,
2024,PTH,6,,bluti,,,121,127,,,128,137,9,,135,,,,149,0,7,8.26,1.18,12:05,,155,6,,12:58,,,0,,,,,0,,uhe not recorded,,,,,,,,,,,
2024,PTH,7,,bluti,,,93,97,,,109,123,14,,125,,,,137,0,13,15.41,1.19,11:30,0,143,12,,11:12,,149,12,,12:20,,157,12,,,,,,,,,,,,,
2024,PTH,8,,bluti,,,103,111,,,122,131,11,,131,,,,,,,,,,,,,,,,,,,,,,-999,,"143 - door off, all eggs cold, eggs increased by 3, changed to -999 on 25/3/25",,,,,,,,,,,
2024,STY,1,,bluti,,,92,104,,,119,127,9,,130,,,,142,0,7,9.93,1.42,12:30,2,148,7,,11:56,,154,7,,12:20,,160,5,,,,,,,,,,,,,
2024,STY,2,,bluti,,,94,110,,,126,133,8,,132,,,,146,0,7,9.62,1.37,10:55,0,152,6,,12:19,,158,3,,14:17,,166,3,,,,,,,,,,,,,
2024,STY,3,,bluti,,,100,104,,,116,125,10,,126,,,,140,0,9,21.74,2.42,12:43,1,146,9,,11:03,,152,10,,12:50,,,0,,This is a very rare case of an egg hatching between v1 and v2,,,,,,,,,,,
2024,STY,4,,bluti,,,106,118,,,128,134,6,,136,,,,146,0,3,2.86,0.95,11:06,0,152,5,,12:18,,158,0,,14:18,,,0,,,,,,,,,,,,,
2024,STY,5,,bluti,,,102,110,,,125,131,7,,130,,,,144,1,5,6.13,1.23,11:45,0,150,7,,11:37,,156,7,,15:25,,164,7,,,,,,,,,,,,,
2024,STY,6,,bluti,,,100,114,,,124,131,7,,130,,,,144,0,5,5.6,1.12,11:37,0,150,7,,12:10,,156,5,,15:05,,164,5,,,,,,,,,,,,,
2024,STY,7,,bluti,,,110,114,,,115,120,6,,126,,,,140,0,4,4.33,1.08,12:35,1,146,5,,10:54,,152,5,,12:50,,160,5,,One egg in process of hatching,,,,,,,,,,,
2024,STY,8,,,,,114,,,,,,,,,,,,,,,,,,,,,,,,,,,,,,,,,,,,,,,,,,,
2024,BIR,1,,bluti,,,121,125,,,127,136,9,,135,,,,147,0,7,6.98,1,12:58,0,153,8,,13:35,,159,8,,12:49,,171,2,,,,,,,,,,,,,
2024,BIR,2,,bluti,,,111,121,,,125,132,8,,131,,,,145,0,3,2.76,0.92,12:19,3,151,4,,13:28,,157,4,,16:28,,167,4,3,ATR0867 found dead outside box,,,,,,,,,,,
2024,BIR,3,,bluti,,,99,127,,,143,147,5,,147,,,,159,0,2,2.38,1.19,12:35,0,165,4,,11:55,,169,4,,11:22,,,4,0,,,,,,,,,,,,
2024,BIR,4,,,,,,,,,,,,,,,,,,,,,,,,,,,,,,,,,,,,,,,,,,,,,,,,
2024,BIR,5,,,,,,,,,,,,,,,,,,,,,,,,,,,,,,,,,,,,,,,,,,,,,,,,
2024,BIR,6,,,,,,,,,,,,,,,,,,,,,,,,,,,,,,,,,,,,,,,,,,,,,,,,
2024,BIR,7,,bluti,,,111,121,,,126,132,7,,131,,,,145,0,5,6.13,1.23,12:34,0,151,7,,13:35,,157,7,,16:50,,165,7,,,,,,,,,,,,,
2024,BIR,8,,,,,,,,,,,,,,,,,,,,,,,,,,,,,,,,,,,,,,,,,,,,,,,,
2024,DUN,1,,,6 days,,,,,,,,,,,,,,,,,,,,,,,,,,,,,,,,,,,,,,,,,,,,,
2024,DUN,2,,bluti,6 days,,106,124,,,133,,8,,142,,,,154,0,7,16.15,2.31,11:38,0,160,8,,12:41,,,,,,,,0,0,,,,,,,,,,,,
2024,DUN,3,,bluti,6 days,,118,130,,,128,,6,,136,,,,148,0,6,10.21,1.7,10:41,0,154,6,,11:25,,,,,,,168,6,0,,,,,,,,,,,,
2024,DUN,4,,,6 days,,,,,,,,,,,,,,,,,,,,,,,,,,,,,,,,,,,,,,,,,,,,,
2024,DUN,5,,,6 days,,,,,,,,,,,,,,,,,,,,,,,,,,,,,,,,,,,,,,,,,,,,,
2024,DUN,6,,,6 days,,,,,,,,,,,,,,,,,,,,,,,,,,,,,,,,,,,,,,,,,,,,,
2024,DUN,7,,,6 days,,,,,,,,,,,,,,,,,,,,,,,,,,,,,,,,,,,,,,,,,,,,,
2024,DUN,8,,bluti,6 days,,124,,,,135,,6,,148,,,,154,0,5,6.58,1.32,11:35,1,160,4,,12:49,,,,,,,,0,0,,,,,,,,,,,,
2024,BLG,1,,,,,93,109,,,123,,,,,,,,,,,,,,,,,,,,,,,,,,,,"10/3/25 - on one visit was recorded as warm eggs, but many viists before and after on 7 cold eggs, so CS entry not used and suc not recorded.",,,,,,,,,,,
2024,BLG,2,,bluti,,,93,111,,,123,133,8,,131,,,,145,0,3,3.5,1.17,13:18,2,151,6,,14:54,,158,6,,13:14,,165,6,1,,,,,,,,,,,,
2024,BLG,3,,bluti,,,101,119,,,128,136,9,,133,,,,147,0,5,5.15,1.03,13:13,1,153,3,,14:18,,,0,,,,,0,,,,,,,,,,,,,
2024,BLG,4,,bluti,,,93,109,,,117,131,9,,127,,,,141,0,1,0.78,0.78,13:01,3,147,4,,13:42,,153,4,,14:48,,163,4,3,,,,,,,,,,,,
2024,BLG,5,,bluti,,,95,113,,,121,130,9,,129,,,,145,0,6,6.81,1.14,13:07,0,151,7,,14:28,,158,7,,13:32,,163,4,,,,,,,,,,,,,
2024,BLG,6,,bluti,,,103,127,,,126,132,7,,131,,,,145,0,4,3.37,0.84,13:03,1,151,4,,14:19,,158,4,,13:35,,165,1,,,,,,,,,,,,,
2024,BLG,7,,bluti,,,93,103,,,114,120,7,,127,,,,139,0,1,0.93,0.93,13:24,0,145,7,,13:04,,151,7,,14:29,,163,7,,,,,,,,,,,,,
2024,BLG,8,,bluti,,,103,109,,,125,133,8,,131,,,,145,0,4,3.53,0.88,12:58,2,151,6,,14:12,,158,6,,12:42,,165,6,,,,,,,,,,,,,
2024,PIT,1,,bluti,,,92,116,,,122,143,13,,132,,,,156,9,0,9.2,1.02,12:50,,161,0,,,,,,,,,,0,,,,,,,,,,,,,
2024,PIT,2,,bluti,,,104,116,,,127,132,6,,132,,,,146,0,4,5.65,1.41,10:03,2,152,4,,10:50,,158,4,,11:38,,166,4,,,,,,,,,,,,,
2024,PIT,3,,bluti,,,104,114,,,126,131,7,,130,,,,144,0,5,7.47,1.49,10:24,0,150,7,,10:09,,156,7,,13:20,,162,1,,,,,,,,,,,,,
2024,PIT,4,,,,,,,,,,,,,,,,,,,,,,,,,,,,,,,,,,,,,,,,,,,,,,,,
2024,PIT,5,,bluti,,,104,124,,,127,137,9,,132,,,,146,0,2,1.87,0.94,10:11,0,152,8,,11:05,,158,6,,11:49,,168,4,0,,,,,,,,,,,,
2024,PIT,6,,bluti,,,108,114,,,119,129,11,,132,,,,144,0,11,10.87,0.99,10:31,0,150,11,,10:22,,,0,,,,,0,,,,,,,,,,,,,
2024,PIT,7,,bluti,,,110,120,,,124,132,9,,132,,,,144,0,4,3.58,0.9,10:24,0,150,9,,10:09,,156,9,,13:37,,166,9,,,,,,,,,,,,,
2024,PIT,8,,bluti,,,110,116,,,125,132,8,,132,,,,146,0,6,8.78,1.46,10:00,2,152,6,,10:49,,158,4,,11:31,,166,2,,,,,,,,,,,,,
2024,KCK,1,,bluti,,,104,114,,,127,133,7,,132,,,,146,0,5,5.81,1.16,09:11,0,152,7,,09:50,,,0,,,,,0,,,,,,,,,,,,,
2024,KCK,2,,,,,,,,,,,,,,,,,,,,,,,,,,,,,,,,,,,,,,,,,,,,,,,,
2024,KCK,3,,,,,,,,,,,,,,,,,,,,,,,,,,,,,,,,,,,,,,,,,,,,,,,,
2024,KCK,4,,,,,,,,,,,,,,,,,,,,,,,,,,,,,,,,,,,,,,,,,,,,,,,,
2024,KCK,5,,,,,104,,,,,,,,,,,,,,,,,,,,,,,,,,,,,,,,,,,,,,,,,,,
2024,KCK,6,,,,,,,,,,,,,,,,,,,,,,,,,,,,,,,,,,,,,,,,,,,,,,,,
2024,KCK,7,,,,,,,,,,,,,,,,,,,,,,,,,,,,,,,,,,,,,,,,,,,,,,,,
2024,KCK,8,,,,,122,138,,,,,,,,,,,,,,,,,,,,,,,,,,,,,,,,,,,,,,,,,,
2024,KCZ,1,,,,,,,,,,,,,,,,,,,,,,,,,,,,,,,,,,,,,,,,,,,,,,,,
2024,KCZ,2,,bluti,,,110,124,,,126,133,7,,134,,,,146,0,4,4.28,1.07,09:26,2,152,5,,10:02,,158,5,,10:48,,164,4,0,,,,,,,,,,,,
2024,KCZ,3,,,,,,,,,,,,,,,,,,,,,,,,,,,,,,,,,,,,,,,,,,,,,,,,
2024,KCZ,4,,bluti,,,122,126,,,129,133,4,,138,,,,150,0,2,2.73,1.37,09:31,0,156,3,,11:25,,162,2,,11.02,,,0,0,,,,,,,,,,,,
2024,KCZ,5,,bluti,,,108,126,,,129,134,6,,134,,,,148,0,4,5.23,1.31,09:43,2,154,4,,09:35,,160,4,,11:13,,166,3,0,,,,,,,,,,,,
2024,KCZ,6,,bluti,,,124,,,,131,138,8,,136,,,,150,0,5,5.75,1.15,09:39,1,156,3,,11:35,,162,0,,,,,0,0,,,,,,,,,,,,
2024,KCZ,7,,,,,,,,,,,,,,,,,,,,,,,,,,,,,,,,,,,,,,,,,,,,,,,,
2024,KCZ,8,,bluti,,,96,126,,,130,136,7,,136,,,,150,0,4,6.06,1.52,09:16,2,156,4,,11:01,,162,4,,03:21,,168,4,0,,,,,,,,,,,,
2024,BLA,1,,bluti,,,93,105,,,126,133,8,,131,,,,145,0,5,4.39,0.88,14:03,0,153,7,,15:21,,157,7,,18:11,,,0,,,,,,,,,,,,,
2024,BLA,2,,bluti,,,111,125,,,129,135,7,,135,,,,149,0,5,5.81,1.16,15:47,0,155,7,,10:21,,161,0,,,,,0,,,,,,,,,,,,,
2024,BLA,3,,bluti,,,103,115,,,132,139,7,,137,,,,151,0,2,2.48,1.24,15:43,2,157,5,,18:27,,163,5,,15:10,,,0,2,,,,,,,,,,,,
2024,BLA,4,,,,,,,,,,,,,,,,,,,,,,,,,,,,,,,,,,,,,,,,,,,,,,,,
2024,BLA,5,,,,,,,,,,,,,,,,,,,,,,,,,,,,,,,,,,,,,,,,,,,,,,,,
2024,BLA,6,,bluti,,,95,123,,,128,137,9,,135,,,,149,0,6,6.35,1.06,15:46,0,155,9,,17:05,,161,0,,,,,0,,,,,,,,,,,,,
2024,BLA,7,,bluti,,,111,121,,,129,134,5,,133,,,,147,0,3,3.15,1.05,14:30,1,153,3,,15:20,,159,2,,15:25,,167,2,,,,,,,,,,,,,
2024,BLA,8,,bluti,,,93,107,,,129,133,5,,135,,,,145,0,2,2.36,1.18,15:39,2,155,3,,17:03,,161,3,,,,167,3,,,,,,,,,,,,,
2024,CAL,1,,bluti,,,96,,,,116,,,,,,,,,,,,,,,,,,,,,,,,,,-999,,All eggs gone after 136,,,,,,,,,,,
2024,CAL,2,,bluti,,,96,128,,,129,138,7,,138,,,,150,0,4,4.72,1.18,08:37,0,156,7,,09:40,,162,5,,09:37,,170,3,,,,,,,,,,,,,
2024,CAL,3,,bluti,,,104,128,,,131,138,8,,138,,,,150,0,5,6.1,1.22,08:38,2,156,0,,09:40,,,,,,,,0,,,,,,,,,,,,,
2024,CAL,4,,,,,,,,,,,,,,,,,,,,,,,,,,,,,,,,,,,,,,,,,,,,,,,,
2024,CAL,5,,,,,,,,,,,,,,,,,,,,,,,,,,,,,,,,,,,,,,,,,,,,,,,,
2024,CAL,6,,,,,,,,,,,,,,,,,,,,,,,,,,,,,,,,,,,,,,,,,,,,,,,,
2024,CAL,7,,bluti,,,96,122,,,125,133,7,,136,,,,146,0,6,9.07,1.51,08:48,0,152,7,,09:11,,158,6,,09:27,,166,2,0,,,,,,,,,,,,
2024,CAL,8,,,,,,,,,,,,,,,,,,,,,,,,,,,,,,,,,,,,,,,,,,,,,,,,
2024,DNM,1,,bluti,,,119,127,,,131,139,9,,135,,,,153,0,7,12.05,1.72,16:02,2,159,7,,15:57,,,,,,,,0,,,,,,,,,,,,,
2024,DNM,2,,bluti,,,93,109,,,121,128,8,,127,,,,141,0,5,4.65,0.93,14:22,0,147,8,,14:49,,153,8,,16:08,,161,7,,,,,,,,,,,,,
2024,DNM,3,,bluti,,,93,101,,,117,125,9,,123,,,,137,0,1,0.88,0.88,15:00,0,143,9,,14:58,,149,0,,,,,0,,,,,,,,,,,,,
2024,DNM,4,,bluti,,,93,117,,,127,133,8,,135,,,,147,0,7,8.34,1.19,15:18,0,153,7,,16:21,,159,3,,16:24,,,0,,,,,,,,,,,,,
2024,DNM,5,,bluti,,,93,105,,,127,135,8,,131,,,,147,0,4,4.62,1.16,15:18,1,153,7,,16:33,,159,6,,16:28,,169,5,,,,,,,,,,,,,
2024,DNM,6,,,,,,,,,,,,,,,,,,,,,,,,,,,,,,,,,,,,,,,,,,,,,,,,
2024,DNM,7,,bluti,,,93,93,,,122,130,9,,127,,,,141,0,4,4.61,1.15,14:21,0,147,9,,14:50,,153,8,,16:38,,161,1,,25/3/25 - changed uhe from 2 to 0 as all other visits report 9 total,,,,,,,,,,,
2024,DNM,8,,,,,,,,,,,,,,,,,,,,,,,,,,,,,,,,,,,,,,,,,,,,,,,,
2024,DNC,2,,bluti,,,95,105,,,127,135,9,,133,,,,147,0,7,12.03,1.72,15:49,0,153,9,,17:27,,159,9,,17:03,,,0,,,,,,,,,,,,,
2024,DNC,3,,,,,,,,,,,,,,,,,,,,,,,,,,,,,,,,,,,,,,,,,,,,,,,,
2024,DNC,4,,bluti,,,105,111,,,115,135,9,,125,,,,139,0,6,7.31,1.22,18:55,2,145,7,,15:15,,151,7,,18:00,,,7,,,,,,,,,,,,,
2024,DNC,5,,,,,103,,,,,,,,,,,,,,,,,,,,,,,,,,,,,,,,,,,,,,,,,,,
2024,DNC,6,,coati,,,119,123,,,126,135,,,133,,,,,,,,,,,,,,,,,,,,,,,,,,,,,,,,,,,
2024,DNC,7,,,,,,,,,,,,,,,,,,,,,,,,,,,,,,,,,,,,,,,,,,,,,,,,
2024,DNC,8,,,,,117,,,,,,,,,,,,,,,,,,,,,,,,,,,,,,,,,,,,,,,,,,,
2024,DNC,9,,bluti,,,111,115,,,127,134,7,,133,,,,147,0,5,7.8,1.56,15:44,1,153,6,,17:49,,,0,,,,,0,,,,,,,,,,,,,
2024,DNS,1,,,,,,,,,,,,,,,,,,,,,,,,,,,,,,,,,,,,,,,,,,,,,,,,
2024,DNS,2,,bluti,,,105,125,,,129,136,7,,135,,,,149,0,3,3.63,1.21,17:43,2,155,5,,18:47,,,0,,,,,0,,,,,,,,,,,,,
2024,DNS,3,,,,,,,,,,,,,,,,,,,,,,,,,,,,,,,,,,,,,,,,,,,,,,,,
2024,DNS,4,,bluti,,,117,125,,,131,140,10,,139,,,,153,0,7,10.29,1.47,18:21,1,159,9,,18:32,,165,0,,14:40,,,0,,,,,,,,,,,,,
2024,DLW,1,,bluti,6 days,,98,110,,,122,,11,,140,,,,146,0,8,7.87,0.98,08:10,1,152,10,,08:31,,,,,,,166,10,0,,,,,,,,,,,,
2024,DLW,2,,,6 days,,128,128,,,,,,,,,,,,,,,,,,,,,,,,,,,,,,,,,,,,,,,,,,
2024,DLW,3,,,6 days,,128,128,,,,,,,,,,,,,,,,,,,,,,,,,,,,,,,,,,,,,,,,,,
2024,DLW,4,,,6 days,,,,,,,,,,,,,,,,,,,,,,,,,,,,,,,,,,,,,,,,,,,,,
2024,DLW,5,,,6 days,,,,,,,,,,,,,,,,,,,,,,,,,,,,,,,,,,,,,,,,,,,,,
2024,DLW,6,,,6 days,,,,,,,,,,,,,,,,,,,,,,,,,,,,,,,,,,,,,,,,,,,,,
2024,CRU,1,,bluti,,,96,118,,,126,137,11,,136,,,,150,0,8,10.09,1.26,07:56,0,156,9,,07:48,,162,9,,08:18,,170,2,,,,,,,,,,,,,
2024,CRU,2,,,,,92,114,,,,,,,,,,,,,,,,,,,,,,,,,,,,,,,,,,,,,,,,,,
2024,CRU,3,,,,,128,,,,,,,,,,,,,,,,,,,,,,,,,,,,,,,,,,,,,,,,,,,
2024,CRU,4,,bluti,,,110,126,,,134,140,7,,140,,,,154,0,5,8.61,1.72,07:53,0,160,6,,08:20,,,,,,,,2,0,,,,,,,,,,,,
2024,CRU,5,,,,,,,,,,,,,,,,,,,,,,,,,,,,,,,,,,,,,,,,,,,,,,,,
2024,CRU,6,,,,,116,120,,,,,,,,,,,,,,,,,,,,,,,,,,,,,,,,,,,,,,,,,,
2024,CRU,7,,bluti,,,96,110,,,121,129,8,,128,,,,140,,2,2.85,1.42,07:43,1,146,7,,07:39,,152,7,,07:54,,162,7,,,,,,,,,,,,,
2024,CRU,8,,,,,,,,,,,,,,,,,,,,,,,,,,,,,,,,,,,,,,,,,,,,,,,,
2024,NEW,1,,bluti,,,102,112,,,119,124,6,,128,,,,140,0,5,8.63,1.73,06:56,0,146,5,,07:02,,152,5,,06:55,,160,5,,,,,,,,,,,,,
2024,NEW,2,,bluti,,,100,108,,,121,129,8,,128,,,,142,0,4,3.19,0.8,07:07,1,148,7,,07:37,,154,7,,07:07,,162,4,1,,,,,,,,,,,,
2024,NEW,3,,bluti,,,102,108,,,124,130,7,,130,,,,144,0,6,9.23,1.54,07:15,1,150,6,,07:01,,156,5,,07:09,,164,3,,,,,,,,,,,,,
2024,NEW,4,,,,,,,,,,,,,,,,,,,,,,,,,,,,,,,,,,,,,,,,,,,,,,,,
2024,NEW,5,,,,,,,,,,,,,,,,,,,,,,,,,,,,,,,,,,,,,,,,,,,,,,,,
2024,NEW,6,,bluti,,,92,116,,,123,131,9,,130,,,,144,0,5,4.19,0.84,07:08,1,150,8,,06:35,,156,6,,06:49,,,0,,,,,,,,,,,,,
2024,NEW,7,,,,,92,128,,,,,,,,,,,,,,,,,,,,,,,,,,,,,,,,,,,,,,,,,,
2024,NEW,8,,,,,100,,,,,,,,,,,,,,,,,,,,,,,,,,,,,,,,,,,,,,,,,,,
2024,HWP,1,,bluti,6-8days,,,,,,,,8,,,,,,145,,8,31.18,3.8975,17:52,0,145,8,,17:52,,149,8,,19:16,,169,8,0,,,,,,,,,,,,
2024,HWP,2,,,6-8days,,,,,,,,,,,,,,,,,,,,,,,,,,,,,,,,,,,,,,,,,,,,,
2024,HWP,3,,,6-8days,,,,,,,,,,,,,,,,,,,,,,,,,,,,,,,,,,,,,,,,,,,,,
2024,HWP,4,,,6-8days,,,,,,,,,,,,,,,,,,,,,,,,,,,,,,,,,,,,,,,,,,,,,
2024,HWP,5,,,6-8days,,,,,,,,,,,,,,,,,,,,,,,,,,,,,,,,,,,,,,,,,,,,,
2024,HWP,6,,bluti,6-8days,,,,,,,,10,,,,,,139,,10,14.3,1.43,08:40,0,145,10,,17:29,,,,,,,,10,,,,,,,,,,,,,
2024,HWP,7,,bluti,6-8days,,,,,,,,10,,,,,,149,,6,16.06,2.676666667,18:50,4,151,6,,12:45,,,,,,,,0,,,,,,,,,,,,,
2024,HWP,8,,bluti,6-8days,,,,,,,,9,,,,,,145,,9,18,2,17:22,0,149,9,,18:53,,,,,,,169,7,0,,,,,,,,,,,,
2024,INS,1,,,6-8days,,,,,,,,,,,,,,,,,,,,,,,,,,,,,,,,,,,,,,,,,,,,,
2024,INS,2,,,6-8days,,,,,,,,,,,,,,,,,,,,,,,,,,,,,,,,,,,,,,,,,,,,,
2024,INS,3,,bluti,6-8days,,,,,,,,7,,,,,,145,,6,9.43,1.571666667,17:47,1,151,6,,07:00,,,,,,,169,2,1,,,,,,,,,,,,
2024,INS,4,,bluti,6-8days,,,,,,,,7,,,,,,145,,7,19.06,2.722857143,17:50,0,152,7,,07:03,,,,,,,169,6,0,,,,,,,,,,,,
2024,INS,5,,,6-8days,,,,,,,,,,,,,,,,,,,,,,,,,,,,,,,,,,,,,,,,,,,,,
2024,INS,6,,bluti,6-8days,,,,,,,,5,,,,,,158,,3,5.9,1.966666667,06:54,0,169,1,,15:34,,,,,,,,1,0,,,,,,,,,,,,
2024,INS,7,,bluti,6-8days,,,,,,,,8,,,,,,145,,8,12.76,1.595,17:55,0,151,8,,06:48,,,,,,,169,5,0,,,,,,,,,,,,
2024,INS,8,,,6-8days,,,,,,,,,,,,,,,,,,,,,,,,,,,,,,,,,,,,,,,,,,,,,
2024,FSH,1,,bluti,6-8days,,,,,,,,7,,,,,,145,,5,9.38,1.876,17:13,1,152,6,,07:29,,,,,,,169,5,1,,,,,,,,,,,,
2024,FSH,2,,bluti,6-8days,,,,,,,,7,,,,,,145,,7,10.84,1.548571429,17:15,0,152,7,,07:37,,,,,,,169,5,0,,,,,,,,,,,,
2024,FSH,3,,bluti,6-8days,,,,,,,,5,,,,,,151,,5,16.39,3.278,07:47,0,158,5,,07:43,,,,,,,169,1,0,,,,,,,,,,,,
2024,FSH,4,,bluti,6-8days,,,,,,,,7,,,,,,,,,,,,,,,,,,,,,,,,-999,,,pine marten,,,,,,,,,,
2024,FSH,5,,bluti,6-8days,,,,,,,,7,,,,,,145,,7,13.86,1.98,17:23,0,152,7,,07:29,,,,,,,169,4,0,,,,,,,,,,,,
2024,FSH,6,,bluti,6-8days,,,,,,,,7,,,,,,157,,6,13.55,2.258333333,08:15,0,169,3,,16:27,,,,,,,175,0,,,,,,,,,,,,,
2024,FSH,7,,bluti,6-8days,,,,,,,,8,,,,,,151,,6,17.71,2.951666667,07:27,0,158,6,,07:22,,,,,,,175,3,,,,,,,,,,,,,
2024,FSH,8,,,6-8days,,,,,,,,,,,,,,,,,,,,,,,,,,,,,,,,,,,,,,,,,,,,,
2024,RTH,1,,,6-8days,,,,,,,,,,,,,,,,,,,,,,,,,,,,,,,,,,,,,,,,,,,,,
2024,RTH,2,,bluti,6-8days,,,,,,,,11,,,,,,145,,8,15.5,1.9375,16:51,1,152,9,,08:36,,,,,,,,0,,,,,,,,,,,,,
2024,RTH,3,,bluti,6-8days,,,,,,,,8,,,,,,145,,8,15.12,1.89,16:54,0,152,8,,08:36,,,,,,,,-999,,,pine marten,,,,,,,,,,
2024,RTH,4,,bluti,6-8days,,,,,,,,7,,,,,,158,,5,11.05,2.21,09:33,1,161,3,,17:58,,,,,,,,3,0,,,,,,,,,,,,
2024,AVI,1,,,6-8days,,,,,,,,,,,,,,,,,,,,,,,,,,,,,,,,,,,,,,,,,,,,,
2024,AVI,2,,bluti,6-8days,,,,,,,,6,,,,,,145,,6,24.53,4.088333333,16:19,0,145,6,,16:19,,,,,,,167,6,,,,,,,,,,,,,
2024,AVI,3,,,6-8days,,,,,,,,,,,,,,,,,,,,,,,,,,,,,,,,,,,,,,,,,,,,,
2024,AVI,4,,,6-8days,,,,,,,,,,,,,,,,,,,,,,,,,,,,,,,,,,,,,,,,,,,,,
2024,AVI,5,,bluti,6-8days,,,,,,,,6,,,,,,151,,4,4.66,1.165,09:16,0,167,4,,16:27,,,,,,,,0,0,,,,,,,,,,,,
2024,AVI,6,,bluti,6-8days,,,,,,,,7,,,,,,145,,7,13.24,1.891428571,16:29,0,152,7,,09:17,,,,,,,167,6,,,,,,,,,,,,,
2024,AVI,7,,,6-8days,,,,,,,,,,,,,,,,,,,,,,,,,,,,,,,,,,,,,,,,,,,,,
2024,AVI,8,,bluti,6-8days,,,,,,,,8,,,,,,151,,4,20.75,5.1875,09:24,4,158,4,,09:47,,,,,,,167,4,3,,,,,,,,,,,,
2024,AVN,4,,bluti,6-8days,,,,,,,,9,,,,,,146,,8,10.74,1.3425,06:25,0,152,9,,09:45,,,,,,,167,2,,,,,,,,,,,,,
2024,AVN,5,,bluti,6-8days,,,,,,,,7,,,,,,146,,6,10.14,1.69,06:18,0,151,7,,09:54,,,,,,,,0,,,,,,,,,,,,,
2024,AVN,6,,bluti,6-8days,,,,,,,,9,,,,,,146,,7,8.4,1.2,06:21,0,152,8,,10:01,,,,,,,,0,,,,,,,,,,,,,
2024,AVN,7,,bluti,6-8days,,,,,,,,7,,,,,,146,,4,5.52,1.38,06:15,3,151,4,,09:45,,,,,,,167,4,3,,,,,,,,,,,,
2024,AVN,8,,bluti,6-8days,,,,,,,,8,,,,,,152,,7,15.04,2.148571429,09:57,1,158,7,,11:12,,,,,,,,2,0,,,,,,,,,,,,
2024,CAR,1,,bluti,6-8days,,,,,,,,8,,,,,,146,,8,15.19,1.89875,06:37,0,151,8,,10:50,,,,,,,167,5,,,,,,,,,,,,,
2024,CAR,2,,bluti,6-8days,,,,,,,,7,,,,,,167,,5,43.28,8.656,15:12,0,167,5,,15:12,,,,,,,,2,0,,,,,,,,,,,,
2024,CAR,3,,bluti,6-8days,,,,,,,,7,,,,,,146,,7,19.13,2.732857143,06:41,0,151,7,,10:34,,,,,,,167,6,,,,,,,,,,,,,
2024,CAR,4,,bluti,6-8days,,,,,,,,9,,,,,,146,,7,14.9,2.128571429,06:43,0,151,2,,10:46,,,,,,,,0,,,,,,,,,,,,,
2024,CAR,5,,,6-8days,,,,,,,,,,,,,,,,,,,,,,,,,,,,,,,,,,,,,,,,,,,,,
2024,CAR,6,,,6-8days,,,,,,,,,,,,,,,,,,,,,,,,,,,,,,,,,,,,,,,,,,,,,
2024,SLS,1,,,6-8days,,,,,,,,,,,,,,,,,,,,,,,,,,,,,,,,,,,,,,,,,,,,,
2024,SLS,2,,bluti,6-8days,,,,,,,,9,,,,,,158,,6,10.87,1.811666667,12:35,0,167,7,,08:14,,,,,,,,7,6,,,,,,,,,,,,
2024,SLS,3,,,6-8days,,,,,,,,,,,,,,,,,,,,,,,,,,,,,,,,,,,,,,,,,,,,,
2024,SLS,4,,,6-8days,,,,,,,,,,,,,,,,,,,,,,,,,,,,,,,,,,,,,,,,,,,,,
2024,SLS,5,,bluti,6-8days,,,,,,,,7,,,,,,146,,1,0.86,0.86,06:59,0,152,7,,11:32,,,,,,,,0,,,,,,,,,,,,,
2024,SLS,6,,bluti,6-8days,,,,,,,,8,,,,,,152,,8,,0,11:20,0,152,8,,11:20,,,,,,,167,7,,,,,,,,,,,,,
2024,SLS,7,,bluti,6-8days,,,,,,,,7,,,,,,146,,5,6.01,1.202,07:05,0,151,7,,11:19,,,,,,,167,5,,,,,,,,,,,,,
2024,SLS,8,,,6-8days,,,,,,,,,,,,,,,,,,,,,,,,,,,,,,,,,,,,,,,,,,,,,
2024,TOM,1,,,6-8days,,,,,,,,,,,,,,,,,,,,,,,,,,,,,,,,,,,,,,,,,,,,,
2024,TOM,2,,,6-8days,,,,,,,,,,,,,,,,,,,,,,,,,,,,,,,,,,,,,,,,,,,,,
2024,TOM,3,,,6-8days,,,,,,,,,,,,,,,,,,,,,,,,,,,,,,,,,,,,,,,,,,,,,
2024,TOM,4,,,6-8days,,,,,,,,,,,,,,,,,,,,,,,,,,,,,,,,,,,,,,,,,,,,,
2024,TOM,5,,,6-8days,,,,,,,,,,,,,,,,,,,,,,,,,,,,,,,,,,,,,,,,,,,,,
2024,TOM,6,,,6-8days,,,,,,,,,,,,,,,,,,,,,,,,,,,,,,,,,,,,,,,,,,,,,
2024,TOM,7,,,6-8days,,,,,,,,,,,,,,,,,,,,,,,,,,,,,,,,,,,,,,,,,,,,,
2024,TOM,8,,,6-8days,,,,,,,,,,,,,,,,,,,,,,,,,,,,,,,,,,,,,,,,,,,,,
2024,ART,1,,,6-8days,,,,,,,,,,,,,,,,,,,,,,,,,,,,,,,,,,,,,,,,,,,,,
2024,ART,2,,bluti,6-8days,,,,,,,,9,,,,,,138,1,9,13.06,1.451111111,11:17,0,146,7,,07:38,,,,,,,157,4,,,,,,,,,,,,,
2024,ART,3,,bluti,6-8days,,,,,,,,9,,,,,,146,,8,11,1.375,07:47,1,151,8,,09:28,,,,,,,,0,,,,,,,,,,,,,
2024,ART,4,,bluti,6-8days,,,,,,,,9,,,,,,146,,9,24.51,2.723333333,07:50,0,151,9,,09:09,,,,,,,167,3,,,,,,,,,,,,,
2024,ART,5,,,6-8days,,,,,,,,,,,,,,,,,,,,,,,,,,,,,,,,,,,,,,,,,,,,,
2024,ART,6,,,6-8days,,,,,,,,,,,,,,,,,,,,,,,,,,,,,,,,,,,,,,,,,,,,,
2024,ART,7,,bluti,6-8days,,,,,,,,7,,,,,,151,0,7,27.55,3.935714286,09:21,0,157,7,,17:08,,,,,,,,0,,,,,,,,,,,,,
2024,ART,8,,,6-8days,,,,,,,,,,,,,,,,,,,,,,,,,,,,,,,,,,,,,,,,,,,,,
2024,MUN,1,,,6-8days,,,,,,,,,,,,,,,,,,,,,,,,,,,,,,,,,,,,,,,,,,,,,
2024,MUN,2,,bluti,6-8days,,,,,,,,8,,,,,,146,,8,25.81,3.22625,08:13,0,151,8,,17:38,,,,,,,167,2,,,,,,,,,,,,,
2024,MUN,3,,bluti,6-8days,,,,,,,,7,,,,,,146,,7,41.42,5.917142857,08:16,0,146,7,,08:16,,,,,,,167,6,,,,,,,,,,,,,
2024,MUN,4,,bluti,6-8days,,,,,,,,9,,,,,,146,,9,23.29,2.587777778,08:24,0,,0,,,,,,,,,,0,,,,,,,,,,,,,
2024,MUN,5,,,6-8days,,,,,,,,,,,,,,,,,,,,,,,,,,,,,,,,,,,,,,,,,,,,,
2024,MUN,6,,bluti,6-8days,,,,,,,,7,,,,,,,,,,,,,,,,,,,,,,,,0,,deserted on eggs,,,,,,,,,,,
2024,MUN,7,,,6-8days,,,,,,,,,,,,,,,,,,,,,,,,,,,,,,,,,,,,,,,,,,,,,
2024,MUN,8,,bluti,6-8days,,,,,,,,7,,,,,,146,,6,10.85,1.808333333,08:08,1,151,6,,17:25,,,,,,,167,6,,,,,,,,,,,,,
2024,FOU,1,,,6-8days,,,,,,,,,,,,,,,,,,,,,,,,,,,,,,,,,,,,,,,,,,,,,
2024,FOU,2,,,6-8days,,,,,,,,,,,,,,,,,,,,,,,,,,,,,,,,,,,,,,,,,,,,,
2024,FOU,3,,bluti,6-8days,,,,,,,,9,,,,,,145,,7,18.59,2.655714286,10:00,1,151,7,,10:23,,,,,,,167,7,1,,,,,,,,,,,,
2024,FOU,4,,bluti,6-8days,,,,,,,,5,,,,,,145,,3,6.62,2.206666667,10:05,0,151,3,,10:40,,,,,,,167,3,0,,,,,,,,,,,,
2024,FOU,5,,bluti,6-8days,,,,,,,,10,,,,,,131,,7,6.51,0.93,11:27,1,138,8,,11:51,,,,,,,151,8,,,,,,,,,,,,,
2024,FOU,6,,bluti,6-8days,,,,,,,,8,,,,,,138,,8,17.9,2.2375,12:09,0,145,8,,10:15,,,,,,,157,8,0,,,,,,,,,,,,
2024,FOU,7,,,6-8days,,,,,,,,,,,,,,,,,,,,,,,,,,,,,,,,,,,,,,,,,,,,,
2024,FOU,8,,bluti,6-8days,,,,,,,,7,,,,,,145,,7,24.81,3.544285714,09:43,0,145,7,,09:43,,,,,,,,0,0,,,,,,,,,,,,
2024,ALN,1,,bluti,6-8days,,,,,,,,5,,,,,,138,,4,12.82,3.205,15:50,1,146,4,,10:05,,,,,,,157,4,,,,,,,,,,,,,
2024,ALN,2,,,6-8days,,,,,,,,,,,,,,,,,,,,,,,,,,,,,,,,,,,,,,,,,,,,,
2024,ALN,3,,bluti,6-8days,,,,,,,,8,,,,,,146,,8,23.58,2.9475,09:49,0,151,7,,11:45,,,,,,,157,1,,,,,,,,,,,,,
2024,ALN,4,,,6-8days,,,,,,,,,,,,,,,,,,,,,,,,,,,,,,,,,,,,,,,,,,,,,
2024,ALN,5,,,6-8days,,,,,,,,,,,,,,,,,,,,,,,,,,,,,,,,,,,,,,,,,,,,,
2024,ALN,6,,,6-8days,,,,,,,,,,,,,,,,,,,,,,,,,,,,,,,,,,,,,,,,,,,,,
2024,ALN,7,,,6-8days,,,,,,,,,,,,,,,,,,,,,,,,,,,,,,,,,,,,,,,,,,,,,
2024,ALN,8,,bluti,6-8days,,,,,,,,10,,,,,,151,,9,31.28,3.475555556,11:44,1,157,8,,08:16,,,,,,,167,5,1,,,,,,,,,,,,
2024,DEL,1,,bluti,6-8days,,,,,,,,7,,,,,,138,,6,33.38,5.563333333,12:27,0,138,6,,12:27,,,,,,,,6,,,,,,,,,,,,,
2024,DEL,2,,,6-8days,,,,,,,,,,,,,,,,,,,,,,,,,,,,,,,,,,,,,,,,,,,,,
2024,DEL,3,,bluti,6-8days,,,,,,,,8,,,,,,145,,6,9.32,1.553333333,11:16,1,151,6,,16:15,,,,,,,167,3,,,,,,,,,,,,,
2024,DEL,4,,bluti,6-8days,,,,,,,,8,,,,,,138,,7,19.76,2.822857143,12:38,0,145,6,,11:19,,,,,,,,1,,,,,,,,,,,,,
2024,DEL,5,,,6-8days,,,,,,,,,,,,,,,,,,,,,,,,,,,,,,,,,,,,,,,,,,,,,
2024,DEL,6,,bluti,6-8days,,,,,,,,8,,,,,,145,,8,21.99,2.74875,11:51,0,151,8,,16:32,,,,,,,167,4,,,,,,,,,,,,,
2024,DEL,7,,,6-8days,,,,,,,,,,,,,,,,,,,,,,,,,,,,,,,,,,,,,,,,,,,,,
2024,DEL,8,,bluti,6-8days,,,,,,,,11,,,,,,145,,9,45.34,5.037777778,11:57,0,151,5,,16:23,,,,,,,,0,,,,,,,,,,,,,
2024,TAI,1,,bluti,6-8days,,,,,,,,7,,,,,,145,,7,35.05,5.007142857,12:59,0,151,6,,15:01,,,,,,,167,4,0,,,,,,,,,,,,
2024,TAI,2,,bluti,6-8days,,,,,,,,9,,,,,,145,,8,18.57,2.32125,13:01,0,151,7,,15:12,,,,,,,167,4,,,,,,,,,,,,,
2024,TAI,3,,bluti,6-8days,,,,,,,,6,,,,,,138,,5,12.07,2.414,13:11,1,145,5,,13:03,,,,,,,157,5,,,,,,,,,,,,,
2024,TAI,4,,bluti,6-8days,,,,,,,,6,,,,,,151,,6,43.62,7.27,14:34,0,151,6,,14:34,,,,,,,,0,,,,,,,,,,,,,
2024,TAI,5,,bluti,6-8days,,,,,,,,8,,,,,,151,,6,24.39,4.065,14:41,0,157,5,,14:09,,,,,,,167,1,1,,,,,,,,,,,,
2024,TAI,6,,bluti,6-8days,,,,,,,,6,,,,,,138,,6,12.24,2.04,13:06,0,145,6,,12:37,,,,,,,157,5,,,,,,,,,,,,,
2024,OSP,1,,,6-8days,,,,,,,,,,,,,,,,,,,,,,,,,,,,,,,,,,,,,,,,,,,,,
2024,OSP,2,,coati,6-8days,,,,,,,,,,,,,,,,,,,,,,,,,,,,,,,,,,,,,,,,,,,,,
2024,OSP,3,,bluti,6-8days,,,,,,,,8,,,,,,146,,5,10.49,2.098,11:30,3,151,5,,13:11,,,,,,,,0,1,,,,,,,,,,,,
2024,OSP,4,,bluti,6-8days,,,,,,,,7,,,,,,146,,6,10.12,1.686666667,11:28,1,151,6,,13:17,,,,,,,167,4,1,,,,,,,,,,,,
2024,OSP,5,,bluti,6-8days,,,,,,,,8,,,,,,146,,6,21,3.5,11:22,2,151,6,,13:20,,,,,,,167,4,2,,,,,,,,,,,,
2024,OSP,6,,bluti,6-8days,,,,,,,,8,,,,,,151,,5,20.37,4.074,13:24,2,157,5,,11:34,,,,,,,,0,1,,,,,,,,,,,,
2024,OSP,7,,,6-8days,,,,,,,,,,,,,,,,,,,,,,,,,,,,,,,,,,,,,,,,,,,,,
2024,OSP,8,,bluti,6-8days,,,,,,,,8,,,,,,151,,1,0.84,0.84,13:27,1,157,6,,11:48,,,,,,,,0,1,,,,,,,,,,,,
2024,SPD,1,,bluti,6-8days,,,,,,,,7,,,,,,151,,7,25.77,3.681428571,12:46,0,157,6,,09:38,,,,,,,,-999,,,pine marten,,,,,,,,,,
2024,SPD,2,,,6-8days,,,,,,,,,,,,,,,,,,,,,,,,,,,,,,,,,,,,,,,,,,,,,
2024,SPD,3,,bluti,6-8days,,,,,,,,9,,,,,,151,,9,31.18,3.464444444,12:49,0,157,9,,09:54,,,,,,,,-999,,,pine marten,,,,,,,,,,
2024,SPD,4,,bluti,6-8days,,,,,,,,10,,,,,,151,,9,30.16,3.351111111,12:45,,,,,,,,,,,,,-999,,,pine marten,,,,,,,,,,
2024,SPD,5,,,6-8days,,,,,,,,,,,,,,,,,,,,,,,,,,,,,,,,,,,,,,,,,,,,,
2024,SPD,6,,bluti,6-8days,,,,,,,,10,,,,,,146,,1,0.84,0.84,11:06,2,151,7,,12:34,,,,,,,,-999,,,pine marten,,,,,,,,,,
2024,SPD,8,,bluti,6-8days,,,,,,,,11,,,,,,151,,9,19.89,2.21,12:41,1,157,8,,09:10,,,,,,,,-999,,,pine marten,,,,,,,,,,
2024,DOR,1,,bluti,6-8days,,,,,,,,8,,,,,,151,,4,4.15,1.0375,13:56,0,151,4,,12:16,,,,,,,,0,0,,,,,,,,,,,,
2024,DOR,2,,bluti,6-8days,,,,,,,,8,,,,,,138,,3,5.13,1.71,13:49,3,145,3,,13:53,,,,,,,167,3,0,,,,,,,,,,,,
2024,DOR,3,,bluti,6-8days,,,,,,,,9,,,,,,138,,5,4.73,0.946,13:59,0,145,9,,14:12,,,,,,,,0,,,,,,,,,,,,,
2024,DOR,4,,,6-8days,,,,,,,,,,,,,,,,,,,,,,,,,,,,,,,,,,,,,,,,,,,,,
2024,DOR,5,,bluti,6-8days,,,,,,,,10,,,,,,145,,6,6.72,1.12,13:47,0,151,5,,14:01,,,,,,,,0,0,,,,,,,,,,,,
2024,DOR,6,,bluti,6-8days,,,,,,,,8,,,,,,151,,8,31.52,3.94,13:49,0,151,8,,13:49,,,,,,,,0,,,,,,,,,,,,,
2025,EDI,1,,bluti,,,92,96,,,101,,8,,120,,,,134,0,4,6.31,1.58,16:22,4,140,4,,13:56,,146,4,,16:49,,156,4,1,S921907 breeding in EDI 1 for the 8th season in a row.,,,,,,,,,,,
2025,EDI,2,,bluti,,,96,104,,,109,,11,,116,,,,130,0,6,7.16,1.19,15:50,1,136,8,,15:25,,142,8,,13:09,,150,8,1,,,,,,,,,,,,
2025,EDI,3,,bluti,,,92,100,,,111,,7,,116,,,,132,0,7,7.4,1.06,15:40,0,138,0,,17:11,,,,,,,,0,0,,,,,,,,,,,,
2025,EDI,4,,bluti,,,92,100,,,110,,8,,118,,,,148,0,3,4.02,1.34,17:58,9,154,4,,16:35,,160,4,,16:00,,168,4,6,likely a relay at some point,,,,,,,1,,,,
2025,EDI,5,,bluti,,,92,102,,,107,,9,,114,,,,128,0,7,8.27,1.18,17:18,0,134,8,,16:34,,140,8,,14:08,,148,8,0,,,,,,,,,,,,
2025,EDI,6,,bluti,,,92,96,,,104,,8,,114,,,,128,0,8,13.84,1.73,17:16,0,134,8,,16:51,,140,5,,14:19,,148,5,0,,,,,,,,,,,,
2025,EDI,7,,bluti,,,92,98,,,109,,7,,114,,,,128,0,6,8.47,1.41,17:13,0,134,6,,16:36,,,,,,,,0,0,,,,,,,,,,,,
2025,EDI,8,,bluti,,,96,104,,,107,,9,,116,,,,128,0,3,3.11,1.04,17:09,1,134,3,,16:30,,140,0,,,,,0,1,,,,,,,,,,,,
2025,RSY,1,,,,,93,105,,,108,,,,,,,,,,,,,,,,,,,,,,,,,,,6,abandoned during laying.,,,,,,,,,1,,
2025,RSY,2,,bluti,,,97,108,,,108,,8,,117,,,,129,0,7,6.56,0.94,08:37,0,135,8,,07:37,,141,8,,07:23,,149,8,0,,,,,,,,,,,,
2025,RSY,3,,bluti,,,91,99,,,105,,10,,117,,,,129,0,9,9.77,1.09,08:41,0,135,10,,07:58,,141,9,,07:13,,149,2,0,likely mistakenly recorded as 8 eggs on 119,,,,,,,,,,,
2025,RSY,4,,,,,,,,,,,,,,,,,,,,,,,,,,,,,,,,,,,,,,,,,,,,,,,,
2025,RSY,5,,,,,,,,,,,,,,,,,,,,,,,,,,,,,,,,,,,,,,,,,,,,,,,,
2025,RSY,6,,,,,,,,,,,,,,,,,,,,,,,,,,,,,,,,,,,,,,,,,,,,,,,,
2025,RSY,7,,bluti,,,99,107,,,113,,7,,121,,,,133,0,3,2.82,0.94,07:50,0,139,7,,07:54,,145,7,,07:55,,153,7,0,,,,,,,,,,,,
2025,RSY,8,,,,,,,,,,,,,,,,,,,,,,,,,,,,,,,,,,,,,,,,,,,,,,,,
2025,FOF,1,,bluti,,,99,115,,,119,,7,,127,,,,139,0,3,2.75,0.92,09:50,0,145,7,,08:30,,151,7,,08:56,,163,7,0,,,,,,,,,,1,,
2025,FOF,2,,,,,103,,,,,,,,,,,,,,,,,,,,,,,,,,,,,,,,,,,,,,,,,,,
2025,FOF,3,,,,,,,,,,,,,,,,,,,,,,,,,,,,,,,,,,,,,,,,,,,,,,,,
2025,FOF,4,,bluti,,,93,99,,,107,,9,,115,,,,129,0,9,14.43,1.6,09:15,0,135,9,,10:00,,141,9,,08:37,,149,9,0,,,,,,,,,,,,
2025,FOF,5,,bluti,,,93,107,,,113,,9,,121,,,,133,0,4,3.72,0.93,08:22,0,139,6,,09:16,,145,6,,08:42,,155,6,0,,,,,,,,,,,,
2025,FOF,6,,bluti,,,93,103,,,113,,9,,121,,,,133,0,4,3.45,0.86,08:19,0,139,8,,09:14,,145,8,,08:29,,155,7,0,"all alive on v1, but all very small so not ringed or processed",,,,,,,,,,,
2025,FOF,7,,bluti,,,91,101,,,109,,10,,119,,,,131,0,8,9.61,1.2,08:33,0,137,10,,08:34,,143,10,,08:59,,151,10,0,,,,,,,,,,,,
2025,FOF,8,,,,,,,,,,,,,,,,,,,,,,,,,,,,,,,,,,,,,,,,,,,,,,,,
2025,BAD,1,,bluti,6 days,,96,102,,,109,,10,,120,,,,131,0,6,6.12,1.02,09:13,0,138,10,,15:51,,144,10,,17:48,,150,10,0,"road closure, so BAD done on 131 instead of 132",,,,,,,,,,,
2025,BAD,2,,,6 days,,,,,,,,,,,,,,,,,,,,,,,,,,,,,,,,,,,,,,,,,,,,,
2025,BAD,3,,bluti,6 days,,96,96,,,111,,9,,120,,,,138,0,8,52.49,6.56,16:15,0,138,8,,16:15,,144,8,,17:26,,156,8,1,"road closure, so BAD done on 131 instead of 132",,,,,,,,,,,
2025,BAD,4,,bluti,6 days,,102,108,,,113,,8,,120,,,,138,0,7,38.37,5.48,16:02,1,138,7,,16:02,,144,7,,18:07,,156,7,1,"road closure, so BAD done on 131 instead of 132",,,,,,,,,,,
2025,BAD,5,,,6 days,,,,,,,,,,,,,,,,,,,,,,,,,,,,,,,,,,,,,,,,,,,,,
2025,BAD,6,,bluti,6 days,,114,120,,,117,,10,,131,,,,144,0,10,55.75,5.58,17:23,0,144,10,,17:23,,,,,,,159,7,0,"road closure, so BAD done on 131 instead of 132",,,,,,,,,,,
2025,LVN,1,,bluti,,,91,93,,,102,,10,,119,,,,129,0,10,13.51,1.35,09:48,0,135,10,,09:18,,141,10,,09:11,,149,10,0,,,,,,,,,,,,
2025,LVN,2,,,,,91,101,,,,,,,,,,,,,,,,,,,,,,,,,,,,,,,,,,,,,,,,,,
2025,LVN,3,,bluti,,,91,99,,,111,,7,,119,,,,133,0,7,8.42,1.21,09:01,0,139,7,,11:10,,145,7,,09:57,,155,7,0,"road closure, so LVN done on 132 instead of 131",,,,,,,,,,,
2025,LVN,4,,,,,107,,,,,,,,,,,,,,,,,,,,,,,,,,,,,,,,,,,,,,,,,,,
2025,LVN,5,,bluti,,,91,101,,,111,,8,,119,,,,132,0,7,10.46,1.49,13:53,1,137,7,,09:23,,145,7,,10:32,,151,7,0,"road closure, so LVN done on 132 instead of 131. v2 missed on 143, so done on 145 instead.",,,,,,,,,,,
2025,LVN,6,,bluti,,,93,101,,,105,,7,,115,,,,129,0,6,11.92,1.99,09:50,1,135,6,,09:30,,141,6,,08:17,,147,6,1,likely mistakenly recorded as cold on 119,,,,,,,,,,,
2025,LVN,7,,bluti,,,91,97,,,103,,12,,121,,,,133,0,9,8.73,0.97,08:57,0,139,12,,11:12,,145,12,,09:33,,153,12,0,"road closure, so LVN done on 132 instead of 131",,,,,,,,,,,
2025,LVN,8,,,,,,,,,,,,,,,,,,,,,,,,,,,,,,,,,,,,,,,,,,,,,,,,
2025,DOW,1,,,,,,,,,,,,,,,,,,,,,,,,,,,,,,,,,,,,,,,,,,,,,,,,
2025,DOW,2,,,,,,,,,,,,,,,,,,,,,,,,,,,,,,,,,,,,,,,,,,,,,,,,
2025,DOW,3,,,,,98,114,,,,,,,,,,,,,,,,,,,,,,,,,,,,,,,,,,,,,,,,,,
2025,DOW,4,,bluti,,,112,120,,,120,,8,,126,,,,140,0,6,6.85,1.14,16:32,0,146,7,,15:33,,154,1,,15:50,,,0,0,"likely mistakenly recorded as 0 eggs on 122 and 124. On 122 nest cup was packed with material and looked like a possibility for a relay, but eggs were presumably buried deep.",,,,,,,,,,,
2025,DOW,5,,,,,,,,,,,,,,,,,,,,,,,,,,,,,,,,,,,,,,,,,,,,,,,,
2025,DOW,6,,bluti,,,92,94,,,102,,8,,114,,,,128,0,6,6.84,1.14,16:21,1,134,5,,15:34,,140,5,,16:16,,148,5,1,6c + 1 broken egg on 112,,,,,,,,,1,,
2025,DOW,7,,bluti,,,92,94,,,106,,8,,116,,,,128,0,5,6.65,1.33,16:26,1,134,7,,15:38,,140,7,,16:06,,148,7,1,,,,,,,,,,,,
2025,DOW,8,,bluti,,,106,112,,,113,,11,,122,,,,136,0,10,13.4,1.34,16:33,0,142,11,,16:51,,148,11,,16:47,,154,11,0,,,,,,,,,,,,
2025,GLF,1,,,,,94,,,,,,,,,,,,,,,,,,,,,,,,,,,,,,,,,,,,,,,,,,,
2025,GLF,2,,bluti,,,98,104,,,107,,10,,116,,,,128,0,6,6.98,1.16,15:42,0,134,10,,14:27,,140,10,,17:31,,148,10,0,,,,,,,,,,,,
2025,GLF,3,,bluti,,,102,104,,,114,,11,,124,,,,138,0,9,16.12,1.79,13:52,0,144,10,,15:38,,150,10,,14:37,,156,10,0,,,,,,,,,,,,
2025,GLF,4,,,,,,,,,,,,,,,,,,,,,,,,,,,,,,,,,,,,,,,,,,,,,,,,
2025,GLF,5,,bluti,,,106,116,,,124,,8,,134,,,,148,0,1,1.34,1.34,16:00,4,154,2,,15:05,,160,2,,13:27,,168,2,0,,,,,,,,,,,,
2025,GLF,6,,bluti,,,92,98,,,105,,8,,112,,,,128,0,7,12.79,1.83,15:42,0,134,7,,14:24,,140,7,,18:30,,146,7,0,,,,,,,,,,,,
2025,GLF,7,,bluti,,,92,102,,,115,,9,,120,,,,134,0,5,5.38,1.08,14:48,0,140,9,,17:59,,146,9,,14:45,,156,9,0,,,,,,,,,,,,
2025,GLF,8,,,,,,,,,,,,,,,,,,,,,,,,,,,,,,,,,,,,,,,,,,,,,,,,
2025,SER,1,,bluti,,,92,104,,,107,,8,,116,,,,130,0,8,13,1.63,13:28,0,136,8,,14:27,,142,8,,14:42,,150,8,0,,,,,,,,,,,,
2025,SER,2,,bluti,,,92,98,,,107,,9,,116,,,,130,0,8,8.05,1.01,13:38,0,136,9,,14:50,,142,9,,15:17,,150,9,0,,,,,,,,,,,,
2025,SER,3,,bluti,,,92,100,,,104,,9,,116,,,,130,0,5,4.61,0.92,13:31,2,136,6,,15:23,,142,6,,14:57,,152,6,1,,,,,,,,,,,,
2025,SER,4,,bluti,,,94,100,,,112,,9,,120,,,,132,0,2,1.92,0.96,12:39,0,138,9,,12:47,,144,9,,14:51,,154,9,0,,,,,,,,,,,,
2025,SER,5,,bluti,,,92,,,,110,,9,,118,,,,132,0,5,5.53,1.11,12:36,0,138,9,,12:26,,144,9,,14:46,,150,9,0,nest complete but not lined,,,,,,,,,,,
2025,SER,6,,bluti,,,92,100,,,111,,11,,120,,,,134,0,10,14.51,1.45,13:32,0,140,11,,16:40,,146,11,,13:39,,154,11,0,,,,,,,,,,,,
2025,SER,7,,bluti,,,92,92,,,101,,10,,112,,,,126,0,6,9.35,1.56,12:25,2,132,7,,12:25,,138,7,,12:25,,144,7,2,,,,,,,,,,,,
2025,SER,8,,bluti,,,92,92,,,110,,8,,120,,,,132,0,6,7.63,1.27,12:42,2,138,5,,12:40,,144,5,,15:10,,150,5,1,,,,,,,,,,,,
2025,MCH,1,,,,,,,,,,,,,,,,,,,,,,,,,,,,,,,,,,,,,,,,,,,,,,,,
2025,MCH,2,,,,,,,,,,,,,,,,,,,,,,,,,,,,,,,,,,,,,wasp nest in box,,,,,,,,,,,
2025,MCH,3,,bluti,,,91,97,,,106,,9,,121,,,,131,0,9,13.59,1.51,10:47,0,137,8,,10:30,,143,8,,12:13,,149,8,0,,,,,,,,,,,,
2025,MCH,4,,bluti,,,91,103,,,108,,11,,119,,,,131,0,7,7.04,1.01,10:52,1,137,10,,10:44,,143,9,,12:47,,153,9,1,,,,,,,,,,,,
2025,MCH,5,,,,,99,,,,,,,,,,,,,,,,,,,,,,,,,,,,,,,,wasp nest in box from 109,,,,,,,,,,,
2025,MCH,6,,bluti,,,93,99,,,104,,10,,115,,,,127,0,10,13.76,1.38,09:25,0,133,10,,09:47,,139,10,,12:30,,147,10,1,,,,,,,,,,,,
2025,PTH,1,,bluti,,,91,99,,,107,,9,,115,,,,129,0,7,9,1.29,11:45,2,135,0,,12:43,,,,,,,,0,0,,,,,,,,,,,,
2025,PTH,2,,bluti,,,93,101,,,104,,9,,113,,,,125,0,7,6.27,0.9,11:29,2,131,0,,12:26,,,,,,,,0,2,hatchlings alive on 125 but very cold and lethargic,,,,,,,,,,,
2025,PTH,3,,bluti,,,91,91,,,105,,8,,113,,,,125,0,6,5.56,0.93,11:23,0,131,8,,12:41,,,,,,,,0,0,,,,,,,,,,,,
2025,PTH,4,,bluti,,,91,93,,,99,,10,,109,,,,123,0,10,16.43,1.64,11:55,0,129,10,,11:58,,135,10,,12:28,,143,10,0,"eggs unhatched, but number not recorded on 121",,,,,,,,,,,
2025,PTH,5,,,,,,,,,,,,,,,,,,,,,,,,,,,,,,,,,,,,,,,,,,,,,,,,
2025,PTH,6,,bluti,,,91,95,,,103,,10,,111,,,,123,0,2,1.93,0.97,11:50,0,129,7,,11:42,,135,7,,13:01,,143,7,,"eggs unhatched, but number not recorded on 121",,,,,,,,,,,
2025,PTH,7,,bluti,,,91,91,,,99,,11,,113,,,,125,0,8,10.92,1.37,11:34,2,131,9,,11:56,,137,9,,13:03,,145,9,2,,,,,,,,,,,,
2025,PTH,8,,bluti,,,91,91,,,101,,7,,109,,,,121,0,5,5.54,1.11,11:23,0,127,6,,10:24,,133,5,,12:41,,141,5,0,,,,,,,,,,,,
2025,STY,1,,,,,,,,,,,,,,,,,,,,,,,,,,,,,,,,,,,,,wasp nest in box from 110,,,,,,,,,,,
2025,STY,2,,bluti,,,92,96,,,101,,9,,112,,,,124,0,2,2,1,12:04,0,130,9,,11:50,,136,9,,11:27,,143,9,0,,,,,,,,,,,,
2025,STY,3,,bluti,,,92,102,,,108,,9,,116,,,,128,0,3,3.17,1.06,14:32,0,134,8,,12:34,,140,8,,14:16,,150,8,1,,,,,,,,,,,,
2025,STY,4,,,,,,,,,,,,,,,,,,,,,,,,,,,,,,,,,,,,,,,,,,,,,,,,
2025,STY,5,,bluti,,,92,96,,,102,,11,,112,,,,126,0,8,9.5,1.19,11:31,0,132,9,,11:04,,138,9,,10:38,,146,9,1,,,,,,,,,,,,
2025,STY,6,,bluti,,,92,98,,,101,,7,,112,,,,124,1,3,1.2,0.4,12:10,0,130,4,,12:08,,136,4,,12:55,,143,4,0,,,,,,,,,,,,
2025,STY,7,,,,,98,,,,,,,,,,,,,,,,,,,,,,,,,,,,,,,,,,,,,,,,,,,
2025,STY,8,,bluti,,,96,102,,,102,,12,,114,,,,128,0,12,19.18,1.6,14:27,0,134,11,,11:42,,140,11,,13:56,,148,11,0,likely mistakenly observed as 0 eggs on 104,,,,,,,,,,,
2025,BIR,1,,,,,91,,,,,,,,,,,,,,,,,,,,,,,,,,,,,,,,,,,,,,,,,,,
2025,BIR,2,,bluti,,,91,111,,,113,,11,,123,,,,135,0,6,5.72,0.95,14:11,0,141,10,,12:44,,,,,,,153,1,0,"very likely a lone female. She was caught on three separate visits, with no sign of a male.",,,,,,,,,,,
2025,BIR,3,,,,,,,,,,,,,,,,,,,,,,,,,,,,,147,10,,12:51,,,,,,,,,,,,,,,,
2025,BIR,4,,,,,,,,,,,,,,,,,,,,,,,,,,,,,,,,,,,,,,,,,,,,,,,,
2025,BIR,5,,,,,,,,,,,,,,,,,,,,,,,,,,,,,,,,,,,,,,,,,,,,,,,,
2025,BIR,6,,coati,,,101,103,,,111,,,,,,,,,,,,,,,,,,,,,,,,,,,,10 pulli ringed by RST on 139 - all fledged,,,,,,,,,¤,,
2025,BIR,7,,,,,,,,,,,,,,,,,,,,,,,,,,,,,,,,,,,,,,,,,,,,,,,,
2025,BIR,8,,,,,,,,,,,,,,,,,,,,,,,,,,,,,,,,,,,,,,,,,,,,,,,,
2025,DUN,1,,,6 days,,94,,,,,,,,,,,,,,,,,,,,,,,,,,,,,,,,,,,,,,,,,,,
2025,DUN,2,,,6 days,,,,,,,,,,,,,,,,,,,,,,,,,,,,,,,,,,,,,,,,,,,,,
2025,DUN,3,,bluti,6 days,,94,118,,,125,,6,,130,,,,148,0,6,32.23,5.37,12:32,0,148,6,,12:32,,,,,,,168,3,0,,,,,,,,,,,,
2025,DUN,4,,,6 days,,,,,,,,,,,,,,,,,,,,,,,,,,,,,,,,,,,,,,,,,,,,,
2025,DUN,5,,bluti,6 days,,106,118,,,118,,8,,130,,,,142,0,8,33.88,4.24,13:10,0,142,8,,13:10,,150,7,,12:08,,160,1,0,2 unringed on v1. (assigned weight of 2.5g each to allow average weight on hatch day to be calculated),,,,,,,,,,,
2025,DUN,6,,,6 days,,,,,,,,,,,,,,,,,,,,,,,,,,,,,,,,,,,,,,,,,,,,,
2025,DUN,7,,,6 days,,112,,,,,,,,,,,,,,,,,,,,,,,,,,,,,,,,,,,,,,,,,,,
2025,DUN,8,,,6 days,,,,,,,,,,,,,,,,,,,,,,,,,,,,,,,,,,,,,,,,,,,,,
2025,BLG,1,,bluti,,,91,95,,,102,,11,,115,,,,129,0,11,16.54,1.5,14:00,0,135,11,,14:50,,141,11,,15:49,,149,11,0,,,,,,,,,,,,
2025,BLG,2,,bluti,,,91,103,,,114,,11,,121,,,,135,0,7,8.37,1.2,15:02,0,141,11,,14:47,,147,11,,10:25,,159,11,0,,,,,,,,,,,,
2025,BLG,3,,bluti,,,91,99,,,109,,6,,115,,,,127,0,1,0.93,0.93,11:37,0,133,5,,14:19,,139,5,,15:19,,147,5,0,,,,,,,,,,,,
2025,BLG,4,,bluti,,,91,93,,,100,,13,,121,,,,135,0,1,0.89,0.89,15:06,3,141,10,,14:25,,147,9,,14:25,,155,9,1,1 unringed on v1.,,,,,,,,,1,,
2025,BLG,5,,bluti,,,91,101,,,113,,10,,121,,,,135,0,3,3.21,1.07,15:11,7,141,4,,14:02,,147,3,,14:17,,155,3,2,likely mistakenly recorded as 4c on 119,,,,,,,,,,,
2025,BLG,6,,,,,,,,,,,,,,,,,,,,,,,,,,,,,,,,,,,,,,,,,,,,,,,,
2025,BLG,7,,bluti,,,103,107,,,112,,8,,119,,,,133,0,8,13,1.63,14:17,0,140,8,,11:55,,145,8,,14:11,,153,8,0,ringed on D route on 140.,,,,,,,,,,,
2025,BLG,8,,bluti,,,99,103,,,106,,8,,115,,,,129,0,4,3.87,0.97,14:00,2,135,6,,14:41,,141,6,,14:49,,149,6,1,,,,,,,,,,,,
2025,PIT,1,,bluti,,,96,103,,,103,,11,,118,,,,130,0,7,6.29,0.9,10:34,1,136,10,,09:56,,142,10,,12:15,,150,10,1,,,,,,,,,,,,
2025,PIT,2,,bluti,,,94,104,,,110,,11,,120,,,,132,0,7,5.97,0.85,10:09,0,138,11,,08:36,,144,11,,11:05,,152,11,0,,,,,,,,,,,,
2025,PIT,3,,,,,,,,,,,,,,,,,,,,,,,,,,,,,,,,,,,,,,,,,,,,,,,,
2025,PIT,4,,bluti,,,106,,,,114,,,,,,,,,,,,,,,,,,,,,,,,,,,,abandoned during laying. Nest was never lined.,,,,,,,,,,,
2025,PIT,5,,bluti,,,96,104,,,108,,12,,120,,,,134,0,12,18.33,1.53,10:31,0,140,12,,12:16,,146,11,,11:21,,152,10,0,,,,,,,,,,,,
2025,PIT,6,,bluti,,,92,102,,,106,,9,,118,,,,130,0,6,5.58,0.93,10:39,0,136,9,,10:00,,142,9,,12:17,,150,9,0,4c + 1 broken egg on 110,,,,,,,,,1,,
2025,PIT,7,,bluti,,,100,104,,,106,,12,,118,,,,132,0,10,12.23,1.22,10:10,1,138,10,,08:50,,144,10,,11:45,,150,10,1,,,,,,,,,,,,
2025,PIT,8,,,,,,,,,,,,,,,,,,,,,,,,,,,,,,,,,,,,,,,,,,,,,,,,
2025,KCK,1,,bluti,,,92,110,,,116,,10,,128,,,,138,0,5,5.05,1.01,08:00,0,144,10,,09:20,,150,10,,10:14,,160,10,0,,,,,,,,,,,,
2025,KCK,2,,,,,,,,,,,,,,,,,,,,,,,,,,,,,,,,,,,,,,,,,,,,,,,,
2025,KCK,3,,bluti,,,92,102,,,113,,8,,120,,,,134,0,6,9.07,1.51,09:43,1,140,7,,10:32,,146,7,,10:44,,154,7,1,,,,,,,,,,,,
2025,KCK,4,,,,,132,,,,,,,,,,,,,,,,,,,,,,,,,,,,,,,,,,,,,,,,,,,
2025,KCK,5,,bluti,,,92,108,,,110,,11,,126,,,,136,0,11,19.6,1.78,09:22,0,142,9,,10:30,,148,9,,11:09,,154,9,0,,,,,,,,,,,,
2025,KCK,6,,,,,,,,,,,,,,,,,,,,,,,,,,,,,,,,,,,,,,,,,,,,,,,,
2025,KCK,7,,,,,,,,,,,,,,,,,,,,,,,,,,,,,,,,,,,,,,,,,,,,,,,,
2025,KCK,8,,coati,,,94,98,,,106,,8,,,,,,,,,,,,,,,,,,,,,,,,,,8 pulli ringed by RST and CC on 132 - all fledged.,,,,,,,,,,,
2025,KCZ,1,,,,,,,,,,,,,,,,,,,,,,,,,,,,,,,,,,,,,,,,,,,,,,,,
2025,KCZ,2,,,,,,,,,,,,,,,,,,,,,,,,,,,,,,,,,,,,,,,,,,,,,,,,
2025,KCZ,3,,,,,,,,,,,,,,,,,,,,,,,,,,,,,,,,,,,,,,,,,,,,,,,,
2025,KCZ,4,,,,,,,,,,,,,,,,,,,,,,,,,,,,,,,,,,,,,,,,,,,,,,,,
2025,KCZ,5,,,,,102,,,,,,,,,,,,,,,,,,,,,,,,,,,,,,,,,,,,,,,,,,,
2025,KCZ,6,,bluti,,,110,116,,,121,,7,,128,,,,142,0,7,13.04,1.86,10:23,0,148,7,,10:24,,154,7,,12:41,,160,7,0,,,,,,,,,,,,
2025,KCZ,7,,,,,,,,,,,,,,,,,,,,,,,,,,,,,,,,,,,,,,,,,,,,,,,,
2025,KCZ,8,,,,,,,,,,,,,,,,,,,,,,,,,,,,,,,,,,,,,,,,,,,,,,,,
2025,BLA,1,,,,,,,,,,,,,,,,,,,,,,,,,,,,,,,,,,,,,,,,,,,,,,,,
2025,BLA,2,,bluti,,,93,109,,,119,,7,,125,,,,141,0,4,3.9,0.98,16:33,3,147,4,,16:27,,153,4,,10:14,,163,4,2,,,,,,,,,,,,
2025,BLA,3,,,,,,,,,,,,,,,,,,,,,,,,,,,,,,,,,,,,,,,,,,,,,,,,
2025,BLA,4,,bluti,,,91,93,,,115,,6,,123,,,,137,1,4,4.82,1.21,15:54,1,143,5,,16:35,,149,5,,15:32,,159,5,1,,,,,,,,,,,,
2025,BLA,5,,,,,,,,,,,,,,,,,,,,,,,,,,,,,,,,,,,,,,,,,,,,,,,,
2025,BLA,6,,bluti,,,97,111,,,116,,9,,123,,,,139,0,9,12.37,1.37,16:40,0,145,9,,15:48,,151,9,,13:20,,159,9,0,,,,,,,,,,,,
2025,BLA,7,,bluti,,,91,109,,,115,,8,,123,,,,137,1,6,6.55,1.09,15:48,0,143,7,,16:32,,149,7,,16:06,,159,7,0,,,,,,,,,,,,
2025,BLA,8,,bluti,,,91,91,,,107,,9,,119,,,,131,1,4,3.53,0.88,14:48,0,137,0,,15:46,,,,,,,,0,0,,,,,,,,,,,,
2025,CAL,1,,bluti,,,92,104,,,106,,8,,120,,,,130,0,6,6.67,1.11,09:09,0,136,8,,08:33,,142,8,,09:40,,150,8,0,,,,,,,,,,,,
2025,CAL,2,,,,,,,,,,,,,,,,,,,,,,,,,,,,,,,,,,,,,,,,,,,,,,,,
2025,CAL,3,,,,,,,,,,,,,,,,,,,,,,,,,,,,,,,,,,,,,,,,,,,,,,,,
2025,CAL,4,,,,,102,106,,,123,,,,,,,,,,,,,,,,,,,,,,,,,,,3,abandoned during laying.,,,,,,,,,,,
2025,CAL,5,,,,,,,,,,,,,,,,,,,,,,,,,,,,,,,,,,,,,,,,,,,,,,,,
2025,CAL,6,,,,,92,,,,,,,,,,,,,,,,,,,,,,,,,,,,,,,,,,,,,,,,,,,
2025,CAL,7,,bluti,,,134,138,,,136,,,,,,,,,,,,,,,,,,,,,,,,,,,5,abandoned during laying.,,,,,,,,,,,
2025,CAL,8,,,,,92,108,,,118,,,,,,,,,,,,,,,,,,,,,,,,,,,6,abandoned during laying.,,,,,,,,,,,
2025,DNM,1,,bluti,,,103,107,,,111,,8,,117,,,,133,0,8,14.53,1.82,15:42,,,,,,,,,,,,,0,0,,,,,,,,,,,,
2025,DNM,2,,bluti,,,91,97,,,116,,,,125,,,,141,0,8,26.02,3.25,17:20,0,147,7,,16:51,,153,7,,10:42,,159,7,0,"was mistakenly recorded as hatched on 137 on sheet, so not checked on 139. weight taken on 141.",,,,,,,,,,,
2025,DNM,3,,,,,,,,,,,,,,,,,,,,,,,,,,,,,,,,,,,,,,,,,,,,,,,,
2025,DNM,4,,bluti,,,91,97,,,115,,8,,123,,,,135,0,4,3.71,0.93,16:27,0,141,8,,17:33,,147,8,,17:18,,159,8,0,,,,,,,,,,,,
2025,DNM,5,,bluti,,,91,93,,,115,,8,,121,,,,135,0,5,5.27,1.05,16:24,0,141,7,,17:18,,147,7,,17:03,,159,2,0,,,,,,,,,,,,
2025,DNM,6,,bluti,,,91,91,,,112,,11,,119,,,,133,0,5,5.48,1.1,15:45,1,139,9,,17:01,,145,8,,17:21,,,-999,0,likely depredated by pine marten,1,,,,,,,,,,
2025,DNM,7,,,,,,,,,,,,,,,,,,,,,,,,,,,,,,,,,,,,,,,,,,,,,,,,
2025,DNM,8,,,,,91,,,,,,,,,,,,,,,,,,,,,,,,,,,,,,,,,,,,,,,,,,,
2025,DNC,2,,bluti,,,101,111,,,113,,13,,123,,,,137,2,4,4.42,1.1,16:51,1,143,11,,17:45,,149,9,,17:37,,159,8,0,possibly a lone female from at least 147,,,,,,,,,,,
2025,DNC,3,,,,,97,,,,,,,,,,,,,,,,,,,,,,,,,,,,,,,,,,,,,,,,,,,
2025,DNC,4,,,,,,,,,,,,,,,,,,,,,,,,,,,,,,,,,,,,,,,,,,,,,,,,
2025,DNC,5,,bluti,,,91,103,,,110,,13,,131,,,,145,0,4,5.05,1.26,17:50,6,151,7,,15:55,,159,7,,16:45,,167,7,3,,,,,,,,,,,,
2025,DNC,6,,,,,,,,,,,,,,,,,,,,,,,,,,,,,,,,,,,,,,,,,,,,,,,,
2025,DNC,7,,coati,,,101,103,,,108,,,,,,,,,,,,,,,,,,,,,,,,,,,,ringed by RST and CC on 137 - all fledged,,,,,,,,,,,
2025,DNC,8,,,,,,,,,,,,,,,,,,,,,,,,,,,,,,,,,,,,,,,,,,,,,,,,
2025,DNC,9,,,,,93,115,,,118,,,,,,,,,,,,,,,,,,,,,,,,,,,5,possible relay on 125 - 5 eggs buried under lining with 1 egg on top. Some suggestion of 1+ broken egg,,,,,,,,,,,
2025,DNS,1,,,,,,,,,,,,,,,,,,,,,,,,,,,,,,,,,,,,,,,,,,,,,,,,
2025,DNS,2,,,,,99,,,,,,,,,,,,,,,,,,,,,,,,,,,,,,,,,,,,,,,,,,,
2025,DNS,3,,,,,,,,,,,,,,,,,,,,,,,,,,,,,,,,,,,,,no door until day 129.,,,,,,,,,,,
2025,DNS,4,,bluti,,,103,121,,,123,,10,,131,,,,145,0,9,14.48,1.61,18:17,0,151,10,,16:30,,159,5,,17:05,,167,3,0,,,,,,,,,,,,
2025,DLW,1,,bluti,6 days,,104,116,,,115,,9,,128,,,,140,0,9,10.18,1.13,08:10,0,146,4,,07:57,,,,,,,154,3,0,possibly a lone female.,,,,,,,,,,,
2025,DLW,2,,,6 days,,,,,,,,,,,,,,,,,,,,,,,,,,,,,,,,,,,,,,,,,,,,,
2025,DLW,3,,,6 days,,,,,,,,,,,,,,,,,,,,,,,,,,,,,,,,,,,,,,,,,,,,,
2025,DLW,4,,,6 days,,,,,,,,,,,,,,,,,,,,,,,,,,,,,,,,,,,,,,,,,,,,,
2025,DLW,5,,bluti,6 days,,92,104,,,107,,10,,122,,,,134,0,9,19.8,2.2,08:19,1,140,9,,08:12,,,,,,,154,9,0,,,,,,,,,,,,
2025,DLW,6,,,6 days,,,,,,,,,,,,,,,,,,,,,,,,,,,,,,,,,,,,,,,,,,,,,
2025,CRU,1,,,,,,,,,,,,,,,,,,,,,,,,,,,,,,,,,,,,,,,,,,,,,,,,
2025,CRU,2,,bluti,,,92,98,,,116,,,,128,,,,142,0,13,20.67,1.59,07:45,0,148,13,,07:44,,154,12,,10:39,,160,11,0,,,,,,,,,,,,
2025,CRU,3,,,,,,,,,,,,,,,,,,,,,,,,,,,,,,,,,,,,,,,,,,,,,,,,
2025,CRU,4,,,,,,,,,,,,,,,,,,,,,,,,,,,,,,,,,,,,,,,,,,,,,,,,
2025,CRU,5,,bluti,,,92,102,,,109,,9,,118,,,,130,0,7,11.39,1.63,08:20,0,136,9,,07:45,,142,9,,07:51,,152,9,0,,,,,,,,,,,,
2025,CRU,6,,,,,92,104,,,,,,,,,,,,,,,,,,,,,,,,,,,,,,,,,,,,,,,,,,
2025,CRU,7,,,,,,,,,,,,,,,,,,,,,,,,,,,,,,,,,,,,,,,,,,,,,,,,
2025,CRU,8,,,,,92,,,,,,,,,,,,,,,,,,,,,,,,,,,,,,,,,,,,,,,,,,,
2025,NEW,1,,,,,,,,,,,,,,,,,,,,,,,,,,,,,,,,,,,,,,,,,,,,,,,,
2025,NEW,2,,,,,,,,,,,,,,,,,,,,,,,,,,,,,,,,,,,,,,,,,,,,,,,,
2025,NEW,3,,,,,,,,,,,,,,,,,,,,,,,,,,,,,,,,,,,,,,,,,,,,,,,,
2025,NEW,4,,bluti,,,92,116,,,116,,9,,126,,,,138,0,7,7.46,1.07,06:20,1,144,8,,07:10,,150,8,,08:00,,160,8,1,,,,,,,,,,,,
2025,NEW,5,,,,,,,,,,,,,,,,,,,,,,,,,,,,,,,,,,,,,,,,,,,,,,,,
2025,NEW,6,,,,,,,,,,,,,,,,,,,,,,,,,,,,,,,,,,,,,,,,,,,,,,,,
2025,NEW,7,,bluti,,,92,102,,,112,,11,,118,,,,134,0,8,7.62,0.95,07:32,0,140,8,,06:36,,146,8,,07:09,,154,8,3,likely mistakenly recorded as cold eggs on 120.,,,,,,,,,,,
2025,NEW,8,,,,,100,,,,,,,,,,,,,,,,,,,,,,,,,,,,,,,,,,,,,,,,,,,
2025,HWP,1,,,6-8days,,,,,,,,,,,,,,,,,,,,,,,,,,,,,,,,,,,,,,,,,,,,,
2025,HWP,2,,,6-8days,,,,,,,,,,,,,,,,,,,,,,,,,,,,,,,,,,,,,,,,,,,,,
2025,HWP,3,,,6-8days,,,,,,,,,,,,,,,,,,,,,,,,,,,,,,,,,,,,,,,,,,,,,
2025,HWP,4,,bluti,6-8days,,,,117,,,,7,,122,,,,135,,3,2.98,0.993333333,19:09,2,144,5,,11:20,,,,,,,172,5,2,,,,,,,,,,,,
2025,HWP,5,,,6-8days,,,,,,,,,,,,,,,,,,,,,,,,,,,,,,,,,,,,,,,,,,,,,
2025,HWP,6,,bluti,6-8days,,,,107,,,,10,,122,,,,135,,9,66.21,7.356666667,19:15,1,135,9,,19:15,,,,,,,153,9,1,,,,,,,,,,,,
2025,HWP,7,,,6-8days,,,,,,,,,,,,,,,,,,,,,,,,,,,,,,,,,,,,,,,,,,,,,
2025,HWP,8,,,6-8days,,,,,,,,,,,,,,,,,,,,,,,,,,,,,,,,,,,,,,,,,,,,,
2025,INS,1,,,6-8days,,,,,,,,,,,,,,,,,,,,,,,,,,,,,,,,,,,,,,,,,,,,,
2025,INS,2,,bluti,6-8days,,,,115,,,,8,,122,,,,135,,7,11.57,1.652857143,16:37,0,144,8,,09:00,,,,,,,172,7,0,,,,,,,,,,,,
2025,INS,3,,,6-8days,,,,,,,,,,,,,,,,,,,,,,,,,,,,,,,,,,,,,,,,,,,,,
2025,INS,4,,bluti,6-8days,,,,108,,,,8,,122,,,,135,,7,45.74,6.534285714,16:43,1,135,7,,16:43,,,,,,,172,2,1,,,,,,,,,,,,
2025,INS,5,,,6-8days,,,,,,,,,,,,,,,,,,,,,,,,,,,,,,,,,,,,,,,,,,,,,
2025,INS,6,,,6-8days,,,,,,,,,,,,,,,,,,,,,,,,,,,,,,,,,,,,,,,,,,,,,
2025,INS,7,,,6-8days,,,,,,,,,,,,,,,,,,,,,,,,,,,,,,,,,,,,,,,,,,,,,
2025,INS,8,,bluti,6-8days,,,,112,,,,10,,122,,,,135,,9,12.25,1.361111111,16:52,0,144,10,,08:21,,,,,,,172,10,0,,,,,,,,,,,,
2025,FSH,1,,,6-8days,,,,,,,,,,,,,,,,,,,,,,,,,,,,,,,,,,,,,,,,,,,,,
2025,FSH,2,,,6-8days,,,,,,,,,,,,,,,,,,,,,,,,,,,,,,,,,,,,,,,,,,,,,
2025,FSH,3,,bluti,6-8days,,,,118,,,,8,,128,,,,144,,6,42.6,7.1,12:11,0,144,6,,12:11,,,,,,,172,6,0,,,,,,,,,,,,
2025,FSH,4,yes,bluti,6-8days,,,,115,,,,9,,128,,,,135,,4,3.81,0.9525,17:14,1,144,8,,12:45,,,,,,,172,8,0,,,,,,,,,,,,
2025,FSH,5,,,6-8days,,,,,,,,,,,,,,,,,,,,,,,,,,,,,,,,,,,,,,,,,,,,,
2025,FSH,6,,,6-8days,,,,,,,,,,,,,,,,,,,,,,,,,,,,,,,,,,,,,,,,,,,,,
2025,FSH,7,,,6-8days,,,,,,,,,,,,,,,,,,,,,,,,,,,,,,,,,,,,,,,,,,,,,
2025,FSH,8,,bluti,6-8days,,,,122,,,,10,,128,,,,144,,10,42.9,4.29,12:43,0,153,8,,12:45,,,,,,,172,6,0,,,,,,,,,,,,
2025,RTH,1,yes,bluti,6-8days,,,,112,,,,11,,122,,,,135,,10,15.96,1.596,17:29,0,144,11,,14:08,,,,,,,153,4,0,,,,,,,,,,,,
2025,RTH,2,yes,,6-8days,,,,,,,,,,,,,,,,,,,,,,,,,,,,,,,,,,,,,,,,,,,,,
2025,RTH,3,yes,,6-8days,,,,,,,,,,,,,,,,,,,,,,,,,,,,,,,,,,,,,,,,,,,,,
2025,RTH,4,yes,bluti,6-8days,,,,124,,,,8,,135,,,,144,,6,9,1.5,13:30,1,153,5,,13:46,,,,,,,172,2,1,,,,,,,,,,,,
2025,AVI,1,,,6-8days,,,,,,,,,,,,,,,,,,,,,,,,,,,,,,,,,,,,,,,,,,,,,
2025,AVI,2,,,6-8days,,,,,,,,,,,,,,,,,,,,,,,,,,,,,,,,,,,,,,,,,,,,,
2025,AVI,3,,bluti,6-8days,,,,124,,,,6,,135,,,,144,,4,10.21,2.5525,15:11,2,153,4,,14:30,,,,,,,172,4,2,,,,,,,,,,,,
2025,AVI,4,,,6-8days,,,,,,,,,,,,,,,,,,,,,,,,,,,,,,,,,,,,,,,,,,,,,
2025,AVI,5,,,6-8days,,,,,,,,,,,,,,,,,,,,,,,,,,,,,,,,,,,,,,,,,,,,,
2025,AVI,6,,bluti,6-8days,,,,116,,,,8,,128,,,,144,,8,64.59,8.07375,15:01,0,144,8,,15:01,,,,,,,172,8,0,,,,,,,,,,,,
2025,AVI,7,,,6-8days,,,,,,,,,,,,,,,,,,,,,,,,,,,,,,,,,,,,,,,,,,,,,
2025,AVI,8,,,6-8days,,,,,,,,,,,,,,,,,,,,,,,,,,,,,,,,,,,,,,,,,,,,,
2025,AVN,4,,bluti,6-8days,,,,114,,,,7,,122,,,,135,,7,17.9,2.557142857,18:21,0,144,7,,13:49,,,,,,,153,7,0,,,,,,,,,,,,
2025,AVN,5,,bluti,6-8days,,,,118,,,,9,,128,,,,144,,9,50.07,5.563333333,13:21,0,153,9,,15:21,,,,,,,172,6,0,,,,,,,,,,,,
2025,AVN,6,,bluti,6-8days,,,,110,,,,10,,122,,,,135,,10,34.57,3.457,18:18,,,,,,,,,,,,,0,,,,,,,,,,,,,
2025,AVN,7,,bluti,6-8days,,,,113,,,,7,,122,,,,135,,5,12.72,2.544,18:12,2,144,5,,13:09,,,,,,,172,4,2,,,,,,,,,,,,
2025,AVN,8,,bluti,6-8days,,,,127,,,,7,,135,,,,144,,4,3.59,0.8975,13:32,0,153,6,,15:40,,,,,,,172,6,1,,,,,,,,,,,,
2025,CAR,1,,bluti,6-8days,,,,123,,,,9,,135,,,,144,,6,7.77,1.295,12:41,1,154,3,,09:32,,,,,,,172,2,1,,,,,,,,,,,,
2025,CAR,2,,,6-8days,,,,,,,,,,,,,,,,,,,,,,,,,,,,,,,,,,,,,,,,,,,,,
2025,CAR,3,,,6-8days,,,,,,,,,,,,,,,,,,,,,,,,,,,,,,,,,,,,,,,,,,,,,
2025,CAR,4,,,6-8days,,,,,,,,,,,,,,,,,,,,,,,,,,,,,,,,,,,,,,,,,,,,,
2025,CAR,5,,,6-8days,,,,,,,,,,,,,,,,,,,,,,,,,,,,,,,,,,,,,,,,,,,,,
2025,CAR,6,,,6-8days,,,,,,,,,,,,,,,,,,,,,,,,,,,,,,,,,,,,,,,,,,,,,
2025,SLS,1,,,6-8days,,,,,,,,,,,,,,,,,,,,,,,,,,,,,,,,,,,,,,,,,,,,,
2025,SLS,2,,bluti,6-8days,,,,117,,,,7,,122,,,,136,,5,7.34,1.468,17:10,0,144,7,,07:51,,,,,,,172,7,0,,,,,,,,,,,,
2025,SLS,3,,,6-8days,,,,,,,,,,,,,,,,,,,,,,,,,,,,,,,,,,,,,,,,,,,,,
2025,SLS,4,,,6-8days,,,,,,,,,,,,,,,,,,,,,,,,,,,,,,,,,,,,,,,,,,,,,
2025,SLS,5,,,6-8days,,,,,,,,,,,,,,,,,,,,,,,,,,,,,,,,,,,,,,,,,,,,,
2025,SLS,6,,bluti,6-8days,,,,116,,,,10,,128,,,,144,,10,42.59,4.259,07:38,0,154,10,,08:28,,,,,,,172,10,0,,,,,,,,,,,,
2025,SLS,7,,,6-8days,,,,,,,,,,,,,,,,,,,,,,,,,,,,,,,,,,,,,,,,,,,,,
2025,SLS,8,,bluti,6-8days,,,,120,,,,9,,128,,,,144,,6,17.72,2.953333333,08:08,0,154,6,,08:20,,,,,,,172,6,0,,,,,,,,,,,,
2025,TOM,1,,,6-8days,,,,,,,,,,,,,,,,,,,,,,,,,,,,,,,,,,,,,,,,,,,,,
2025,TOM,2,,coati,6-8days,,,,114,,,,,,,,,,,,,,,,,,,,,,,,,,,,,,,,,,,,,,,,,
2025,TOM,3,,,6-8days,,,,,,,,,,,,,,,,,,,,,,,,,,,,,,,,,,,,,,,,,,,,,
2025,TOM,4,,,6-8days,,,,,,,,,,,,,,,,,,,,,,,,,,,,,,,,,,,,,,,,,,,,,
2025,TOM,5,,,6-8days,,,,,,,,,,,,,,,,,,,,,,,,,,,,,,,,,,,,,,,,,,,,,
2025,TOM,6,,,6-8days,,,,,,,,,,,,,,,,,,,,,,,,,,,,,,,,,,,,,,,,,,,,,
2025,TOM,7,,,6-8days,,,,,,,,,,,,,,,,,,,,,,,,,,,,,,,,,,,,,,,,,,,,,
2025,TOM,8,,,6-8days,,,,,,,,,,,,,,,,,,,,,,,,,,,,,,,,,,,,,,,,,,,,,
2025,ART,1,,bluti,6-8days,,,,107,,,,8,,122,,,,136,,6,10.96,1.826666667,07:11,2,143,6,,10:09,,,,,,,,6,,,,,,,,,,,,,
2025,ART,2,,,6-8days,,,,,,,,,,,,,,,,,,,,,,,,,,,,,,,,,,,,,,,,,,,,,
2025,ART,3,,,6-8days,,,,,,,,,,,,,,,,,,,,,,,,,,,,,,,,,,,,,,,,,,,,,
2025,ART,4,,,6-8days,,,,,,,,,,,,,,,,,,,,,,,,,,,,,,,,,,,,,,,,,,,,,
2025,ART,5,,bluti,6-8days,,,,102,,,,11,,115,,,,128,,11,25.4,2.309090909,07:11,0,136,11,,07:26,,,,,,,,10,,,,,,,,,,,,,
2025,ART,6,,,6-8days,,,,,,,,,,,,,,,,,,,,,,,,,,,,,,,,,,,,,,,,,,,,,
2025,ART,7,,,6-8days,,,,,,,,,,,,,,,,,,,,,,,,,,,,,,,,,,,,,,,,,,,,,
2025,ART,8,,bluti,6-8days,,,,101,,,,11,,115,,,,128,,10,30.24,3.024,07:13,0,136,10,,06:51,,,,,,,,10,,,,,,,,,,,,,
2025,MUN,2,yes,bluti,6-8days,,,,108,,,,7,,122,,,,136,,7,52.11,7.444285714,16:16,0,136,7,,16:16,,,,,,,,7,,,,,,,,,,,,,
2025,MUN,3,yes,,6-8days,,,,,,,,,,,,,,,,,,,,,,,,,,,,,,,,,,,,,,,,,,,,,
2025,MUN,4,yes,bluti,6-8days,,,,106,,,,9,,115,,,,128,,7,11.16,1.594285714,07:33,2,136,7,,16:04,,,,,,,,7,,,,,,,,,,,,,
2025,MUN,5,yes,greti,6-8days,,,,,,,,,,,,,,,,,,,,,,,,,,,,,,,,,,,,,,,,,,,,,
2025,MUN,6,yes,,6-8days,,,,,,,,,,,,,,,,,,,,,,,,,,,,,,,,,,,,,,,,,,,,,
2025,MUN,7,yes,bluti,6-8days,,,,104,,,,6,,108,,,,122,,2,2.44,1.22,15:04,1,128,5,,07:36,,,,,,,,5,,,,,,,,,,,,,
2025,MUN,8,yes,,6-8days,,,,,,,,,,,,,,,,,,,,,,,,,,,,,,,,,,,,,,,,,,,,,
2025,FOU,1,,,6-8days,,,,,,,,,,,,,,,,,,,,,,,,,,,,,,,,,,,,,,,,,,,,,
2025,FOU,2,,bluti,6-8days,,,,,,,,,,,,,,153,,6,14.5,2.416666667,17:04,,,,,,,,,,,,,6,,"Recorded at 6 fledged, but this is a likely maximum as no viist between hatching and fledging",,,,,,,,,,,
2025,FOU,3,,bluti,6-8days,,,,96,,,,10,,108,,,,122,,8,25,3.125,11:16,1,127,8,,16:08,,,,,,,,8,,,,,,,,,,,,,
2025,FOU,4,,bluti,6-8days,,,,99,,,,11,,108,,,,122,,9,9.81,1.09,11:39,0,127,11,,16:30,,,,,,,,11,,,,,,,,,,,,,
2025,FOU,5,,bluti,6-8days,,,,93,,,,11,,108,,,,122,,9,53.54,5.948888889,11:20,1,122,9,,11:20,,,,,,,,9,,,,,,,,,,,,,
2025,FOU,6,,,6-8days,,,,,,,,,,,,,,,,,,,,,,,,,,,,,,,,,,,,,,,,,,,,,
2025,FOU,7,,,6-8days,,,,,,,,,,,,,,,,,,,,,,,,,,,,,,,,,,,,,,,,,,,,,
2025,FOU,8,,,6-8days,,,,116,,,,,,,,,,,,,,,,,,,,,,,,,,,,,,,,,,,,,,,,,
2025,ALN,1,,,6-8days,,,,,,,,,,,,,,,,,,,,,,,,,,,,,,,,,,,,,,,,,,,,,
2025,ALN,2,,bluti,6-8days,,,,107,,,,7,,115,,,,127,,6,9.57,1.595,19:55,0,136,6,,15:02,,,,,,,,6,,,,,,,,,,,,,
2025,ALN,3,,,6-8days,,,,,,,,,,,,,,,,,,,,,,,,,,,,,,,,,,,,,,,,,,,,,
2025,ALN,4,,bluti,6-8days,,,,101,,,,9,,108,,,,122,,7,9.47,1.352857143,11:55,0,127,8,,20:00,,,,,,,,8,,,,,,,,,,,,,
2025,ALN,5,,,6-8days,,,,,,,,,,,,,,,,,,,,,,,,,,,,,,,,,,,,,,,,,,,,,
2025,ALN,6,,bluti,6-8days,,,,110,,,,8,,122,,,,136,,8,61.17,7.64625,14:51,0,136,8,,14:51,,,,,,,,8,,,,,,,,,,,,,
2025,ALN,7,,,6-8days,,,,,,,,,,,,,,,,,,,,,,,,,,,,,,,,,,,,,,,,,,,,,
2025,ALN,8,,,6-8days,,,,,,,,,,,,,,,,,,,,,,,,,,,,,,,,,,,,,,,,,,,,,
2025,DEL,1,,bluti,6-8days,,,,116,,,,7,,127,,,,144,,5,34.67,6.934,09:37,1,144,5,,09:37,,,,,,,,1,,,,,,,,,,,,,
2025,DEL,2,,bluti,6-8days,,,,96,,,,10,,108,,,,122,,10,34.48,3.448,14:13,0,127,10,,17:25,,,,,,,,10,,,,,,,,,,,,,
2025,DEL,3,,bluti,6-8days,,,,102,,,,7,,108,,,,,,,,,,,,,,,,,,,,,,,,,,,,,,,,,,,
2025,DEL,4,,bluti,6-8days,,,,114,,,,6,,122,,,,136,,6,26.68,4.446666667,10:09,0,144,6,,09:54,,,,,,,,6,,,,,,,,,,,,,
2025,DEL,5,,bluti,6-8days,,,,97,,,,11,,108,,,,122,,11,24.39,2.217272727,14:21,0,127,11,,17:00,,,,,,,,11,,,,,,,,,,,,,
2025,DEL,6,,bluti,6-8days,,,,103,,,,10,,115,,,,127,,8,19.51,2.43875,17:34,1,136,8,,09:21,,,,,,,,8,,,,,,,,,,,,,
2025,DEL,7,,bluti,6-8days,,,,105,,,,10,,122,,,,127,,7,8.03,1.147142857,17:39,0,136,9,,09:46,,,,,,,,-999,,"front off at fledge check, some may have survived",,,,,,,,,,,
2025,DEL,8,,,6-8days,,,,,,,,,,,,,,,,,,,,,,,,,,,,,,,,,,,,,,,,,,,,,
2025,TAI,1,,bluti,6-8days,,,,108,,,,8,,122,,,,136,,8,58.12,7.265,11:45,0,136,8,,11:45,,,,,,,,8,,,,,,,,,,,,,
2025,TAI,2,,,6-8days,,,,,,,,,,,,,,,,,,,,,,,,,,,,,,,,,,,,,,,,,,,,,
2025,TAI,3,,,6-8days,,,,,,,,,,,,,,,,,,,,,,,,,,,,,,,,,,,,,,,,,,,,,
2025,TAI,4,,bluti,6-8days,,,,105,,,,7,,115,,,,128,,5,7.97,1.594,18:00,2,136,5,,10:28,,,,,,,,5,,,,,,,,,,,,,
2025,TAI,5,,bluti,6-8days,,,,108,,,,8,,115,,,,128,,5,5.38,1.076,18:02,0,136,8,,10:49,,,,,,,,8,,,,,,,,,,,,,
2025,TAI,6,,bluti,6-8days,,,,99,,,,8,,108,,,,122,,8,16.21,2.02625,13:51,0,127,2,,18:00,,,,,,,,2,,,,,,,,,,,,,
2025,OSP,1,,,6-8days,,,,,,,,,,,,,,,,,,,,,,,,,,,,,,,,,,,,,,,,,,,,,
2025,OSP,2,,bluti,6-8days,,,,108,,,,9,,122,,,,136,,8,61.35,7.66875,13:08,1,136,8,,13:08,,,,,,,,8,,,,,,,,,,,,,
2025,OSP,3,,,6-8days,,,,,,,,,,,,,,,,,,,,,,,,,,,,,,,,,,,,,,,,,,,,,
2025,OSP,4,,bluti,6-8days,,,,109,,,,8,,122,,,,136,,6,41.37,6.895,13:00,2,136,6,,13:00,,,,,,,,6,,,,,,,,,,,,,
2025,OSP,5,,,6-8days,,,,,,,,,,,,,,,,,,,,,,,,,,,,,,,,,,,,,,,,,,,,,
2025,OSP,6,,bluti,6-8days,,,,121,,,,4,,127,,,,143,,4,26.16,6.54,14:37,0,143,4,,14:37,,,,,,,,4,,,,,,,,,,,,,
2025,OSP,7,,bluti,6-8days,,,,104,,,,8,,115,,,,127,,8,18.99,2.37375,18:53,0,136,2,,12:53,,,,,,,,2,,"2 chicks fledged, but may want to exclude from analyses post hatching as door was on top of box on day 136. Other chicks likely predated",,,,,,,,,,,
2025,OSP,8,,,6-8days,,,,,,,,,,,,,,,,,,,,,,,,,,,,,,,,,,,,,,,,,,,,,
2025,SPD,1,yes,bluti,6-8days,,,,116,,,,7,,122,,,,136,,7,12.7,1.814285714,13:33,0,143,6,,13:21,,,,,,,,6,,,,,,,,,,,,,
2025,SPD,2,yes,bluti,6-8days,,,,119,,,,8,,127,,,,143,,7,35.45,5.064285714,13:43,0,153,3,,18:21,,,,,,,,3,,,,,,,,,,,,,
2025,SPD,3,yes,bluti,6-8days,,,,120,,,,7,,127,,,,143,,7,21.75,3.107142857,13:47,,,,,,,,,,,,,0,,,,,,,,,,,,,
2025,SPD,4,yes,,6-8days,,,,,,,,,,,,,,,,,,,,,,,,,,,,,,,,,,,,,,,,,,,,,
2025,SPD,5,yes,,6-8days,,,,,,,,,,,,,,,,,,,,,,,,,,,,,,,,,,,,,,,,,,,,,
2025,SPD,6,yes,,6-8days,,,,,,,,,,,,,,,,,,,,,,,,,,,,,,,,,,,,,,,,,,,,,
2025,SPD,8,yes,bluti,6-8days,,,,115,,,,7,,122,,,,136,,7,14.97,2.138571429,13:30,0,143,6,,12:48,,,,,,,,6,,,,,,,,,,,,,
2025,DOR,1,,bluti,6-8days,,,,104,,,,8,,115,,,,127,,8,29.65,3.70625,18:38,0,136,8,,11:45,,,,,,,,0,,,,,,,,,,,,,
2025,DOR,2,,,6-8days,,,,,,,,,,,,,,,,,,,,,,,,,,,,,,,,,,,,,,,,,,,,,
2025,DOR,3,,,6-8days,,,,,,,,,,,,,,,,,,,,,,,,,,,,,,,,,,,,,,,,,,,,,
2025,DOR,4,,,6-8days,,,,,,,,,,,,,,,,,,,,,,,,,,,,,,,,,,,,,,,,,,,,,
2025,DOR,5,,,6-8days,,,,,,,,,,,,,,,,,,,,,,,,,,,,,,,,,,,,,,,,,,,,,
2025,DOR,6,,bluti,6-8days,,,,105,,,,8,,115,,,,127,,8,15.44,1.93,18:36,0,136,7,,12:24,,,,,,,,7,,,,,,,,,,,,,
